code,initial_capital,cash,shares,marked_nav,pnl,fees,cash_dividends,build_count,add_count,reduce_count,exit_count,unfilled_count,max_drawdown_observed,fractional_share_approximation,name,last_price,end,first_date,last_date,feature_error,late_start,stale,rights_issue_present,action_status,action_count,unexplained_gap_count,final_cash,residual_value,liquidation_complete,average_exposure,train_nav,validation_nav
000001,1000000.0,854413.7593405198,0.0,854413.7593405198,-145586.24065948022,130295.05015949004,4665.200000000001,252,91,51,252,0,0.20269929377007398,False,平安银行,11.78,2026-09-08,2016-05-26,2026-09-08,,False,False,False,ok,29,0,854413.7593405198,0.0,True,0.06695337000646151,1009906.9075051548,900213.076975277
000002,1000000.0,699542.3868214817,0.0,699542.3868214817,-300457.61317851825,94180.45217852504,0.0,238,100,56,238,2,0.39087896370946307,False,万  科Ａ,3.27,2026-09-08,2015-11-09,2026-09-08,,False,False,False,ok,33,0,699542.3868214817,0.0,True,0.05304264127527582,794551.7117040842,783547.7639040607
000003,1000000.0,1000000.0,0.0,1000000.0,0.0,0.0,0.0,0,0,0,0,0,0.0,False,PT金田A,1.0,2026-09-08,,,,True,True,False,ok,3,0,1000000.0,0.0,True,0.0,1000000.0,1000000.0
000004,1000000.0,643119.6781640713,0.0,643119.6781640713,-356880.3218359287,80341.33233593502,0.0,276,179,106,276,31,0.38222888364752083,False,国华退,0.51,2026-09-08,2015-04-08,2026-07-13,,False,True,False,ok,7,1,643119.6781640713,0.0,True,0.05504444830598661,939294.9750102235,927382.6729311501
000005,1000000.0,490304.5429055937,128600.0,597042.5429055938,-402957.45709440624,59538.505094409986,0.0,147,56,33,146,5,0.448508447490043,False,ST星源,0.83,2026-09-08,2015-05-11,2024-03-05,,False,True,False,ok,8,0,490304.5429055937,106738.0,False,0.07974147028581596,607528.1610617127,576453.9746965837
000006,1000000.0,844583.9872661397,0.0,844583.9872661397,-155416.0127338603,73037.97573386502,5328.0,206,81,44,206,0,0.20354344110036984,False,深振业Ａ,7.36,2026-09-08,2015-12-03,2026-09-08,,False,False,False,ok,30,0,844583.9872661397,0.0,True,0.03484094983389333,978378.9532248621,950366.5990714928
000007,1000000.0,712929.0927825508,0.0,712929.0927825508,-287070.90721744916,69823.21721745496,0.0,248,199,97,248,17,0.3976497944437487,False,全新好,11.68,2026-09-08,2015-01-05,2026-09-08,,False,False,False,ok,8,0,712929.0927825508,0.0,True,0.0626292739646479,683577.3824329732,680931.4121165395
000008,1000000.0,825294.6208649193,0.0,825294.6208649193,-174705.37913508073,82353.79513508498,0.0,181,87,43,181,0,0.2004813767705122,False,神州高铁,2.54,2026-09-08,2016-02-15,2026-09-08,,False,False,False,ok,11,0,825294.6208649193,0.0,True,0.04421110067307252,870225.8729931829,852996.5946985988
000009,1000000.0,986293.9431134186,0.0,986293.9431134186,-13706.056886581355,54924.907386585044,2294.0,152,72,26,152,0,0.07899710622579449,False,中国宝安,7.13,2026-09-08,2016-05-26,2026-09-08,,False,False,False,ok,23,0,986293.9431134186,0.0,True,0.025732523821961163,1028794.8276057316,1062705.976754363
000010,1000000.0,977177.4581281698,0.0,977177.4581281698,-22822.54187183024,87467.08437183489,0.0,240,126,65,240,10,0.14574321793304354,False,*ST美丽,1.78,2026-09-08,2016-05-23,2026-09-08,,False,False,False,ok,0,0,977177.4581281698,0.0,True,0.04377810523619257,1072619.8265024037,930818.0795227393
000011,1000000.0,805994.7015878992,0.0,805994.7015878992,-194005.29841210076,64064.86341210503,5208.0,192,70,49,192,1,0.20569677800039995,False,深物业A,9.49,2026-09-08,2016-05-26,2026-09-08,,False,False,False,ok,17,0,805994.7015878992,0.0,True,0.0325011759497995,907558.4301700715,896585.0904824224
000012,1000000.0,791024.3104413373,0.0,791024.3104413373,-208975.6895586627,91348.63805866987,4822.999999999999,205,66,31,205,1,0.2621860487113705,False,南  玻Ａ,3.8,2026-09-08,2016-05-26,2026-09-08,,False,False,False,ok,31,0,791024.3104413373,0.0,True,0.042245968257270755,1041598.9414389326,862652.575034304
000013,1000000.0,1000000.0,0.0,1000000.0,0.0,0.0,0.0,0,0,0,0,0,0.0,False,*ST石化A,1.0,2026-09-08,,,,True,True,False,ok,5,0,1000000.0,0.0,True,0.0,1000000.0,1000000.0
000014,1000000.0,736187.5518620345,0.0,736187.5518620345,-263812.4481379655,63083.194137969986,523.0,216,111,55,216,8,0.28949324405853233,False,沙河股份,11.05,2026-09-08,2016-05-26,2026-09-08,,False,False,False,ok,26,0,736187.5518620345,0.0,True,0.04026716410815005,751116.4493985717,792281.5126421329
000015,1000000.0,1000000.0,0.0,1000000.0,0.0,0.0,0.0,0,0,0,0,0,0.0,False,PT中浩A,1.0,2026-09-08,,,,True,True,False,ok,1,0,1000000.0,0.0,True,0.0,1000000.0,1000000.0
000016,1000000.0,937018.9865332408,0.0,937018.9865332408,-62981.013466759236,84736.08896676505,0.0,234,105,71,234,3,0.18358203524527614,False,*ST康佳A,2.46,2026-09-08,2016-04-18,2026-09-03,,False,True,False,ok,25,0,937018.9865332408,0.0,True,0.041570561148997556,1037585.5068842935,1064089.2490741545
000017,1000000.0,746269.9001526848,0.0,746269.9001526848,-253730.09984731523,64965.79134731992,0.0,217,160,86,217,6,0.3033115101588098,False,深中华A,9.4,2026-09-08,2016-04-07,2026-09-08,,False,False,False,ok,4,0,746269.9001526848,0.0,True,0.04248529337055157,949425.3377982222,817983.8717487287
000018,1000000.0,755619.0230962713,0.0,755619.0230962713,-244380.97690372868,31936.999903729997,0.0,77,62,36,77,12,0.26365925600567075,False,神城A退,0.27,2026-09-08,2015-01-05,2020-01-06,,False,True,False,ok,7,0,755619.0230962713,0.0,True,0.02334328122047026,755619.0230962713,755619.0230962713
000019,1000000.0,896864.4536762054,0.0,896864.4536762054,-103135.54632379464,67044.75732380008,3876.0,183,71,41,183,1,0.19824744265988495,False,深粮控股,7.69,2026-09-08,2015-10-08,2026-09-08,,False,False,False,ok,19,0,896864.4536762054,0.0,True,0.034406449557494424,835725.4701226421,842872.229702403
000020,1000000.0,909067.8684835135,0.0,909067.8684835135,-90932.13151648652,66262.78501648994,0.0,202,92,65,202,8,0.17091302230925282,False,深华发Ａ,13.7,2026-09-08,2016-02-19,2026-09-08,,False,False,False,ok,6,0,909067.8684835135,0.0,True,0.04168257049248003,876023.0233979713,893783.5368255979
000021,1000000.0,986709.6057455544,0.0,986709.6057455544,-13290.394254445564,61162.92775444997,2992.0,189,55,22,189,2,0.12155466406224283,False,深科技,34.99,2026-09-08,2016-05-25,2026-09-08,,False,False,False,ok,33,0,986709.6057455544,0.0,True,0.0252102061948872,1029590.6696397623,1013640.5440538129
000023,1000000.0,489686.64926201804,50100.0,575858.649262018,-424141.35073798196,71500.60973798501,296.0,203,103,40,202,14,0.44735604021919684,False,*ST深天,1.72,2026-09-08,2015-01-05,2024-07-24,,False,True,False,ok,20,0,489686.64926201804,86172.0,False,0.07532578872298865,774382.7787441821,666188.2224975729
000024,1000000.0,1000000.0,0.0,1000000.0,0.0,0.0,0.0,0,0,0,0,0,0.0,False,招商地产,1.0,2026-09-08,2015-01-05,2015-12-07,,False,True,False,ok,21,0,1000000.0,0.0,True,0.0,1000000.0,1000000.0
000025,1000000.0,676654.0084013637,0.0,676654.0084013637,-323345.99159863626,71511.24259863998,0.0,209,62,28,209,2,0.3642612208232886,False,特  力Ａ,15.59,2026-09-08,2016-05-12,2026-09-08,,False,False,False,ok,10,0,676654.0084013637,0.0,True,0.03656171624211449,844060.6815243213,762394.9671101128
000026,1000000.0,978282.101204635,0.0,978282.101204635,-21717.898795365007,59126.79309537002,19763.9798,152,57,39,152,2,0.08011026798420273,False,飞亚达,19.77,2026-09-08,2016-05-26,2026-09-08,,False,False,False,ok,28,0,978282.101204635,0.0,True,0.028652713240147676,1000039.5920507024,1021297.5766872582
000027,1000000.0,784276.9978301256,0.0,784276.9978301256,-215723.00216987438,82220.96316987998,12810.0,165,53,22,165,2,0.22203241325601167,False,深圳能源,6.36,2026-09-08,2016-05-26,2026-09-08,,False,False,False,ok,32,0,784276.9978301256,0.0,True,0.03812915035113901,882236.0112537724,803892.821645299
000028,1000000.0,736629.2572051078,0.0,736629.2572051078,-263370.74279489217,91802.36979490006,14932.4,207,54,28,207,0,0.29177057205541707,False,国药一致,20.36,2026-09-08,2016-05-19,2026-09-08,,False,False,False,ok,26,0,736629.2572051078,0.0,True,0.0545449211348873,846298.111695374,798873.9087587813
000029,1000000.0,1039979.1242766337,0.0,1039979.1242766337,39979.124276633724,45145.46772336998,11131.3,145,67,30,145,2,0.11113571774363695,False,深深房Ａ,23.0,2026-09-08,2015-01-05,2026-09-08,,False,False,False,ok,10,0,1039979.1242766337,0.0,True,0.1500978977294095,940470.740548691,970943.0447136118
000030,1000000.0,751933.5506975466,0.0,751933.5506975466,-248066.44930245343,87700.55630246009,0.0,187,88,44,187,0,0.28817426889825903,False,富奥股份,4.08,2026-09-08,2016-05-17,2026-09-08,,False,False,False,ok,15,0,751933.5506975466,0.0,True,0.046091308215494696,860467.4167017438,823421.4171951597
000031,1000000.0,826357.5268754006,0.0,826357.5268754006,-173642.47312459943,66351.39162460504,2068.0000000000005,147,53,33,147,0,0.19096581487155595,False,大悦城,2.37,2026-09-08,2015-08-17,2026-09-08,,False,False,False,ok,22,0,826357.5268754006,0.0,True,0.03316437152367589,917455.8841434831,880287.3864191493
000032,1000000.0,929033.027718275,0.0,929033.027718275,-70966.97228172503,74104.47478172992,984.0,243,87,44,243,3,0.14105773014730658,False,深桑达Ａ,14.12,2026-09-08,2015-10-13,2026-09-08,,False,False,False,ok,30,0,929033.027718275,0.0,True,0.03799846156690108,912404.7083814734,986327.7780845235
000033,1000000.0,1000000.0,0.0,1000000.0,0.0,0.0,0.0,0,0,0,0,0,0.0,False,新都退,1.7,2026-09-08,2015-04-09,2017-07-06,,False,True,False,ok,5,0,1000000.0,0.0,True,0.0,1000000.0,1000000.0
000034,1000000.0,741226.5390843647,0.0,741226.5390843647,-258773.46091563534,59031.84791563998,2006.19,240,102,39,240,3,0.25877346091563536,False,神州数码,23.45,2026-09-08,2015-01-05,2026-09-08,,False,False,False,ok,14,0,741226.5390843647,0.0,True,0.03609819709155196,821354.5872635732,781416.3334355289
000035,1000000.0,827227.1977997612,0.0,827227.1977997612,-172772.8022002388,81415.10070024495,1576.8,228,78,46,228,4,0.2781298633853399,False,中国天楹,5.03,2026-09-08,2015-03-04,2026-09-08,,False,False,False,ok,5,0,827227.1977997612,0.0,True,0.09431455731304483,780977.5683975132,783235.86770326
000036,1000000.0,599278.0468446017,0.0,599278.0468446017,-400721.95315539825,70318.91015540501,0.0,212,112,40,212,1,0.4128741613335888,False,华联控股,3.97,2026-09-08,2016-05-26,2026-09-08,,False,False,False,ok,14,0,599278.0468446017,0.0,True,0.045819255014284285,778228.6013571037,738987.2818043204
000037,1000000.0,811968.8077314454,0.0,811968.8077314454,-188031.1922685546,70653.75826856005,300.8,245,120,68,245,4,0.2064184531795329,False,深南电A,9.42,2026-09-08,2015-11-30,2026-09-08,,False,False,False,ok,15,0,811968.8077314454,0.0,True,0.04089505820438046,840255.429196263,815593.5360876389
000038,1000000.0,655040.1588270742,0.0,655040.1588270742,-344959.8411729258,53219.886672929955,950.0,161,106,63,161,19,0.34498825646080994,False,大通退,0.52,2026-09-08,2015-01-05,2023-07-11,,False,True,False,ok,6,1,655040.1588270742,0.0,True,0.05394721228152738,808321.7511061936,655040.1588270742
000039,1000000.0,888533.987310837,0.0,888533.987310837,-111466.01268916298,80295.85468916998,18833.8,189,38,27,189,1,0.18350143358766563,False,中集集团,9.39,2026-09-08,2016-05-19,2026-09-08,,False,False,False,ok,31,0,888533.987310837,0.0,True,0.035574443272272424,956230.9517143029,859848.458620055
000040,1000000.0,735174.1344218391,0.0,735174.1344218391,-264825.86557816085,72837.16357816497,219.80000000000004,203,125,72,203,7,0.27552472346094165,False,*ST旭蓝,0.49,2026-09-08,2015-01-05,2025-03-31,,False,True,False,ok,12,0,735174.1344218391,0.0,True,0.05165722935417466,810385.8811106323,833767.3049622137
000042,1000000.0,785151.9813445378,0.0,785151.9813445378,-214848.0186554622,105713.06265547006,0.0,230,77,47,230,1,0.28332895712852574,False,中洲控股,8.68,2026-09-08,2015-11-04,2026-09-08,,False,False,False,ok,28,0,785151.9813445378,0.0,True,0.05444019224092024,834952.8566264759,804018.1143826975
000045,1000000.0,839567.7602128801,0.0,839567.7602128801,-160432.2397871199,57499.32728712497,0.0,179,57,32,179,2,0.19162413162759953,False,深纺织Ａ,11.01,2026-09-08,2015-12-23,2026-09-08,,False,False,False,ok,12,0,839567.7602128801,0.0,True,0.026489311964702354,902086.5819983626,828821.0056159389
000046,1000000.0,556562.6443763778,0.0,556562.6443763778,-443437.3556236222,69650.61612362496,4695.0,172,106,47,172,12,0.44960446574692847,False,*ST泛海,0.38,2026-09-08,2015-01-05,2023-12-27,,False,True,False,ok,23,0,556562.6443763778,0.0,True,0.05717104025248816,702649.6777765629,556562.6443763778
000047,1000000.0,1000000.0,0.0,1000000.0,0.0,0.0,0.0,0,0,0,0,0,0.0,False,ST中侨,1.0,2026-09-08,,,,True,True,False,ok,3,0,1000000.0,0.0,True,0.0,1000000.0,1000000.0
000048,1000000.0,1047702.590495131,0.0,1047702.590495131,47702.59049513098,101563.31050487496,4935.0,245,118,68,245,2,0.10218883136598228,False,京基智农,21.7,2026-09-08,2015-12-14,2026-09-08,,False,False,False,ok,13,0,1047702.590495131,0.0,True,0.05441142204267405,974029.2213973734,976974.7778541495
000049,1000000.0,1000000.0,0.0,1000000.0,0.0,0.0,0.0,0,0,0,0,0,0.0,False,德赛电池,22.92,2026-09-08,2016-05-18,2026-09-08,,False,False,True,ok,21,0,1000000.0,0.0,True,0.0,1000000.0,1000000.0
000050,1000000.0,905706.7621930436,0.0,905706.7621930436,-94293.2378069564,57032.51480696002,0.0,139,24,24,139,3,0.136117540425147,False,深天马Ａ,6.6,2026-09-08,2015-11-16,2026-09-08,,False,False,False,ok,23,0,905706.7621930436,0.0,True,0.024241889384189533,1021512.048079232,927230.7086593925
000055,1000000.0,906639.2415229346,0.0,906639.2415229346,-93360.75847706536,57585.60997707,5790.0,132,48,23,132,2,0.10906397269713244,False,方大集团,3.65,2026-09-08,2016-05-26,2026-09-08,,False,False,False,ok,26,0,906639.2415229346,0.0,True,0.02562801227976197,957053.8660874926,940937.7807685235
000056,1000000.0,804474.9874772506,0.0,804474.9874772506,-195525.01252274937,78262.81052275507,2664.0,256,176,108,256,9,0.3429644567141494,False,*ST皇庭,2.35,2026-09-08,2015-12-14,2026-09-08,,False,False,False,ok,7,0,804474.9874772506,0.0,True,0.05699176005735357,835395.9091353843,764058.588874174
000058,1000000.0,807850.5396894694,0.0,807850.5396894694,-192149.46031053062,55885.22381053501,1565.9999999999998,192,117,51,192,3,0.23643500811364324,False,深 赛 格,7.3,2026-09-08,2016-05-17,2026-09-08,,False,False,False,ok,18,0,807850.5396894694,0.0,True,0.03252887499817001,847383.2779493722,810598.2861394782
000059,1000000.0,717618.5105778239,0.0,717618.5105778239,-282381.48942217615,57593.28442218003,13856.1,160,65,25,160,1,0.31777837960082655,False,华锦股份,6.15,2026-09-08,2016-05-26,2026-09-08,,False,False,False,ok,14,0,717618.5105778239,0.0,True,0.030125475476154604,835891.2496627013,730759.998702073
000060,1000000.0,851216.4523077846,0.0,851216.4523077846,-148783.54769221542,61459.78669222,1012.0000000000001,144,31,15,144,0,0.1860325107598358,False,中金岭南,6.59,2026-09-08,2016-05-26,2026-09-08,,False,False,False,ok,29,0,851216.4523077846,0.0,True,0.02294705235850909,1012050.8816287427,923128.5267848335
000061,1000000.0,886876.7359580679,0.0,886876.7359580679,-113123.26404193207,86900.45754194004,12398.0,201,80,35,201,1,0.189013192403158,False,农 产 品,6.7,2026-09-08,2016-02-02,2026-09-08,,False,False,False,ok,26,0,886876.7359580679,0.0,True,0.045055398514084015,897530.4875230636,859550.7264225052
000062,1000000.0,919624.0279343715,0.0,919624.0279343715,-80375.9720656285,63114.119065635,5830.0,194,63,39,194,5,0.1459782260866851,False,深圳华强,23.66,2026-09-08,2016-04-15,2026-09-08,,False,False,False,ok,33,0,919624.0279343715,0.0,True,0.030771309744625296,943990.7549953532,897847.2625597145
000063,1000000.0,958010.1544393506,0.0,958010.1544393506,-41989.84556064941,78108.69856065496,1260.0,221,66,45,221,4,0.15796716430905233,False,中兴通讯,33.21,2026-09-08,2016-02-15,2026-09-08,,False,False,False,ok,26,0,958010.1544393506,0.0,True,0.03616854417257809,1092924.344237332,1025112.0391993783
000065,1000000.0,1000000.0,0.0,1000000.0,0.0,0.0,0.0,0,0,0,0,0,0.0,False,北方国际,9.89,2026-09-08,2016-05-11,2026-09-08,,False,False,True,ok,24,0,1000000.0,0.0,True,0.0,1000000.0,1000000.0
000066,1000000.0,797072.3198323448,0.0,797072.3198323448,-202927.68016765523,58661.4781676599,882.64,208,54,30,208,3,0.21577078619449544,False,中国长城,14.59,2026-09-08,2016-04-26,2026-09-08,,False,False,False,ok,20,0,797072.3198323448,0.0,True,0.026557186303074413,907571.1110162826,874505.8492928783
000068,1000000.0,815870.8950630056,0.0,815870.8950630056,-184129.10493699438,72917.34943699994,0.0,225,114,60,225,6,0.2207755750952341,False,华控赛格,3.35,2026-09-08,2016-05-26,2026-09-08,,False,False,False,ok,7,0,815870.8950630056,0.0,True,0.037051044729424366,952254.1311303421,934852.0040437493
000069,1000000.0,554151.3323709791,0.0,554151.3323709791,-445848.66762902087,66388.04412902502,23550.0,193,84,29,193,3,0.45192246661764546,False,华侨城Ａ,1.87,2026-09-08,2016-05-26,2026-09-08,,False,False,False,ok,23,0,554151.3323709791,0.0,True,0.042065359173701106,731051.6240238228,623318.8788660886
000070,1000000.0,1068592.5750672051,0.0,1068592.5750672051,68592.57506720512,61536.13093280006,0.0,206,87,50,206,11,0.10307637745263629,False,特发信息,16.5,2026-09-08,2016-05-24,2026-09-08,,False,False,False,ok,11,0,1068592.5750672051,0.0,True,0.029226770550628174,1000430.4746417819,1037401.2091776028
000078,1000000.0,734829.9350950016,0.0,734829.9350950016,-265170.0649049984,66853.36090500501,0.0,165,80,46,165,10,0.27161774380562337,False,ST海王,1.6,2026-09-08,2016-05-25,2026-09-08,,False,False,False,ok,8,0,734829.9350950016,0.0,True,0.03451268933094771,900854.2341373444,834301.2653411406
000088,1000000.0,1000000.0,0.0,1000000.0,0.0,0.0,0.0,0,0,0,0,0,0.0,False,盐 田 港,4.6,2026-09-08,2016-05-04,2026-09-08,,False,False,True,ok,30,0,1000000.0,0.0,True,0.0,1000000.0,1000000.0
000089,1000000.0,775004.4857860915,0.0,775004.4857860915,-224995.51421390846,111985.37971391506,7571.9,193,52,22,193,2,0.2507236650818107,False,深圳机场,6.65,2026-09-08,2016-05-26,2026-09-08,,False,False,False,ok,24,0,775004.4857860915,0.0,True,0.0503384283253223,859100.6073660736,780521.8129677351
000090,1000000.0,994779.477299042,0.0,994779.477299042,-5220.522700957954,88758.35370096497,13338.0,178,67,32,178,2,0.08508232128207277,False,天健集团,3.67,2026-09-08,2016-05-19,2026-09-08,,False,False,False,ok,27,0,994779.477299042,0.0,True,0.038232227984844,1056977.0540765745,1018104.2307268507
000096,1000000.0,623384.4795584114,0.0,623384.4795584114,-376615.5204415886,89264.48844159489,922.5,228,99,45,228,1,0.3773807227359386,False,广聚能源,8.45,2026-09-08,2016-05-26,2026-09-08,,False,False,False,ok,25,0,623384.4795584114,0.0,True,0.05916666802819658,652571.0512865137,668119.5060366995
000099,1000000.0,966574.6399401887,0.0,966574.6399401887,-33425.36005981127,68120.25755981503,4335.0,165,52,31,165,0,0.10308600722652836,False,中信海直,13.83,2026-09-08,2015-11-25,2026-09-08,,False,False,False,ok,26,0,966574.6399401887,0.0,True,0.029290816400693927,1029491.0649918222,965407.9485111879
000100,1000000.0,992759.6296613578,0.0,992759.6296613578,-7240.370338642155,80536.79383865012,0.0,194,72,30,194,1,0.09579144076142972,False,TCL科技,4.76,2026-09-08,2015-09-18,2026-09-08,,False,False,False,ok,18,0,992759.6296613578,0.0,True,0.03785757819819266,938714.4552907844,948584.6166088507
000150,1000000.0,722198.2390350248,0.0,722198.2390350248,-277801.7609649752,91413.13006498193,1630.0,245,149,86,245,8,0.2968682905027092,False,*ST宜康,0.51,2026-09-08,2015-01-05,2023-04-27,,False,True,False,ok,4,0,722198.2390350248,0.0,True,0.05694252298315955,842735.9258858133,722198.2390350248
000151,1000000.0,821581.7582243556,0.0,821581.7582243556,-178418.24177564436,67461.89927565,570.0,221,75,52,221,11,0.2417654276574873,False,中成股份,10.48,2026-09-08,2016-05-12,2026-09-08,,False,False,False,ok,20,0,821581.7582243556,0.0,True,0.036252606302673636,863670.7561454525,807284.9523768988
000153,1000000.0,937566.0358690721,0.0,937566.0358690721,-62433.964130927925,69254.32803093403,13145.0,168,59,33,168,0,0.12461264371877616,False,丰原药业,6.53,2026-09-08,2015-04-29,2026-09-08,,False,False,False,ok,11,0,937566.0358690721,0.0,True,0.030953748014362324,1024256.0748615433,985761.3124027548
000155,1000000.0,899672.4611946242,0.0,899672.4611946242,-100327.5388053758,57787.66780537998,6561.999999999999,177,55,27,177,2,0.13506947035739178,False,川能动力,12.16,2026-09-08,2015-01-05,2026-09-08,,False,False,False,ok,2,0,899672.4611946242,0.0,True,0.026933614240855212,1007146.9177958412,982250.4779460182
000156,1000000.0,662589.4604045814,0.0,662589.4604045814,-337410.5395954186,65216.098595425006,11604.0,145,38,24,145,3,0.34446668464745467,False,华数传媒,7.16,2026-09-08,2015-11-18,2026-09-08,,False,False,False,ok,14,0,662589.4604045814,0.0,True,0.03593741948189275,730043.8655898941,703262.8994930051
000157,1000000.0,730240.3239484216,0.0,730240.3239484216,-269759.67605157837,90735.64355158505,10592.0,204,77,43,204,3,0.2788516883490095,False,中联重科,6.68,2026-09-08,2016-05-26,2026-09-08,,False,False,False,ok,29,0,730240.3239484216,0.0,True,0.049287927462827855,811666.0281303631,784883.4387272841
000158,1000000.0,718063.0260154547,0.0,718063.0260154547,-281936.97398454533,54210.33448454993,297.00000000000006,229,89,40,229,7,0.3227659601618785,False,常山北明,13.73,2026-09-08,2016-05-13,2026-09-08,,False,False,False,ok,13,0,718063.0260154547,0.0,True,0.03150205969384076,786228.8416541923,728873.8079084585
000159,1000000.0,899022.9392640837,0.0,899022.9392640837,-100977.06073591625,60085.76973591997,432.0,195,89,41,195,4,0.14719512817880093,False,国际实业,5.88,2026-09-08,2015-12-10,2026-09-08,,False,False,False,ok,20,0,899022.9392640837,0.0,True,0.030703245562536608,963161.4983328718,872943.4351184333
000166,1000000.0,927544.482866962,0.0,927544.482866962,-72455.51713303803,88389.86563304499,606.9000000000001,149,34,23,149,0,0.1187579145085985,False,申万宏源,4.54,2026-09-08,2016-04-20,2026-09-08,,False,False,False,ok,13,0,927544.482866962,0.0,True,0.039158990687881534,908060.7021281032,944132.23113899
000301,1000000.0,980300.8250580425,0.0,980300.8250580425,-19699.174941957463,108517.41844196494,14315.0,242,143,88,242,2,0.25891824997836216,False,东方盛虹,14.2,2026-09-08,2015-09-11,2026-09-08,,False,False,False,ok,21,0,980300.8250580425,0.0,True,0.0844919418410397,978867.3116345543,913975.8743852153
000333,1000000.0,953066.1068780395,0.0,953066.1068780395,-46933.89312196046,108967.43662196994,16567.82,218,46,33,218,1,0.173989605314879,False,美的集团,85.15,2026-09-08,2016-03-15,2026-09-08,,False,False,False,ok,14,0,953066.1068780395,0.0,True,0.05713808091797145,1045575.1210720844,957853.0584767112
000338,1000000.0,880721.4062221476,0.0,880721.4062221476,-119278.59377785237,91461.09277786005,27189.0,222,66,33,222,1,0.22170876781759688,False,潍柴动力,26.61,2026-09-08,2016-05-24,2026-09-08,,False,False,False,ok,36,0,880721.4062221476,0.0,True,0.04154761147840078,935301.1735629332,910488.5198012895
000400,1000000.0,884990.2619398822,0.0,884990.2619398822,-115009.73806011782,81187.90906012506,1506.6,230,64,33,230,3,0.14577472308441117,False,许继电气,21.59,2026-09-08,2016-05-26,2026-09-08,,False,False,False,ok,28,0,884990.2619398822,0.0,True,0.03755290927366447,985694.1546064634,945380.4958290703
000401,1000000.0,629046.9235087894,0.0,629046.9235087894,-370953.0764912106,81303.242991215,0.0,217,104,45,217,2,0.3811717406687574,False,金隅冀东,3.68,2026-09-08,2015-11-02,2026-09-08,,False,False,False,ok,21,0,629046.9235087894,0.0,True,0.05260181255248936,837171.5730140721,683417.7368525233
000402,1000000.0,1000000.0,0.0,1000000.0,0.0,0.0,0.0,0,0,0,0,0,0.0,False,金 融 街,2.64,2026-09-08,2016-05-26,2026-09-08,,False,False,False,error,0,0,1000000.0,0.0,True,0.0,1000000.0,1000000.0
000403,1000000.0,823301.567255594,0.0,823301.567255594,-176698.43274440605,114761.08374441488,0.0,271,86,68,271,1,0.18664033263526048,False,派林生物,10.65,2026-09-08,2016-01-19,2026-09-08,,False,False,False,ok,6,0,823301.567255594,0.0,True,0.06775428326771119,910792.1281446745,909330.3938886208
000404,1000000.0,1000000.0,0.0,1000000.0,0.0,0.0,0.0,0,0,0,0,0,0.0,False,长虹华意,7.15,2026-09-08,2016-05-13,2026-09-08,,False,False,True,ok,17,0,1000000.0,0.0,True,0.0,1000000.0,1000000.0
000405,1000000.0,1000000.0,0.0,1000000.0,0.0,0.0,0.0,0,0,0,0,0,0.0,False,ST鑫光,1.0,2026-09-08,,,,True,True,False,ok,2,0,1000000.0,0.0,True,0.0,1000000.0,1000000.0
000406,1000000.0,1000000.0,0.0,1000000.0,0.0,0.0,0.0,0,0,0,0,0,0.0,False,石油大明,1.0,2026-09-08,,,,True,True,False,ok,7,0,1000000.0,0.0,True,0.0,1000000.0,1000000.0
000407,1000000.0,849428.013311,0.0,849428.013311,-150571.98668900004,56180.14418900499,0.0,140,61,25,140,0,0.1652070502924292,False,胜利股份,4.36,2026-09-08,2015-12-22,2026-09-08,,False,False,False,ok,18,0,849428.013311,0.0,True,0.0273425115960634,855456.391065123,908180.9596740939
000408,1000000.0,982117.7668112257,0.0,982117.7668112257,-17882.23318877432,73226.28968877993,17856.0,209,78,40,209,6,0.16823760338662672,False,藏格矿业,76.29,2026-09-08,2016-03-30,2026-09-08,,False,False,False,ok,15,0,982117.7668112257,0.0,True,0.03965643105372651,945218.4618881432,984635.6900669588
000409,1000000.0,733516.1930315925,0.0,733516.1930315925,-266483.8069684075,62918.25686048253,0.0,205,122,64,205,4,0.2941058293132635,True,云鼎科技,9.19,2026-09-08,2015-08-14,2026-09-08,,False,False,False,ok,4,0,733516.1930315925,0.0,True,0.04692513091801765,739506.659614266,741838.2479820065
000410,1000000.0,739749.0294882199,0.0,739749.0294882199,-260250.97051178012,73187.79001178501,0.0,213,91,57,213,7,0.2760997616716006,False,沈阳机床,5.3,2026-09-08,2016-04-08,2026-09-08,,False,False,False,ok,1,0,739749.0294882199,0.0,True,0.04411688282108056,812548.119819683,754713.6778954035
000411,1000000.0,1021795.0669189314,0.0,1021795.0669189314,21795.066918931436,73379.82008107497,9405.55,189,79,30,189,1,0.09327883664409561,False,英特集团,10.3,2026-09-08,2016-04-26,2026-09-08,,False,False,False,ok,10,0,1021795.0669189314,0.0,True,0.03319480014222947,989273.7545519439,1062464.5627480703
000412,1000000.0,1000000.0,0.0,1000000.0,0.0,0.0,0.0,0,0,0,0,0,0.0,False,ST五环,1.0,2026-09-08,,,,True,True,False,ok,2,0,1000000.0,0.0,True,0.0,1000000.0,1000000.0
000413,1000000.0,801890.3325520784,0.0,801890.3325520784,-198109.6674479216,54859.07144792496,0.0,153,87,39,153,6,0.24165987890841958,False,ST旭电,0.37,2026-09-08,2015-01-28,2024-08-14,,False,True,False,ok,7,0,801890.3325520784,0.0,True,0.029957525929100007,805100.7890435623,820686.9756482085
000415,1000000.0,907568.4920972817,0.0,907568.4920972817,-92431.50790271827,88060.62590272505,4218.0,195,86,30,195,3,0.15837230544116435,False,渤海租赁,4.56,2026-09-08,2015-01-05,2026-09-08,,False,False,False,ok,11,0,907568.4920972817,0.0,True,0.042159282525625015,988992.347406683,966252.1467124398
000416,1000000.0,613253.6801157299,0.0,613253.6801157299,-386746.3198842701,59967.83138427503,0.0,179,110,74,179,5,0.4252729301787774,False,*ST民控,0.45,2026-09-08,2015-01-05,2024-04-24,,False,True,False,ok,16,0,613253.6801157299,0.0,True,0.038086327597210125,829842.9117202031,730448.0717885594
000417,1000000.0,955777.0436520793,0.0,955777.0436520793,-44222.9563479207,67865.75684792499,8899.000000000002,156,52,22,156,1,0.09497922290144678,False,合百集团,6.68,2026-09-08,2016-05-26,2026-09-08,,False,False,False,ok,29,0,955777.0436520793,0.0,True,0.027440211075654704,983087.8756494621,1021675.8352047185
000418,1000000.0,912557.9264921334,0.0,912557.9264921334,-87442.07350786659,42863.847507869985,3800.0,90,48,26,90,0,0.09931441554611847,False,小天鹅A,57.39,2026-09-08,2015-01-05,2019-05-07,,False,True,False,ok,17,0,912557.9264921334,0.0,True,0.028065443578559786,912557.9264921334,912557.9264921334
000419,1000000.0,884680.1770676754,0.0,884680.1770676754,-115319.8229323246,61147.25843233001,0.0,135,50,30,135,2,0.1448739756325741,False,通程控股,5.3,2026-09-08,2016-05-26,2026-09-08,,False,False,False,ok,20,0,884680.1770676754,0.0,True,0.02863103601130228,943562.0241539723,901571.9334425791
000420,1000000.0,900146.6864995488,0.0,900146.6864995488,-99853.31350045116,70989.66550045491,0.0,189,73,34,189,2,0.1963325242073381,False,吉林化纤,3.75,2026-09-08,2016-04-20,2026-09-08,,False,False,False,ok,8,0,900146.6864995488,0.0,True,0.03609023914716546,860439.274386062,883306.658700658
000421,1000000.0,830898.4600109896,0.0,830898.4600109896,-169101.53998901043,63399.847489014974,8706.0,185,69,38,185,2,0.26315740186422437,False,南京公用,5.99,2026-09-08,2016-05-12,2026-09-08,,False,False,False,ok,25,0,830898.4600109896,0.0,True,0.03066576013692209,845292.7216309432,798269.3595318896
000422,1000000.0,622907.8033646246,0.0,622907.8033646246,-377092.1966353754,64547.42063537996,4170.0,205,101,39,205,5,0.3888307413831512,False,湖北宜化,12.98,2026-09-08,2016-03-25,2026-09-08,,False,False,False,ok,23,0,622907.8033646246,0.0,True,0.041046137306531526,714970.5395235531,687497.9411154992
000423,1000000.0,716032.6110202385,0.0,716032.6110202385,-283967.3889797615,99100.21037976994,10324.1894,239,39,27,239,1,0.28396738897976154,False,东阿阿胶,46.87,2026-09-08,2016-05-26,2026-09-08,,False,False,False,ok,33,0,716032.6110202385,0.0,True,0.0542208618221537,835206.2447662737,827743.2810111647
000425,1000000.0,1073550.8446397982,0.0,1073550.8446397982,73550.84463979816,105270.48836021015,6642.0,215,68,31,215,1,0.12331580256177099,False,徐工机械,8.33,2026-09-08,2016-04-08,2026-09-08,,False,False,False,ok,24,0,1073550.8446397982,0.0,True,0.040968525997563385,1169461.991759474,1114053.3485023153
000426,1000000.0,813352.0685569162,0.0,813352.0685569162,-186647.9314430838,73755.51284309004,1423.8934,235,108,70,235,3,0.22133534023083634,False,兴业银锡,37.72,2026-09-08,2015-10-16,2026-09-08,,False,False,False,ok,18,0,813352.0685569162,0.0,True,0.04526885475575505,946399.2311188139,908135.9493992846
000428,1000000.0,706922.8784742635,0.0,706922.8784742635,-293077.1215257365,57937.11752573996,0.0,194,76,41,194,3,0.3009652551544525,False,华天酒店,5.3,2026-09-08,2016-05-26,2026-09-08,,False,False,False,ok,14,0,706922.8784742635,0.0,True,0.03065467552853894,764124.7567011118,738514.2100644279
000429,1000000.0,948276.0033617124,0.0,948276.0033617124,-51723.99663828756,171033.3856382999,65023.90000000001,245,102,86,245,1,0.10297458214129893,False,粤高速Ａ,12.72,2026-09-08,2016-05-26,2026-09-08,,False,False,False,ok,29,0,948276.0033617124,0.0,True,0.10209102110656945,943182.2189491867,938877.7656867586
000430,1000000.0,750851.4330939446,0.0,750851.4330939446,-249148.56690605544,58576.74340605998,0.0,156,48,33,156,3,0.25181929945265547,False,张家界,7.97,2026-09-08,2016-05-19,2026-09-08,,False,False,False,ok,6,1,750851.4330939446,0.0,True,0.028177865191942836,809638.5498551723,802202.6946324934
000488,1000000.0,879939.8202088366,0.0,879939.8202088366,-120060.17979116342,79843.48929117007,0.0,191,93,41,191,2,0.2082243491370656,False,ST晨鸣,2.05,2026-09-08,2016-05-24,2026-09-08,,False,False,False,ok,20,0,879939.8202088366,0.0,True,0.0404088680640631,989897.966681953,895022.0068465446
000498,1000000.0,735151.7897106217,0.0,735151.7897106217,-264848.2102893783,74685.81778938498,9998.0,183,56,29,183,3,0.2648482102893783,False,山东路桥,4.99,2026-09-08,2016-03-29,2026-09-08,,False,False,False,ok,14,0,735151.7897106217,0.0,True,0.034693799775035825,893719.7142628046,792681.3777967006
000501,1000000.0,1000000.0,0.0,1000000.0,0.0,0.0,0.0,0,0,0,0,0,0.0,False,武商集团,7.72,2026-09-08,2016-05-26,2026-09-08,,False,False,False,error,0,0,1000000.0,0.0,True,0.0,1000000.0,1000000.0
000502,1000000.0,785429.9844999928,0.0,785429.9844999928,-214570.0155000072,60179.34500001001,0.0,149,72,44,149,1,0.24067611831564273,False,绿景退,0.59,2026-09-08,2015-01-05,2022-06-24,,False,True,False,ok,4,1,785429.9844999928,0.0,True,0.03283546761041627,837967.0590659922,785429.9844999928
000503,1000000.0,1093865.39915035,0.0,1093865.39915035,93865.3991503499,80450.75034965503,0.0,244,114,73,244,1,0.12133002213720974,False,国新健康,7.11,2026-09-08,2015-09-01,2026-09-08,,False,False,False,ok,6,0,1093865.39915035,0.0,True,0.0440715089082852,1018856.8904865319,1035631.9385056775
000504,1000000.0,1096243.668331271,0.0,1096243.668331271,96243.66833127104,102944.60166873489,0.0,239,145,90,239,5,0.13119633115054286,False,南华生物,8.72,2026-09-08,2015-08-26,2026-09-08,,False,False,False,ok,3,0,1096243.668331271,0.0,True,0.06314297070999522,1188808.0293408637,1139625.1239447799
000505,1000000.0,1017502.0594956323,0.0,1017502.0594956323,17502.059495632304,98337.19950437495,0.0,238,93,63,238,3,0.12405404403383165,False,京粮控股,7.72,2026-09-08,2015-11-11,2026-09-08,,False,False,False,ok,5,0,1017502.0594956323,0.0,True,0.04119661908823558,1022788.9307813444,1017102.7824883859
000506,1000000.0,849222.5816843001,0.0,849222.5816843001,-150777.4183156999,68171.57981570504,0.0,234,170,104,234,43,0.21944943598921807,False,招金黄金,19.32,2026-09-08,2015-06-15,2026-09-08,,False,False,False,ok,6,0,849222.5816843001,0.0,True,0.04533481472978571,952529.7871311333,925835.1586574392
000507,1000000.0,907174.6904840311,0.0,907174.6904840311,-92825.3095159689,73525.85901597506,254.0,167,101,47,167,0,0.1733838112273398,False,珠海港,5.08,2026-09-08,2016-05-16,2026-09-08,,False,False,False,ok,24,0,907174.6904840311,0.0,True,0.040535804513241444,912428.3677154932,870616.7866061141
000508,1000000.0,1000000.0,0.0,1000000.0,0.0,0.0,0.0,0,0,0,0,0,0.0,False,琼民源A,1.0,2026-09-08,,,,True,True,False,ok,2,0,1000000.0,0.0,True,0.0,1000000.0,1000000.0
000509,1000000.0,820532.7908126385,0.0,820532.7908126385,-179467.20918736153,68052.88718736502,0.0,218,141,66,218,7,0.2274686262599158,False,华塑控股,3.57,2026-09-08,2015-04-15,2026-09-08,,False,False,False,ok,0,0,820532.7908126385,0.0,True,0.03959621711742725,954828.1436985919,868525.2009797577
000510,1000000.0,815933.175454224,0.0,815933.175454224,-184066.824545776,61840.49504578,0.0,180,90,50,180,2,0.26550551359868385,False,新金路,17.22,2026-09-08,2016-04-19,2026-09-08,,False,False,False,ok,11,0,815933.175454224,0.0,True,0.03259253384854821,907578.3255262624,835423.9543998935
000511,1000000.0,668051.8020345208,152700.0,761198.8020345208,-238801.19796547922,5529.80446548,0.0,17,9,3,16,16,0.2507356280405173,False,烯碳退,0.61,2026-09-08,2015-01-05,2018-07-17,,False,True,False,ok,8,0,668051.8020345208,93147.0,False,0.13103535780554917,761198.8020345208,761198.8020345208
000513,1000000.0,854545.2550902029,0.0,854545.2550902029,-145454.7449097971,92200.79230980299,8400.0,218,51,23,218,2,0.22267763291406145,False,丽珠集团,27.22,2026-09-08,2016-05-20,2026-09-08,,False,False,False,ok,12,0,854545.2550902029,0.0,True,0.04856436413793605,869048.3026411242,847409.5221924456
000514,1000000.0,786423.6083668343,0.0,786423.6083668343,-213576.39163316565,61706.023633169956,1420.0,189,80,46,189,9,0.23328410050812162,False,渝 开 发,4.39,2026-09-08,2016-05-26,2026-09-08,,False,False,False,ok,9,0,786423.6083668343,0.0,True,0.031553753006256284,842120.8973470323,837924.1774026278
000515,1000000.0,1000000.0,0.0,1000000.0,0.0,0.0,0.0,0,0,0,0,0,0.0,False,攀渝钛业,1.0,2026-09-08,,,,True,True,False,ok,6,0,1000000.0,0.0,True,0.0,1000000.0,1000000.0
000516,1000000.0,918377.2379177298,0.0,918377.2379177298,-81622.76208227023,82862.08408227503,0.0,221,120,59,221,2,0.1275248631681218,False,国际医学,4.28,2026-09-08,2015-09-10,2026-09-08,,False,False,False,ok,19,0,918377.2379177298,0.0,True,0.042829262327291444,975860.1352719608,971054.018841487
000517,1000000.0,721321.3084761898,0.0,721321.3084761898,-278678.69152381015,78742.92102381497,36528.0,217,89,38,217,4,0.30413448099332385,False,荣安地产,2.21,2026-09-08,2016-04-25,2026-09-08,,False,False,False,ok,15,0,721321.3084761898,0.0,True,0.03882281719275983,829972.7564208629,812053.3468857389
000518,1000000.0,731256.8323008202,0.0,731256.8323008202,-268743.16769917984,71799.10069918503,0.0,228,138,65,228,8,0.31680991330962915,False,四环生物,3.96,2026-09-08,2016-05-24,2026-09-08,,False,False,False,ok,8,0,731256.8323008202,0.0,True,0.04494322702604007,826161.0426403831,788151.8714988537
000519,1000000.0,795454.4655150545,0.0,795454.4655150545,-204545.53448494547,58068.400484950005,823.5,189,55,38,189,2,0.21656312691530946,False,中兵红箭,16.06,2026-09-08,2016-05-19,2026-09-08,,False,False,False,ok,14,0,795454.4655150545,0.0,True,0.028763013202701505,911831.1091065829,804293.9785950438
000520,1000000.0,925885.4833366766,0.0,925885.4833366766,-74114.51666332339,86708.43566332996,0.0,204,100,41,204,1,0.14945505003825904,False,凤凰航运,4.42,2026-09-08,2016-05-13,2026-09-08,,False,False,False,ok,0,0,925885.4833366766,0.0,True,0.04177763392870744,1014577.6129013642,971357.9917522657
000521,1000000.0,903549.9912220056,0.0,903549.9912220056,-96450.00877799443,71609.48227800013,16415.0,184,103,51,184,2,0.12646400130172464,False,长虹美菱,4.94,2026-09-08,2016-05-24,2026-09-08,,False,False,False,ok,21,0,903549.9912220056,0.0,True,0.03952575377878999,968521.9624976527,1006632.126296289
000522,1000000.0,1000000.0,0.0,1000000.0,0.0,0.0,0.0,0,0,0,0,0,0.0,False,白云山A,1.0,2026-09-08,,,,True,True,False,ok,10,0,1000000.0,0.0,True,0.0,1000000.0,1000000.0
000523,1000000.0,841262.277676675,0.0,841262.277676675,-158737.722323325,73800.89982332996,0.0,191,88,43,191,3,0.2414973394766595,False,红棉股份,3.96,2026-09-08,2016-03-01,2026-09-08,,False,False,False,ok,6,0,841262.277676675,0.0,True,0.03856642782732536,876752.6882493421,859078.0879899485
000524,1000000.0,949475.8891765706,0.0,949475.8891765706,-50524.11082342942,68043.92932343499,1064.0,198,83,50,198,4,0.14166364002155563,False,岭南控股,10.26,2026-09-08,2015-11-27,2026-09-08,,False,False,False,ok,15,0,949475.8891765706,0.0,True,0.03395893680707669,910231.7809249337,893862.7255907047
000525,1000000.0,841426.6385908794,0.0,841426.6385908794,-158573.3614091206,67707.66290912504,0.0,210,84,45,210,7,0.24477336645515757,False,红太阳,5.03,2026-09-08,2016-04-15,2026-09-08,,False,False,False,ok,25,1,841426.6385908794,0.0,True,0.03623902228813618,785709.8673738127,800753.997230039
000526,1000000.0,697270.0160187304,0.0,697270.0160187304,-302729.98398126964,71788.34498127506,0.0,273,111,55,273,7,0.325763107129509,False,学大教育,38.4,2026-09-08,2015-01-05,2026-09-08,,False,False,False,ok,3,0,697270.0160187304,0.0,True,0.05867973348815911,809836.0299501619,742390.0925251029
000527,1000000.0,1000000.0,0.0,1000000.0,0.0,0.0,0.0,0,0,0,0,0,0.0,False,美的电器,1.0,2026-09-08,,,,True,True,False,ok,21,0,1000000.0,0.0,True,0.0,1000000.0,1000000.0
000528,1000000.0,888830.1819548334,0.0,888830.1819548334,-111169.81804516655,103131.75954517497,22918.0,227,60,34,227,0,0.18064268573829986,False,柳    工,8.31,2026-09-08,2016-04-26,2026-09-08,,False,False,False,ok,29,0,888830.1819548334,0.0,True,0.04540386259074488,1001870.6610493549,879699.8606342063
000529,1000000.0,977735.8562848589,0.0,977735.8562848589,-22264.14371514111,64938.95521514504,9936.0,149,46,24,149,1,0.112913448807241,False,广弘控股,5.3,2026-09-08,2016-05-26,2026-09-08,,False,False,False,ok,15,0,977735.8562848589,0.0,True,0.028286723667578905,935823.853970642,980976.3639718529
000530,1000000.0,766014.403377944,0.0,766014.403377944,-233985.59662205598,57952.25912205999,0.0,168,78,38,168,1,0.23864240340564757,False,冰山冷热,5.38,2026-09-08,2016-05-26,2026-09-08,,False,False,False,ok,33,0,766014.403377944,0.0,True,0.027086406664282445,934816.2725795623,903556.6689179083
000531,1000000.0,920868.8090493209,0.0,920868.8090493209,-79131.19095067913,77089.51945068502,0.0,174,53,25,174,1,0.1129804170727583,False,穗恒运Ａ,5.71,2026-09-08,2015-12-30,2026-09-08,,False,False,False,ok,31,0,920868.8090493209,0.0,True,0.033464827676668286,926635.909627643,915187.6245102844
000532,1000000.0,823869.8735915048,0.0,823869.8735915048,-176130.12640849524,53384.839408499996,3774.0,186,82,51,186,4,0.262857087267776,False,华金资本,11.39,2026-09-08,2016-05-26,2026-09-08,,False,False,False,ok,24,0,823869.8735915048,0.0,True,0.030837823814274825,823091.5651659028,801613.2441051283
000533,1000000.0,759716.6288610016,0.0,759716.6288610016,-240283.37113899842,59881.047639005,0.0,190,117,69,190,8,0.31432443220773265,False,顺钠股份,11.83,2026-09-08,2015-12-28,2026-09-08,,False,False,False,ok,10,0,759716.6288610016,0.0,True,0.0571635667044528,704529.0447887438,731578.7593267949
000534,1000000.0,791719.1462801194,0.0,791719.1462801194,-208280.85371988057,81057.55921988489,1540.0,227,113,56,227,1,0.2968804058091704,False,万泽股份,23.84,2026-09-08,2015-01-05,2026-09-08,,False,False,False,ok,26,0,791719.1462801194,0.0,True,0.06667625087008346,876548.672137033,774072.4158004893
000535,1000000.0,1000000.0,0.0,1000000.0,0.0,0.0,0.0,0,0,0,0,0,0.0,False,*ST猴王,1.0,2026-09-08,,,,True,True,False,ok,5,0,1000000.0,0.0,True,0.0,1000000.0,1000000.0
000536,1000000.0,823627.6252290618,0.0,823627.6252290618,-176372.3747709382,78605.59427094508,6120.0,273,138,61,273,3,0.2563649091179817,False,华映科技,3.66,2026-09-08,2016-05-24,2026-09-08,,False,False,False,ok,10,0,823627.6252290618,0.0,True,0.043593907371538045,881985.6374504425,848521.4508217443
000537,1000000.0,748031.1767147493,0.0,748031.1767147493,-251968.8232852507,71065.98678525495,1040.0,205,81,53,205,2,0.2561259943082607,False,绿发电力,7.61,2026-09-08,2016-02-04,2026-09-08,,False,False,False,ok,20,0,748031.1767147493,0.0,True,0.03791550820815425,878817.3073473222,825425.9292903834
000538,1000000.0,798457.4535189485,0.0,798457.4535189485,-201542.54648105148,108229.26648106011,0.0,211,29,19,211,0,0.230864641204601,False,云南白药,50.87,2026-09-08,2015-09-22,2026-09-08,,False,False,False,ok,36,0,798457.4535189485,0.0,True,0.06352601704328749,842734.3116770342,848172.6803688663
000539,1000000.0,793512.8388893763,0.0,793512.8388893763,-206487.16111062374,101708.35711063001,806.0,228,95,62,228,1,0.2579796439956399,False,粤电力Ａ,5.18,2026-09-08,2016-05-26,2026-09-08,,False,False,False,ok,32,0,793512.8388893763,0.0,True,0.056902317509239936,818193.9706406638,751122.9537221051
000540,1000000.0,687195.2190466177,0.0,687195.2190466177,-312804.78095338226,52677.90167338497,4971.35697,127,73,35,127,7,0.34652417554872766,False,*ST中天,0.4,2026-09-08,2015-01-05,2023-05-18,,False,True,False,ok,16,0,687195.2190466177,0.0,True,0.07358911437964308,793920.0899460822,687195.2190466177
000541,1000000.0,887186.7963150913,0.0,887186.7963150913,-112813.20368490869,89224.49218491501,2880.0,169,49,24,169,0,0.15304713214362486,False,佛山照明,5.02,2026-09-08,2016-05-26,2026-09-08,,False,False,False,ok,34,0,887186.7963150913,0.0,True,0.03994687010721661,894561.480972393,870030.4837565448
000542,1000000.0,1000000.0,0.0,1000000.0,0.0,0.0,0.0,0,0,0,0,0,0.0,False,TCL通讯,1.0,2026-09-08,,,,True,True,False,ok,5,0,1000000.0,0.0,True,0.0,1000000.0,1000000.0
000543,1000000.0,901682.0890736721,0.0,901682.0890736721,-98317.91092632792,88028.1074263351,4704.4,205,77,22,205,0,0.15184068300509732,False,皖能电力,7.43,2026-09-08,2016-05-11,2026-09-08,,False,False,False,ok,29,0,901682.0890736721,0.0,True,0.04456045578656785,861086.5024637626,943081.8835036089
000544,1000000.0,780927.6695567195,0.0,780927.6695567195,-219072.33044328052,71001.112943285,5745.0,164,87,30,164,0,0.23911566224760575,False,中原环保,7.46,2026-09-08,2016-05-26,2026-09-08,,False,False,False,ok,17,0,780927.6695567195,0.0,True,0.04131758691034435,841867.9440212422,793268.0255989681
000545,1000000.0,839414.2939811555,0.0,839414.2939811555,-160585.7060188445,57391.06951885,5740.0,157,60,31,157,1,0.21246074820447128,False,金浦钛业,2.35,2026-09-08,2015-12-07,2026-09-08,,False,False,False,ok,10,0,839414.2939811555,0.0,True,0.026783676617633548,919989.0595192733,844101.4049928299
000546,1000000.0,850499.0555446212,0.0,850499.0555446212,-149500.9444553788,88185.65045538502,1125.0,250,117,41,250,6,0.20351690186585794,False,金圆股份,4.71,2026-09-08,2016-04-21,2026-09-08,,False,False,False,ok,8,0,850499.0555446212,0.0,True,0.04508362264659607,946331.2736201524,899583.3021200703
000547,1000000.0,810704.0137859433,0.0,810704.0137859433,-189295.98621405673,54874.138714060005,535.5,185,65,26,185,0,0.1990126198944722,False,航天发展,14.64,2026-09-08,2015-03-27,2026-09-08,,False,False,False,ok,17,0,810704.0137859433,0.0,True,0.027979012683822076,858337.1499410514,829385.8849128371
000548,1000000.0,925713.1816071491,0.0,925713.1816071491,-74286.81839285092,65427.09839285498,0.0,131,47,24,131,0,0.11925258703919417,False,湖南投资,4.76,2026-09-08,2016-05-26,2026-09-08,,False,False,False,ok,20,0,925713.1816071491,0.0,True,0.028267471414214825,1033662.823518772,927967.2380969082
000549,1000000.0,1000000.0,0.0,1000000.0,0.0,0.0,0.0,0,0,0,0,0,0.0,False,S湘火炬,1.0,2026-09-08,,,,True,True,False,ok,10,0,1000000.0,0.0,True,0.0,1000000.0,1000000.0
000550,1000000.0,971631.0088965727,0.0,971631.0088965727,-28368.99110342725,81325.37160343499,49723.016,239,123,69,239,2,0.1748383571102812,False,江铃汽车,17.46,2026-09-08,2016-05-26,2026-09-08,,False,False,False,ok,28,0,971631.0088965727,0.0,True,0.04840296259703365,863123.302734494,966673.7773880102
000551,1000000.0,932120.2439026688,0.0,932120.2439026688,-67879.75609733118,49264.571597335016,0.0,135,50,30,135,3,0.08374062361932678,False,创元科技,12.24,2026-09-08,2016-04-27,2026-09-08,,False,False,False,ok,21,0,932120.2439026688,0.0,True,0.021830561260755676,974753.7507323618,949786.8658553977
000552,1000000.0,915624.7676132255,0.0,915624.7676132255,-84375.2323867745,65902.66176677997,9909.99288,156,43,21,156,1,0.09635317852952952,False,甘肃能化,2.65,2026-09-08,2016-04-26,2026-09-08,,False,False,False,ok,21,0,915624.7676132255,0.0,True,0.026914990200636934,996159.6777927426,943424.2770524336
000553,1000000.0,785106.6752079898,0.0,785106.6752079898,-214893.32479201024,75616.94579201509,0.0,184,67,27,184,4,0.2588559244128391,False,安道麦A,6.03,2026-09-08,2015-03-18,2026-09-08,,False,False,False,ok,18,0,785106.6752079898,0.0,True,0.03835629264644235,812678.7084549924,788345.306846974
000554,1000000.0,926942.6549679831,0.0,926942.6549679831,-73057.34503201686,54981.00203202,4653.799999999999,139,51,23,139,4,0.11563394249640113,False,泰山石油,6.87,2026-09-08,2016-05-26,2026-09-08,,False,False,False,ok,20,0,926942.6549679831,0.0,True,0.024355573746049883,995938.4036805818,963976.6658222271
000555,1000000.0,802453.7745173038,0.0,802453.7745173038,-197546.2254826962,51145.98722270006,579.9577400000001,176,63,33,176,3,0.20743458419406705,False,神州信息,10.98,2026-09-08,2015-08-31,2026-09-08,,False,False,False,ok,14,0,802453.7745173038,0.0,True,0.02680263955098109,845077.8244232925,809183.0706671779
000556,1000000.0,1000000.0,0.0,1000000.0,0.0,0.0,0.0,0,0,0,0,0,0.0,False,PT南洋,1.0,2026-09-08,,,,True,True,False,ok,4,0,1000000.0,0.0,True,0.0,1000000.0,1000000.0
000557,1000000.0,771986.4397609899,0.0,771986.4397609899,-228013.56023901014,76695.35373901502,0.0,200,78,37,200,0,0.265671243052286,False,西部创业,3.85,2026-09-08,2015-10-30,2026-09-08,,False,False,False,ok,2,0,771986.4397609899,0.0,True,0.03958511592829076,890431.4389888227,862792.1728165488
000558,1000000.0,813195.519794985,0.0,813195.519794985,-186804.48020501505,65808.35920501992,0.0,216,95,66,216,3,0.23900409815859816,False,天府文旅,4.1,2026-09-08,2015-11-05,2026-09-08,,False,False,False,ok,8,0,813195.519794985,0.0,True,0.03664662892366786,849571.6567963518,799418.5726950837
000559,1000000.0,985426.491307766,0.0,985426.491307766,-14573.508692234056,76416.99019224,3276.0,161,44,21,161,2,0.11444299981167513,False,万向钱潮,10.91,2026-09-08,2016-05-05,2026-09-08,,False,False,False,ok,32,0,985426.491307766,0.0,True,0.030188711633550396,1020250.2883222331,970591.9949503695
000560,1000000.0,864953.6077504999,0.0,864953.6077504999,-135046.39224950015,83925.36184950707,3485.3999999999996,241,107,60,241,2,0.21827966876787558,False,我爱我家,3.44,2026-09-08,2015-11-05,2026-09-08,,False,False,False,ok,16,0,864953.6077504999,0.0,True,0.040667762942502364,924863.8463110012,967499.7327408884
000561,1000000.0,712550.3189559081,0.0,712550.3189559081,-287449.68104409194,44214.39654409498,0.0,144,53,20,144,0,0.29559944676932404,False,烽火电子,7.9,2026-09-08,2016-05-12,2026-09-08,,False,False,False,ok,6,0,712550.3189559081,0.0,True,0.02172128442669745,872502.479763232,769685.0741837624
000562,1000000.0,1000000.0,0.0,1000000.0,0.0,0.0,0.0,0,0,0,0,0,0.0,False,宏源证券,1.0,2026-09-08,,,,True,True,False,ok,14,0,1000000.0,0.0,True,0.0,1000000.0,1000000.0
000563,1000000.0,1000000.0,0.0,1000000.0,0.0,0.0,0.0,0,0,0,0,0,0.0,False,陕国投Ａ,3.04,2026-09-08,2016-01-25,2026-09-08,,False,False,True,ok,31,0,1000000.0,0.0,True,0.0,1000000.0,1000000.0
000564,1000000.0,724471.9868923925,0.0,724471.9868923925,-275528.0131076075,43311.93060761001,1476.1999999999998,123,84,36,123,1,0.31012878113835807,False,供销大集,1.73,2026-09-08,2015-09-08,2026-09-08,,False,False,False,ok,19,1,724471.9868923925,0.0,True,0.027078046188269637,724471.9868923925,724471.9868923925
000565,1000000.0,905451.5471263775,0.0,905451.5471263775,-94548.45287362253,43478.45687362504,898.5,126,46,24,126,0,0.12057688036493928,False,渝三峡Ａ,6.54,2026-09-08,2015-11-16,2026-09-08,,False,False,False,ok,21,0,905451.5471263775,0.0,True,0.02223337348724976,930688.562884901,918211.7847467312
000566,1000000.0,847222.1953901947,0.0,847222.1953901947,-152777.80460980535,98174.04860980995,9175.0,253,146,79,253,6,0.27116329547350243,False,海南海药,4.99,2026-09-08,2015-05-13,2026-09-08,,False,False,False,ok,12,0,847222.1953901947,0.0,True,0.06867300738427083,817375.3193179633,823072.9396359241
000567,1000000.0,939679.7251232512,0.0,939679.7251232512,-60320.274876748794,71340.40237675501,0.0,224,98,42,224,3,0.1518471808950475,False,海德股份,6.7,2026-09-08,2016-05-26,2026-09-08,,False,False,False,ok,7,0,939679.7251232512,0.0,True,0.03775866699308668,902572.4061801028,910106.90971376
000568,1000000.0,734452.3950231425,0.0,734452.3950231425,-265547.60497685755,85155.96197686491,31348.891999999996,243,34,17,243,3,0.3163264307173902,False,泸州老窖,77.78,2026-09-08,2016-05-26,2026-09-08,,False,False,False,ok,35,0,734452.3950231425,0.0,True,0.0437291024858324,898566.2849542343,819397.4195417959
000569,1000000.0,1000000.0,0.0,1000000.0,0.0,0.0,0.0,0,0,0,0,0,0.0,False,长城股份,1.0,2026-09-08,,,,True,True,False,ok,4,0,1000000.0,0.0,True,0.0,1000000.0,1000000.0
000570,1000000.0,757876.1774488492,0.0,757876.1774488492,-242123.8225511508,56222.57705115498,0.0,161,50,27,161,1,0.25865623543469457,False,苏常柴Ａ,5.31,2026-09-08,2016-05-26,2026-09-08,,False,False,False,ok,21,0,757876.1774488492,0.0,True,0.02695616414545562,821953.9967186621,790528.9096709235
000571,1000000.0,649194.6360845078,0.0,649194.6360845078,-350805.3639154922,67900.0524155,1464.0,240,115,60,240,6,0.3658049208331817,False,新大洲A,5.99,2026-09-08,2015-06-02,2026-09-08,,False,False,False,ok,12,0,649194.6360845078,0.0,True,0.05494652438056331,751802.0823811146,687217.0589884059
000572,1000000.0,961566.8423689217,0.0,961566.8423689217,-38433.15763107827,73018.94563108505,0.0,211,107,44,211,10,0.18203826954020902,False,海马汽车,4.07,2026-09-08,2016-05-23,2026-09-08,,False,False,False,ok,7,0,961566.8423689217,0.0,True,0.03120827595402452,1135589.727267834,1068980.43094098
000573,1000000.0,898201.5314442001,0.0,898201.5314442001,-101798.46855579992,63415.817555804955,1800.0,185,99,52,185,3,0.11618389161562633,False,粤宏远Ａ,3.87,2026-09-08,2016-05-26,2026-09-08,,False,False,False,ok,16,0,898201.5314442001,0.0,True,0.03258846994309525,902126.2911963725,904845.571743529
000576,1000000.0,932995.6115753117,0.0,932995.6115753117,-67004.38842468825,103196.30392469499,0.0,217,96,44,217,0,0.20102367685231226,False,甘化科工,8.6,2026-09-08,2016-01-13,2026-09-08,,False,False,False,ok,8,0,932995.6115753117,0.0,True,0.07644288061860204,937788.1499901545,930534.2714041116
000578,1000000.0,1000000.0,0.0,1000000.0,0.0,0.0,0.0,0,0,0,0,0,0.0,False,盐湖集团,1.0,2026-09-08,,,,True,True,False,ok,7,0,1000000.0,0.0,True,0.0,1000000.0,1000000.0
000581,1000000.0,913279.557014065,0.0,913279.557014065,-86720.44298593502,101730.48048594502,18900.0,209,38,25,209,1,0.24999889363840938,False,威孚高科,18.2,2026-09-08,2016-05-26,2026-09-08,,False,False,False,ok,30,0,913279.557014065,0.0,True,0.043099779396525324,939244.5197885449,837055.5771968217
000582,1000000.0,993093.3909299105,0.0,993093.3909299105,-6906.609070089529,85525.14409009495,9015.88602,183,49,23,183,0,0.11544172498876222,False,北部湾港,11.08,2026-09-08,2015-10-27,2026-09-08,,False,False,False,ok,19,0,993093.3909299105,0.0,True,0.03762964508552923,891947.673097732,944617.2443882189
000583,1000000.0,1000000.0,0.0,1000000.0,0.0,0.0,0.0,0,0,0,0,0,0.0,False,S*ST托普,1.0,2026-09-08,,,,True,True,False,ok,3,0,1000000.0,0.0,True,0.0,1000000.0,1000000.0
000584,1000000.0,603520.9908573845,0.0,603520.9908573845,-396479.0091426155,61565.28014262005,1209.5,185,116,63,185,18,0.4474896629879986,False,工智退,0.29,2026-09-08,2015-05-07,2025-07-10,,False,True,False,ok,9,1,603520.9908573845,0.0,True,0.08132091126479107,729806.0597067142,673653.7285218544
000585,1000000.0,580648.6318658076,0.0,580648.6318658076,-419351.3681341924,44063.58713419499,0.0,125,76,30,125,6,0.42502478480962846,False,东电退,0.35,2026-09-08,2015-01-05,2022-05-23,,False,True,False,ok,2,1,580648.6318658076,0.0,True,0.027757086544208186,757912.0365461423,580648.6318658076
000586,1000000.0,934140.3082182488,0.0,934140.3082182488,-65859.69178175123,64865.31578175503,0.0,204,84,52,204,5,0.11091244468879632,False,汇源通信,13.81,2026-09-08,2016-02-17,2026-09-08,,False,False,False,ok,3,0,934140.3082182488,0.0,True,0.03145353745249905,1008398.0546638925,1005691.0430813286
000587,1000000.0,793627.4779182052,0.0,793627.4779182052,-206372.5220817948,81552.21508180004,0.0,192,105,59,192,16,0.2274940965490639,False,*ST金洲,0.72,2026-09-08,2015-01-05,2023-02-02,,False,True,False,ok,6,0,793627.4779182052,0.0,True,0.04935528156020171,867132.5686890245,793627.4779182052
000588,1000000.0,1000000.0,0.0,1000000.0,0.0,0.0,0.0,0,0,0,0,0,0.0,False,PT粤金曼,1.0,2026-09-08,,,,True,True,False,ok,2,0,1000000.0,0.0,True,0.0,1000000.0,1000000.0
000589,1000000.0,821883.1315084491,0.0,821883.1315084491,-178116.8684915509,58978.36049155498,0.0,144,43,24,144,5,0.22308302784447437,False,贵州轮胎,4.38,2026-09-08,2016-05-26,2026-09-08,,False,False,False,ok,20,0,821883.1315084491,0.0,True,0.028341425483831405,842594.6548525324,812987.1108239085
000590,1000000.0,777961.8069420347,0.0,777961.8069420347,-222038.19305796525,65692.32105797005,0.0,209,88,44,209,4,0.3111509571259394,False,古汉医药,9.55,2026-09-08,2016-04-21,2026-09-08,,False,False,False,ok,6,0,777961.8069420347,0.0,True,0.03530378928305389,718523.7172825732,758995.3849831441
000591,1000000.0,892036.2657642439,0.0,892036.2657642439,-107963.7342357561,69379.42273576002,4226.7,173,51,33,173,0,0.12559031150374075,False,太阳能,4.35,2026-09-08,2016-05-26,2026-09-08,,False,False,False,ok,22,0,892036.2657642439,0.0,True,0.030476907143953534,980712.1797559425,896606.651070743
000592,1000000.0,831519.8326999384,0.0,831519.8326999384,-168480.16730006156,59253.08030006499,0.0,187,78,27,187,1,0.17458248827106962,False,平潭发展,7.9,2026-09-08,2015-11-27,2026-09-08,,False,False,False,ok,6,0,831519.8326999384,0.0,True,0.02749772263919443,936758.928290602,936806.9184247679
000593,1000000.0,976687.9354575356,0.0,976687.9354575356,-23312.064542464446,72363.45504246996,0.0,193,105,67,193,3,0.12667127043381157,False,德龙汇能,21.67,2026-09-08,2016-02-19,2026-09-08,,False,False,False,ok,10,0,976687.9354575356,0.0,True,0.04209615841841178,984571.590198583,967260.7127179245
000594,1000000.0,1000000.0,0.0,1000000.0,0.0,0.0,0.0,0,0,0,0,0,0.0,False,国恒退,1.0,2026-09-08,2015-05-29,2015-07-10,,False,True,False,ok,6,0,1000000.0,0.0,True,0.0,1000000.0,1000000.0
000595,1000000.0,878034.7569682967,0.0,878034.7569682967,-121965.24303170328,69190.94903171004,0.0,259,181,81,259,13,0.17160814497091617,False,新能股份,5.47,2026-09-08,2016-03-30,2026-09-08,,False,False,False,ok,1,0,878034.7569682967,0.0,True,0.04350595512329674,909390.0213747422,858229.2378803693
000596,1000000.0,894551.503646133,0.0,894551.503646133,-105448.496353867,92107.82535387494,13050.0,255,35,33,255,1,0.18570268054337152,False,古井贡酒,101.0,2026-09-08,2016-05-26,2026-09-08,,False,False,False,ok,26,0,894551.503646133,0.0,True,0.04946407722799385,1070157.7194135124,1016917.0639807396
000597,1000000.0,878872.6402881168,0.0,878872.6402881168,-121127.35971188324,97482.26521188997,0.0,204,59,43,204,2,0.1789604236484451,False,东北制药,4.93,2026-09-08,2016-05-10,2026-09-08,,False,False,False,ok,13,0,878872.6402881168,0.0,True,0.04112888773214739,993676.0952327142,964963.0748544108
000598,1000000.0,938059.5046418647,0.0,938059.5046418647,-61940.49535813532,104862.89685814492,10472.000000000002,167,53,37,167,0,0.10808500904614136,False,兴蓉环境,7.17,2026-09-08,2016-05-26,2026-09-08,,False,False,False,ok,23,0,938059.5046418647,0.0,True,0.05019349154628915,960617.8581251132,944429.6949430406
000599,1000000.0,1004681.4239539689,0.0,1004681.4239539689,4681.423953968915,77048.0780460349,0.0,189,85,50,189,3,0.13209126475416255,False,青岛双星,4.77,2026-09-08,2016-05-16,2026-09-08,,False,False,False,ok,16,0,1004681.4239539689,0.0,True,0.03537703695242009,990493.205423282,947446.6515658335
000600,1000000.0,701821.6068574239,0.0,701821.6068574239,-298178.3931425761,59181.71414257996,522.0,184,109,38,184,0,0.3051553448874036,False,建投能源,7.44,2026-09-08,2016-05-24,2026-09-08,,False,False,False,ok,27,0,701821.6068574239,0.0,True,0.03535313512611879,868909.1603682108,791996.8120203072
000601,1000000.0,782492.0889683407,0.0,782492.0889683407,-217507.91103165934,78107.61453166493,7275.0,186,84,38,186,2,0.2961245720965276,False,韶能股份,6.2,2026-09-08,2016-05-10,2026-09-08,,False,False,False,ok,29,0,782492.0889683407,0.0,True,0.037838231306090556,868088.8074401233,830321.4713894395
000602,1000000.0,1000000.0,0.0,1000000.0,0.0,0.0,0.0,0,0,0,0,0,0.0,False,金马集团,1.0,2026-09-08,,,,True,True,False,ok,4,0,1000000.0,0.0,True,0.0,1000000.0,1000000.0
000603,1000000.0,913653.2248511009,0.0,913653.2248511009,-86346.77514889906,74106.396648905,1140.0,248,79,48,248,7,0.16063297377727698,False,盛达资源,34.5,2026-09-08,2016-02-15,2026-09-08,,False,False,False,ok,9,0,913653.2248511009,0.0,True,0.03596157084383351,914985.5846099934,950852.3546405553
000605,1000000.0,838521.706059226,0.0,838521.706059226,-161478.29394077405,70724.37144078003,1048.0,193,86,57,193,2,0.2032202478827235,False,渤海股份,6.18,2026-09-08,2016-05-24,2026-09-08,,False,False,False,ok,15,0,838521.706059226,0.0,True,0.03954260078135931,955481.6535244223,852974.4425618644
000606,1000000.0,789223.8467260881,0.0,789223.8467260881,-210776.1532739119,58223.60327391499,0.0,145,74,45,145,4,0.2556693329463868,False,顺利退,0.28,2026-09-08,2015-01-05,2023-07-05,,False,True,False,ok,6,1,789223.8467260881,0.0,True,0.0387040972053217,920095.8313869727,789223.8467260881
000607,1000000.0,835766.2522335214,0.0,835766.2522335214,-164233.74776647857,69083.91526648506,0.0,189,80,43,189,1,0.172601628767252,False,华媒控股,4.02,2026-09-08,2016-05-26,2026-09-08,,False,False,False,ok,12,0,835766.2522335214,0.0,True,0.0337528663667067,899708.412810334,875409.7721685807
000608,1000000.0,932931.1624216504,0.0,932931.1624216504,-67068.83757834963,81480.38907835505,0.0,228,117,77,228,4,0.26554421195848754,False,阳光股份,7.64,2026-09-08,2015-10-22,2026-09-08,,False,False,False,ok,9,0,932931.1624216504,0.0,True,0.04505320724190731,898827.4826207042,841811.8946915503
000609,1000000.0,657349.7311449358,0.0,657349.7311449358,-342650.2688550642,67446.99235507002,0.0,258,121,64,258,32,0.3707339767312091,False,*ST中迪,9.86,2026-09-08,2016-03-10,2026-09-08,,False,False,False,ok,9,0,657349.7311449358,0.0,True,0.03742184887643681,923122.7455839127,840910.9761405089
000610,1000000.0,883182.1673506165,0.0,883182.1673506165,-116817.83264938346,72659.43514939005,0.0,234,119,56,234,4,0.1448746008275556,False,*ST西旅,8.11,2026-09-08,2015-12-04,2026-09-08,,False,False,False,ok,17,0,883182.1673506165,0.0,True,0.04104047039035483,965754.9565816643,945077.1638666156
000611,1000000.0,665310.3506831643,0.0,665310.3506831643,-334689.6493168357,46422.54631683998,0.0,111,77,48,111,12,0.3599876180273899,False,天首退,1.39,2026-09-08,2015-01-05,2022-06-27,,False,True,False,ok,4,1,665310.3506831643,0.0,True,0.04069629699166711,803407.2144231137,665310.3506831643
000612,1000000.0,1131691.7060895988,0.0,1131691.7060895988,131691.70608959883,76243.23641040498,880.0,197,73,40,197,4,0.1511978306811465,False,焦作万方,10.99,2026-09-08,2015-12-31,2026-09-08,,False,False,False,ok,20,0,1131691.7060895988,0.0,True,0.031064357990839293,1191832.712080792,1115289.2231094325
000613,1000000.0,809145.1123853824,0.0,809145.1123853824,-190854.8876146176,41968.31811461999,0.0,134,85,43,134,15,0.2405619317457891,False,东海A退,0.58,2026-09-08,2015-01-05,2022-06-28,,False,True,False,ok,1,1,809145.1123853824,0.0,True,0.04624960210115401,851918.957467852,809145.1123853824
000615,1000000.0,661365.5734359404,0.0,661365.5734359404,-338634.42656405957,58402.27706406502,276.0,245,157,82,245,20,0.4080583644406697,False,*ST美谷,3.35,2026-09-08,2016-01-14,2026-09-08,,False,False,False,ok,10,1,661365.5734359404,0.0,True,0.04334838954146042,726658.0658159729,687673.8639817495
000616,1000000.0,660491.2711240049,175700.0,809836.2711240049,-190163.72887599515,67431.27187600003,0.0,144,64,42,143,4,0.2969120087236946,False,*ST海投,0.85,2026-09-08,2015-04-17,2023-06-13,,False,True,False,ok,20,0,660491.2711240049,149345.0,False,0.11045221160235917,881073.1000823842,809836.2711240049
000617,1000000.0,1089805.521544014,0.0,1089805.521544014,89805.5215440141,90173.71645598988,12870.0,197,76,38,197,1,0.0769893259121347,False,中油资本,7.25,2026-09-08,2015-12-15,2026-09-08,,False,False,False,ok,22,0,1089805.521544014,0.0,True,0.038524916293726064,1060405.1112326228,1111797.5720292232
000618,1000000.0,1000000.0,0.0,1000000.0,0.0,0.0,0.0,0,0,0,0,0,0.0,False,吉林化工,1.0,2026-09-08,,,,True,True,False,ok,4,0,1000000.0,0.0,True,0.0,1000000.0,1000000.0
000619,1000000.0,781549.0776281436,0.0,781549.0776281436,-218450.9223718564,70010.55537186003,0.0,169,78,42,169,1,0.22461684025667164,False,海螺新材,5.16,2026-09-08,2016-03-29,2026-09-08,,False,False,False,ok,22,0,781549.0776281436,0.0,True,0.03690209874787286,818846.5517237415,836151.453043368
000620,1000000.0,861558.6989039634,0.0,861558.6989039634,-138441.30109603656,58930.395096039996,6340.0,164,110,57,164,13,0.1627418864314353,False,盈新发展,3.32,2026-09-08,2016-05-23,2026-09-08,,False,False,False,ok,10,1,861558.6989039634,0.0,True,0.034191288745386225,911843.6648857323,861558.6989039634
000621,1000000.0,1000000.0,0.0,1000000.0,0.0,0.0,0.0,0,0,0,0,0,0.0,False,*ST比特,1.0,2026-09-08,,,,True,True,False,ok,2,0,1000000.0,0.0,True,0.0,1000000.0,1000000.0
000622,1000000.0,562323.0205896995,0.0,562323.0205896995,-437676.9794103005,59603.54641030503,0.0,213,172,79,213,13,0.43866094775687986,False,恒立退,0.15,2026-09-08,2015-01-05,2025-07-15,,False,True,False,ok,0,1,562323.0205896995,0.0,True,0.044439813369183824,691768.009729392,737232.9615770183
000623,1000000.0,811792.6569689361,0.0,811792.6569689361,-188207.3430310639,92837.36853107007,13900.0,150,18,19,150,0,0.2204393465041635,False,吉林敖东,18.29,2026-09-08,2016-05-26,2026-09-08,,False,False,False,ok,29,0,811792.6569689361,0.0,True,0.03930754369020795,880715.0564503933,864597.248017695
000625,1000000.0,684344.7385012748,0.0,684344.7385012748,-315655.26149872516,88898.71699873004,5928.900000000001,229,108,70,229,3,0.33714615953099597,False,长安汽车,7.24,2026-09-08,2016-05-26,2026-09-08,,False,False,False,ok,27,0,684344.7385012748,0.0,True,0.05621372097077752,973949.5846413624,930068.1318671532
000626,1000000.0,808658.5050096746,0.0,808658.5050096746,-191341.49499032542,59987.65749032997,0.0,187,69,39,187,5,0.19534375172888535,False,远大控股,10.42,2026-09-08,2016-05-26,2026-09-08,,False,False,False,ok,6,0,808658.5050096746,0.0,True,0.030111018366021737,890313.354915462,897754.5001070937
000627,1000000.0,587363.698583401,78800.0,711867.698583401,-288132.30141659896,84860.914916605,0.0,185,63,34,184,12,0.34187053159738,False,*ST天茂,1.58,2026-09-08,2015-01-16,2025-08-13,,False,True,False,ok,18,0,587363.698583401,124504.0,False,0.061896106982342915,879889.387390974,790862.7279202053
000628,1000000.0,1141827.848685993,0.0,1141827.848685993,141827.8486859931,88821.477814015,1219.6,227,112,62,227,4,0.11297838623099052,False,高新发展,53.2,2026-09-08,2016-05-12,2026-09-08,,False,False,False,ok,10,0,1141827.848685993,0.0,True,0.044350131613690315,1093595.7758252444,1077892.4413978662
000629,1000000.0,893659.2277763537,0.0,893659.2277763537,-106340.77222364629,76356.11072364994,0.0,173,114,72,173,3,0.218424803009749,False,钒钛股份,3.03,2026-09-08,2015-01-05,2026-09-08,,False,False,False,ok,16,0,893659.2277763537,0.0,True,0.08336878663463514,960417.0883458324,923447.9360177534
000630,1000000.0,871694.3898922261,0.0,871694.3898922261,-128305.61010777391,59987.96510778001,0.0,156,37,28,156,0,0.1748213322875075,False,铜陵有色,6.54,2026-09-08,2016-05-12,2026-09-08,,False,False,False,ok,30,0,871694.3898922261,0.0,True,0.026102388498056257,909717.2899671928,838075.2505179538
000631,1000000.0,920658.9224612424,0.0,920658.9224612424,-79341.07753875758,93101.29753876498,27714.0,191,92,51,191,2,0.1614432199132652,False,顺发恒能,3.01,2026-09-08,2016-05-26,2026-09-08,,False,False,False,ok,16,0,920658.9224612424,0.0,True,0.043121091612838544,988845.6071416745,880185.7383581112
000632,1000000.0,758022.2070040645,0.0,758022.2070040645,-241977.79299593554,53185.18349593993,0.0,164,85,52,164,7,0.2524299795397212,False,ST三木,4.12,2026-09-08,2016-05-25,2026-09-08,,False,False,False,ok,8,0,758022.2070040645,0.0,True,0.03250748752683955,846373.5110293225,788114.8502856239
000633,1000000.0,860078.9916430396,0.0,860078.9916430396,-139921.00835696037,60522.96135696497,0.0,207,113,62,207,4,0.1806909016422372,False,合金投资,5.49,2026-09-08,2015-01-14,2026-09-08,,False,False,False,ok,4,0,860078.9916430396,0.0,True,0.03569950721017168,921463.8686717323,896519.1717665133
000635,1000000.0,843236.7699981148,0.0,843236.7699981148,-156763.2300018852,57130.09750189004,5565.0,189,86,38,189,7,0.2697644718033694,False,英 力 特,7.58,2026-09-08,2016-01-29,2026-09-08,,False,False,False,ok,15,0,843236.7699981148,0.0,True,0.03020007572983662,872818.5401786433,778384.3815890991
000636,1000000.0,939960.0214596479,0.0,939960.0214596479,-60039.97854035208,62895.509540355015,0.0,200,87,62,200,1,0.15406132692657457,False,风华高科,49.83,2026-09-08,2016-01-22,2026-09-08,,False,False,False,ok,29,0,939960.0214596479,0.0,True,0.03263178546096395,999017.1476255311,955382.8147622076
000637,1000000.0,891654.181109199,0.0,891654.181109199,-108345.81889080105,53456.703390804934,0.0,146,34,30,146,7,0.12635040590154797,False,茂化实华,4.44,2026-09-08,2016-05-24,2026-09-08,,False,False,False,ok,26,0,891654.181109199,0.0,True,0.02300589886283628,959057.9080554118,926409.2784349126
000638,1000000.0,555471.4351774432,0.0,555471.4351774432,-444528.5648225568,52972.097822559976,0.0,236,171,78,236,32,0.4481983977109896,False,*ST万方,0.89,2026-09-08,2015-01-05,2026-04-13,,False,True,False,ok,3,0,555471.4351774432,0.0,True,0.0481759933266645,723021.3594805927,691574.6144800282
000639,1000000.0,780152.8212184572,0.0,780152.8212184572,-219847.1787815428,77048.60428154995,0.0,213,90,49,213,1,0.25691035008118485,False,ST西王,1.7,2026-09-08,2016-01-13,2026-09-08,,False,False,False,ok,12,0,780152.8212184572,0.0,True,0.03697240149135498,984755.5261444843,930690.5371503509
000650,1000000.0,835962.9327844353,0.0,835962.9327844353,-164037.06721556466,73021.25471557004,5730.0,185,85,36,185,1,0.19007617922014164,False,仁和药业,5.46,2026-09-08,2016-05-26,2026-09-08,,False,False,False,ok,19,0,835962.9327844353,0.0,True,0.035358454395398455,917718.8244090034,857846.3436365847
000651,1000000.0,693312.2227896396,0.0,693312.2227896396,-306687.7772103604,105748.34871037002,14500.0,237,44,35,237,1,0.345358644513229,False,格力电器,38.29,2026-09-08,2015-10-08,2026-09-08,,False,False,False,ok,35,0,693312.2227896396,0.0,True,0.06271325032950131,824833.0101050836,747730.9631018608
000652,1000000.0,702046.7937167299,0.0,702046.7937167299,-297953.20628327015,50297.03028327497,836.0,153,102,31,153,5,0.3147302672700177,False,泰达股份,3.59,2026-09-08,2016-05-24,2026-09-08,,False,False,False,ok,27,0,702046.7937167299,0.0,True,0.03155371124314045,709254.2758442429,710364.8676377538
000653,1000000.0,1000000.0,0.0,1000000.0,0.0,0.0,0.0,0,0,0,0,0,0.0,False,ST九州,1.0,2026-09-08,,,,True,True,False,ok,1,0,1000000.0,0.0,True,0.0,1000000.0,1000000.0
000655,1000000.0,965420.1372459054,0.0,965420.1372459054,-34579.86275409465,63356.35775410001,0.0,179,58,34,179,0,0.07949587377732371,False,金岭矿业,7.51,2026-09-08,2016-05-12,2026-09-08,,False,False,False,ok,19,0,965420.1372459054,0.0,True,0.025488929735529495,996351.3100148024,1027663.9338432739
000656,1000000.0,895821.1611437616,0.0,895821.1611437616,-104178.8388562384,125022.5343562451,8900.0,308,156,83,308,5,0.2365312869302401,False,金科股份,1.27,2026-09-08,2016-02-29,2026-09-08,,False,False,False,ok,7,0,895821.1611437616,0.0,True,0.0688775158407361,1047681.9155411231,970039.2356968448
000657,1000000.0,890319.2621645331,0.0,890319.2621645331,-109680.73783546686,55385.35533547004,0.0,173,64,21,173,2,0.16993185345180362,False,中钨高新,59.86,2026-09-08,2016-05-05,2026-09-08,,False,False,False,ok,7,0,890319.2621645331,0.0,True,0.024448940132349165,1035936.6548150815,921172.9175076071
000658,1000000.0,1000000.0,0.0,1000000.0,0.0,0.0,0.0,0,0,0,0,0,0.0,False,ST海洋,1.0,2026-09-08,,,,True,True,False,ok,2,0,1000000.0,0.0,True,0.0,1000000.0,1000000.0
000659,1000000.0,717426.3583614101,0.0,717426.3583614101,-282573.6416385899,73669.75363859501,0.0,247,137,56,247,2,0.2953995229317856,False,珠海中富,3.03,2026-09-08,2016-02-29,2026-09-08,,False,False,False,ok,16,0,717426.3583614101,0.0,True,0.044460734039759225,785116.839905393,727604.8150206483
000660,1000000.0,1000000.0,0.0,1000000.0,0.0,0.0,0.0,0,0,0,0,0,0.0,False,*ST南华,1.0,2026-09-08,,,,True,True,False,ok,2,0,1000000.0,0.0,True,0.0,1000000.0,1000000.0
000661,1000000.0,1000000.0,0.0,1000000.0,0.0,0.0,0.0,0,0,0,0,0,0.0,False,长春高新,75.93,2026-09-08,2016-05-13,2026-09-08,,False,False,True,ok,18,0,1000000.0,0.0,True,0.0,1000000.0,1000000.0
000662,1000000.0,625554.2756451938,416600.0,729704.2756451938,-270295.72435480624,32863.755238851714,1407.27336,111,78,38,110,16,0.28155501701741303,True,天夏退,0.25,2026-09-08,2015-01-05,2021-04-09,,False,True,False,ok,6,0,625554.2756451938,104150.0,False,0.10413345122618949,729704.2756451938,729704.2756451938
000663,1000000.0,818897.237300975,0.0,818897.237300975,-181102.76269902498,62925.578699030026,0.0,179,76,45,179,1,0.19850478492226364,False,永安林业,6.33,2026-09-08,2016-04-20,2026-09-08,,False,False,False,ok,7,0,818897.237300975,0.0,True,0.03353962641084755,910540.1958969736,839372.3170654393
000665,1000000.0,790515.8806963596,0.0,790515.8806963596,-209484.11930364044,69207.28880364502,1113.0,201,92,55,201,0,0.224209919042324,False,湖北广电,4.3,2026-09-08,2016-05-26,2026-09-08,,False,False,False,ok,12,0,790515.8806963596,0.0,True,0.034866556293817685,922116.1736719828,846475.8103794886
000666,1000000.0,811696.7418396836,0.0,811696.7418396836,-188303.25816031639,57009.30866032004,0.0,129,42,22,129,1,0.23531845328341325,False,经纬纺机,8.97,2026-09-08,2015-01-05,2023-08-31,,False,True,False,ok,24,0,811696.7418396836,0.0,True,0.02713274270996845,845931.6202488322,811696.7418396836
000667,1000000.0,710822.8371631323,0.0,710822.8371631323,-289177.16283686773,98035.58033687493,0.0,165,133,47,165,6,0.2958907395478171,False,ST美置,0.58,2026-09-08,2015-01-05,2023-05-25,,False,True,False,ok,15,0,710822.8371631323,0.0,True,0.07069745356476627,824133.0146144462,710822.8371631323
000668,1000000.0,792025.4051929754,0.0,792025.4051929754,-207974.59480702458,73538.75030703003,794.0,213,73,53,213,3,0.2650580283757754,False,荣丰控股,21.71,2026-09-08,2016-05-10,2026-09-08,,False,False,False,ok,22,0,792025.4051929754,0.0,True,0.04021159114247598,856281.4563579939,741839.8248574997
000669,1000000.0,742558.6254789223,0.0,742558.6254789223,-257441.37452107773,78030.32902108504,0.0,242,94,48,242,10,0.3261659434416035,False,ST金鸿,4.2,2026-09-08,2015-12-04,2026-09-08,,False,False,False,ok,7,0,742558.6254789223,0.0,True,0.04136119609512681,800505.684435414,751286.9848862002
000670,1000000.0,892406.8381428414,0.0,892406.8381428414,-107593.16185715864,28846.47985716001,0.0,91,58,27,91,5,0.150739037189146,False,盈方微,7.12,2026-09-08,2015-01-05,2026-09-08,,False,False,False,ok,4,1,892406.8381428414,0.0,True,0.026295342439675348,892406.8381428414,892406.8381428414
000671,1000000.0,897217.8646531051,0.0,897217.8646531051,-102782.13534689485,85769.83384690002,0.0,188,115,64,188,4,0.18032548061197737,False,ST阳光城,0.37,2026-09-08,2015-01-05,2023-06-09,,False,True,False,ok,20,0,897217.8646531051,0.0,True,0.053953448135391505,956499.0929321647,897217.8646531051
000672,1000000.0,1022686.1364455068,0.0,1022686.1364455068,22686.136445506825,73870.19155450002,20034.0,201,80,41,201,2,0.16248736612457843,False,上峰材料,15.18,2026-09-08,2016-05-13,2026-09-08,,False,False,False,ok,18,0,1022686.1364455068,0.0,True,0.034768442752716115,956111.5739593841,901857.3026363956
000673,1000000.0,562224.2935384121,0.0,562224.2935384121,-437775.7064615879,42637.89646159001,0.0,137,96,56,137,22,0.47509854212766217,False,当代退,0.25,2026-09-08,2015-01-05,2022-07-01,,False,True,False,ok,5,1,562224.2935384121,0.0,True,0.04811934734343861,786103.1676506919,562224.2935384121
000675,1000000.0,1000000.0,0.0,1000000.0,0.0,0.0,0.0,0,0,0,0,0,0.0,False,ST银山,1.0,2026-09-08,,,,True,True,False,ok,2,0,1000000.0,0.0,True,0.0,1000000.0,1000000.0
000676,1000000.0,1052900.9827873267,0.0,1052900.9827873267,52900.98278732668,68843.68671268002,0.0,214,68,44,214,6,0.14821826266772398,False,智度股份,7.15,2026-09-08,2016-02-04,2026-09-08,,False,False,False,ok,12,0,1052900.9827873267,0.0,True,0.02760939841646223,1100748.2511385642,1037726.30012139
000677,1000000.0,828634.5660003433,0.0,828634.5660003433,-171365.4339996567,58220.45399966,0.0,195,109,66,195,13,0.22213662917446775,False,ST海龙,1.95,2026-09-08,2016-04-11,2026-09-08,,False,False,False,ok,8,0,828634.5660003433,0.0,True,0.03407530846430704,796947.690733731,802716.5061668871
000678,1000000.0,721424.5483366004,0.0,721424.5483366004,-278575.4516633996,73037.88316340496,0.0,226,149,71,226,6,0.366848579136829,False,襄阳轴承,9.47,2026-09-08,2016-03-25,2026-09-08,,False,False,False,ok,3,0,721424.5483366004,0.0,True,0.056357907274987996,681388.0379541444,698143.4250668152
000679,1000000.0,774243.0021087299,0.0,774243.0021087299,-225756.9978912701,65574.99089127498,0.0,224,101,33,224,9,0.2322166168388605,False,大连友谊,7.21,2026-09-08,2016-05-10,2026-09-08,,False,False,False,ok,20,0,774243.0021087299,0.0,True,0.03530732571344183,829766.413638664,814021.1964947644
000680,1000000.0,968291.1788858537,0.0,968291.1788858537,-31708.821114146267,54932.76611414999,3828.0,156,43,21,156,2,0.11065102861690317,False,山推股份,10.73,2026-09-08,2016-05-26,2026-09-08,,False,False,False,ok,21,0,968291.1788858537,0.0,True,0.022888656628943422,973518.257958822,927036.3189531078
000681,1000000.0,730166.935760465,0.0,730166.935760465,-269833.064239535,68589.93223954005,393.6,256,128,57,256,5,0.32387356067972695,False,视觉中国,17.99,2026-09-08,2016-05-26,2026-09-08,,False,False,False,ok,17,0,730166.935760465,0.0,True,0.04148793047021867,940780.9372348029,819630.0034861038
000682,1000000.0,898266.1041365548,0.0,898266.1041365548,-101733.89586344524,73611.75086345,2835.0,194,65,32,194,1,0.13780757431953988,False,东方电子,11.2,2026-09-08,2015-07-16,2026-09-08,,False,False,False,ok,16,0,898266.1041365548,0.0,True,0.0336120970138822,905015.7980801923,910441.9534786837
000683,1000000.0,690761.9683204849,0.0,690761.9683204849,-309238.03167951514,59178.17167952001,15720.0,182,71,34,182,0,0.33022239306009293,False,博源化工,6.24,2026-09-08,2016-05-26,2026-09-08,,False,False,False,ok,13,0,690761.9683204849,0.0,True,0.03319658014406703,798521.1409945923,755597.4244219738
000685,1000000.0,935333.5897656605,0.0,935333.5897656605,-64666.410234339535,85059.75323434499,12640.0,135,27,20,135,1,0.12938428730886756,False,中山公用,11.4,2026-09-08,2016-05-26,2026-09-08,,False,False,False,ok,12,0,935333.5897656605,0.0,True,0.034613761276316074,962762.6006568728,876929.0662671597
000686,1000000.0,1000000.0,0.0,1000000.0,0.0,0.0,0.0,0,0,0,0,0,0.0,False,东北证券,8.0,2026-09-08,2016-05-26,2026-09-08,,False,False,True,ok,14,0,1000000.0,0.0,True,0.0,1000000.0,1000000.0
000687,1000000.0,729572.2218482337,0.0,729572.2218482337,-270427.7781517663,48007.808151769954,0.0,164,92,41,164,15,0.306919395861247,False,华讯退,0.29,2026-09-08,2015-04-27,2022-06-16,,False,True,False,ok,6,1,729572.2218482337,0.0,True,0.028470441871148357,746980.4558424338,729572.2218482337
000688,1000000.0,902406.1140159175,0.0,902406.1140159175,-97593.88598408247,104017.05098408999,2420.0,272,142,66,272,7,0.2569165563136369,False,国城矿业,27.72,2026-09-08,2015-05-19,2026-09-08,,False,False,False,ok,5,0,902406.1140159175,0.0,True,0.06550020315771393,872548.9954798156,799954.8411035121
000689,1000000.0,1000000.0,0.0,1000000.0,0.0,0.0,0.0,0,0,0,0,0,0.0,False,ST宏业,1.0,2026-09-08,,,,True,True,False,ok,2,0,1000000.0,0.0,True,0.0,1000000.0,1000000.0
000690,1000000.0,863222.2682597955,0.0,863222.2682597955,-136777.7317402045,88246.09124021,12035.4,200,83,35,200,0,0.20774059742361495,False,宝新能源,5.12,2026-09-08,2016-04-07,2026-09-08,,False,False,False,ok,31,0,863222.2682597955,0.0,True,0.04352754238721255,919688.1595683824,884060.8509353884
000691,1000000.0,833419.9651743707,0.0,833419.9651743707,-166580.03482562932,65094.62982563504,0.0,221,94,52,221,2,0.20080647334463045,False,亚太实业,10.2,2026-09-08,2016-05-12,2026-09-08,,False,False,False,ok,3,0,833419.9651743707,0.0,True,0.03371409309578154,841483.0384931135,831070.3561628493
000692,1000000.0,924253.2342825233,0.0,924253.2342825233,-75746.76571747672,57129.27571748005,1393.1999999999998,160,66,41,160,7,0.13544282632671686,False,惠天热电,4.3,2026-09-08,2016-05-24,2026-09-08,,False,False,False,ok,7,0,924253.2342825233,0.0,True,0.027763531673227516,942491.1207305717,955642.304324748
000693,1000000.0,858719.2888082301,360200.0,991993.2888082301,-8006.711191769922,308.1241917699999,0.0,2,4,2,1,0,0.011998927228920046,False,华泽退,0.37,2026-09-08,2015-01-05,2019-07-08,,False,True,False,ok,0,0,858719.2888082301,133274.0,False,0.09688590663085664,991993.2888082301,991993.2888082301
000695,1000000.0,893077.6346321696,0.0,893077.6346321696,-106922.36536783038,74191.91086783503,0.0,239,91,50,239,4,0.14341575977628956,False,滨海能源,14.25,2026-09-08,2016-01-27,2026-09-08,,False,False,False,ok,7,0,893077.6346321696,0.0,True,0.039820941562737314,933064.2571181713,886156.5963913526
000697,1000000.0,801638.5255030943,0.0,801638.5255030943,-198361.4744969057,71266.58149690999,0.0,233,82,40,233,2,0.24626033481590417,False,炼石航空,9.28,2026-09-08,2015-12-04,2026-09-08,,False,False,False,ok,7,1,801638.5255030943,0.0,True,0.03568644170618779,823161.0038453521,813649.6043986633
000698,1000000.0,782253.1200538885,0.0,782253.1200538885,-217746.87994611147,52884.64694611504,0.0,163,68,34,163,2,0.2452630140384307,False,ST沈化,3.71,2026-09-08,2016-05-25,2026-09-08,,False,False,False,ok,7,0,782253.1200538885,0.0,True,0.02737011538391092,855698.7222233517,784432.9826948178
000699,1000000.0,1000000.0,0.0,1000000.0,0.0,0.0,0.0,0,0,0,0,0,0.0,False,S*ST佳纸,1.0,2026-09-08,,,,True,True,False,ok,1,0,1000000.0,0.0,True,0.0,1000000.0,1000000.0
000700,1000000.0,819776.2092003885,0.0,819776.2092003885,-180223.79079961148,59624.04089961507,11276.980100000002,199,92,60,199,4,0.19578499285731185,False,模塑科技,11.91,2026-09-08,2016-03-29,2026-09-08,,False,False,False,ok,27,0,819776.2092003885,0.0,True,0.03319462759343517,840543.9758209516,884411.5614825723
000701,1000000.0,815951.0991290943,0.0,815951.0991290943,-184048.90087090572,50836.64737091002,0.0,173,62,32,173,2,0.20611752555081833,False,厦门信达,5.29,2026-09-08,2016-05-26,2026-09-08,,False,False,False,ok,13,0,815951.0991290943,0.0,True,0.025291067967014164,864021.9704168611,880734.3582116575
000702,1000000.0,818424.802946024,0.0,818424.802946024,-181575.197053976,48335.37355397999,0.0,158,66,38,158,5,0.22476268328489013,False,正虹科技,6.25,2026-09-08,2016-05-19,2026-09-08,,False,False,False,ok,6,0,818424.802946024,0.0,True,0.025789132504843694,852377.9591991821,831750.1796755327
000703,1000000.0,641339.9127437258,0.0,641339.9127437258,-358660.0872562742,108762.25325628016,12680.0,260,149,75,260,0,0.40903422890819685,False,恒逸石化,18.89,2026-09-08,2016-02-25,2026-09-08,,False,False,False,ok,16,0,641339.9127437258,0.0,True,0.07087183276861614,925860.918817284,764886.2321052207
000705,1000000.0,991178.69365205,0.0,991178.69365205,-8821.306347950012,63761.59684795496,6402.0,145,51,19,145,0,0.08284079785190362,False,浙江震元,7.43,2026-09-08,2016-05-26,2026-09-08,,False,False,False,ok,20,0,991178.69365205,0.0,True,0.026653697152806567,964377.777494823,1073421.5958254985
000707,1000000.0,790367.803666686,0.0,790367.803666686,-209632.19633331394,77748.56483331995,0.0,203,69,36,203,4,0.21069770168976393,False,双环科技,4.8,2026-09-08,2016-04-27,2026-09-08,,False,False,False,ok,9,0,790367.803666686,0.0,True,0.03728594880635766,818485.1155157944,841442.6319038749
000708,1000000.0,842680.2916405024,0.0,842680.2916405024,-157319.7083594976,85005.21935950483,36230.0,213,78,23,213,1,0.17531249422272493,False,中信特钢,13.66,2026-09-08,2016-05-18,2026-09-08,,False,False,False,ok,22,0,842680.2916405024,0.0,True,0.041619555994192425,928331.3269644037,870541.1500949103
000709,1000000.0,823632.5935068687,0.0,823632.5935068687,-176367.4064931313,79442.14799313497,14008.0,151,71,31,151,1,0.2040671780034967,False,河钢股份,2.14,2026-09-08,2016-05-26,2026-09-08,,False,False,False,ok,24,0,823632.5935068687,0.0,True,0.03936038181988993,917057.0426308212,852397.3981844827
000710,1000000.0,694570.6262394799,0.0,694570.6262394799,-305429.37376052013,60811.379760525,0.0,233,79,46,233,5,0.3524035452454675,False,贝瑞基因,8.9,2026-09-08,2015-11-03,2026-09-08,,False,False,False,ok,2,0,694570.6262394799,0.0,True,0.0340407405277538,808855.9442125836,708727.9006274194
000711,1000000.0,952882.5425580379,0.0,952882.5425580379,-47117.45744196209,79043.41894196504,690.0,262,131,88,262,11,0.1828740734599814,False,ST京蓝,5.53,2026-09-08,2015-01-05,2026-09-08,,False,False,False,ok,2,0,952882.5425580379,0.0,True,0.04600813139709754,904194.9686563226,896310.299870097
000712,1000000.0,845461.2314464292,0.0,845461.2314464292,-154538.76855357084,69142.26405357504,0.0,201,65,44,201,4,0.19776374757624643,False,锦龙股份,11.85,2026-09-08,2016-05-23,2026-09-08,,False,False,False,ok,15,0,845461.2314464292,0.0,True,0.0342432383106347,922985.8387126522,897624.8333987286
000713,1000000.0,941858.7910044573,0.0,941858.7910044573,-58141.20899554272,88624.42649555001,1798.0,233,95,52,233,2,0.1406294674190961,False,国投丰乐,7.06,2026-09-08,2016-03-28,2026-09-08,,False,False,False,ok,25,0,941858.7910044573,0.0,True,0.046340224446362446,934003.1504124328,930450.567324705
000715,1000000.0,679817.0350870439,0.0,679817.0350870439,-320182.9649129561,62647.39791295999,5003.5,206,97,59,206,5,0.3211867250318561,False,中兴商业,5.81,2026-09-08,2016-05-11,2026-09-08,,False,False,False,ok,26,0,679817.0350870439,0.0,True,0.03787958495928477,762369.4599320323,700807.2290124185
000716,1000000.0,824554.6156767885,0.0,824554.6156767885,-175445.3843232115,68968.62032321497,4034.0,226,93,66,226,6,0.22204386250182173,False,黑芝麻,5.84,2026-09-08,2015-05-27,2026-09-08,,False,False,False,ok,9,0,824554.6156767885,0.0,True,0.056755287090081645,861630.9718537224,839440.6368648533
000717,1000000.0,839343.5659126134,0.0,839343.5659126134,-160656.4340873866,69784.99958738996,13257.0,189,92,44,189,1,0.19507926238114448,False,中南股份,2.32,2026-09-08,2016-01-15,2026-09-08,,False,False,False,ok,15,0,839343.5659126134,0.0,True,0.034434590619371166,927316.4494045818,878507.9261819781
000718,1000000.0,1007153.4060634144,0.0,1007153.4060634144,7153.406063414412,75584.49243659005,1386.0,158,78,46,158,1,0.12127294013339206,False,苏宁环球,2.05,2026-09-08,2015-11-03,2026-09-08,,False,False,False,ok,22,0,1007153.4060634144,0.0,True,0.03309346231295336,1098748.5390576636,1042505.4466233792
000719,1000000.0,908645.3831836565,0.0,908645.3831836565,-91354.6168163435,84384.90081634998,43026.0,183,70,30,183,0,0.14352061419012932,False,中原传媒,12.47,2026-09-08,2016-03-14,2026-09-08,,False,False,False,ok,12,0,908645.3831836565,0.0,True,0.03818310013668654,910224.4279036841,882809.1546059906
000720,1000000.0,859594.3318900596,0.0,859594.3318900596,-140405.66810994036,85440.17110994505,0.0,218,95,38,218,4,0.18271550660177444,False,新能泰山,3.82,2026-09-08,2015-05-27,2026-09-08,,False,False,False,ok,7,0,859594.3318900596,0.0,True,0.04047570432988137,977648.5828139636,911490.096555874
000721,1000000.0,891405.2545636607,0.0,891405.2545636607,-108594.74543633929,67101.23343634492,0.0,219,87,34,219,2,0.15809105096638212,False,西安饮食,7.69,2026-09-08,2016-05-13,2026-09-08,,False,False,False,ok,9,0,891405.2545636607,0.0,True,0.032029924609774545,910986.5616440234,923676.226910189
000722,1000000.0,891798.4540051966,0.0,891798.4540051966,-108201.54599480343,75953.80349480995,0.0,201,85,51,201,3,0.16239720678579586,False,湖南发展,13.32,2026-09-08,2016-05-12,2026-09-08,,False,False,False,ok,13,0,891798.4540051966,0.0,True,0.03942758074174474,847170.0260026136,847571.1607751949
000723,1000000.0,660838.2951830797,0.0,660838.2951830797,-339161.70481692033,65533.67931692502,0.0,216,123,62,216,5,0.3434110292862178,False,美锦能源,3.88,2026-09-08,2015-10-21,2026-09-08,,False,False,False,ok,4,0,660838.2951830797,0.0,True,0.06726997042772465,731185.2875554234,695421.3254591839
000725,1000000.0,888477.9535377908,0.0,888477.9535377908,-111522.0464622092,80950.67096221495,4545.0,184,59,31,184,2,0.18777857670649153,False,京东方Ａ,5.56,2026-09-08,2016-05-26,2026-09-08,,False,False,False,ok,19,0,888477.9535377908,0.0,True,0.03821388611375706,900957.8645360931,838614.8648121147
000726,1000000.0,821863.3504640034,0.0,821863.3504640034,-178136.6495359966,111383.75303600504,16350.0,176,53,28,176,0,0.17813664953599662,False,鲁  泰Ａ,5.99,2026-09-08,2016-05-26,2026-09-08,,False,False,False,ok,29,0,821863.3504640034,0.0,True,0.0503907499036305,871577.1211069565,913096.333527537
000727,1000000.0,928126.5295982201,0.0,928126.5295982201,-71873.47040177986,78220.83140178495,0.0,191,78,52,191,2,0.1441444946919719,False,冠捷科技,2.29,2026-09-08,2016-02-19,2026-09-08,,False,False,False,ok,1,0,928126.5295982201,0.0,True,0.0380543246093429,949618.2252585832,924450.0208369691
000728,1000000.0,1000000.0,0.0,1000000.0,0.0,0.0,0.0,0,0,0,0,0,0.0,False,国元证券,7.76,2026-09-08,2016-04-19,2026-09-08,,False,False,True,ok,16,0,1000000.0,0.0,True,0.0,1000000.0,1000000.0
000729,1000000.0,783578.8341717,0.0,783578.8341717,-216421.16582830006,91238.83232830495,9315.4,218,72,36,218,1,0.2658662458293744,False,燕京啤酒,11.31,2026-09-08,2016-05-26,2026-09-08,,False,False,False,ok,30,0,783578.8341717,0.0,True,0.04485949277507237,863735.3646129321,810669.6636887931
000730,1000000.0,1000000.0,0.0,1000000.0,0.0,0.0,0.0,0,0,0,0,0,0.0,False,*ST环保,1.0,2026-09-08,,,,True,True,False,ok,0,0,1000000.0,0.0,True,0.0,1000000.0,1000000.0
000731,1000000.0,765838.904161941,0.0,765838.904161941,-234161.09583805897,69426.101838065,0.0,157,39,20,157,1,0.2663525413122879,False,四川美丰,7.58,2026-09-08,2016-05-26,2026-09-08,,False,False,False,ok,9,0,765838.904161941,0.0,True,0.03303537522767523,821959.1055199732,769454.097423325
000732,1000000.0,880195.758460654,0.0,880195.758460654,-119804.24153934605,47541.12353934998,0.0,92,78,47,92,0,0.16004714148435742,False,ST泰禾,0.43,2026-09-08,2015-01-05,2023-06-02,,False,True,False,ok,0,1,880195.758460654,0.0,True,0.03452742148705607,880195.758460654,880195.758460654
000733,1000000.0,833699.903761985,0.0,833699.903761985,-166300.096238015,62046.86173801998,5488.8,195,27,29,195,1,0.20434234038775112,False,振华科技,40.26,2026-09-08,2016-04-26,2026-09-08,,False,False,False,ok,12,0,833699.903761985,0.0,True,0.030120394146105976,979937.2754277323,869559.464006419
000735,1000000.0,886995.1030745767,0.0,886995.1030745767,-113004.8969254233,74066.85242543001,0.0,189,105,67,189,1,0.23436389895467932,False,罗 牛 山,6.81,2026-09-08,2016-05-16,2026-09-08,,False,False,False,ok,12,0,886995.1030745767,0.0,True,0.03678454951915561,998947.2392054442,924203.9658078654
000736,1000000.0,690068.6129169378,0.0,690068.6129169378,-309931.3870830622,76751.12378306908,3116.0,271,169,79,271,8,0.31885689148285074,False,中交发展,4.88,2026-09-08,2016-01-15,2026-09-08,,False,False,False,ok,9,0,690068.6129169378,0.0,True,0.05169878362413109,818253.58876234,770113.2151687761
000737,1000000.0,1115338.4931143203,0.0,1115338.4931143203,115338.49311432033,67516.68088568491,0.0,193,94,64,193,5,0.08043482437208047,False,北方铜业,15.71,2026-09-08,2016-04-07,2026-09-08,,False,False,False,ok,7,0,1115338.4931143203,0.0,True,0.034213453635899296,984075.271022363,1069629.8269554796
000738,1000000.0,856521.8520852723,0.0,856521.8520852723,-143478.14791472768,62108.08991472999,0.0,166,35,19,166,1,0.18463272820534832,False,航发控制,19.95,2026-09-08,2016-05-26,2026-09-08,,False,False,False,ok,15,0,856521.8520852723,0.0,True,0.028201846756248296,901710.2108514108,846757.6082850662
000739,1000000.0,1211095.975831082,0.0,1211095.975831082,211095.9758310821,93526.40766892498,0.0,215,57,37,215,1,0.07816827267163431,False,普洛药业,22.51,2026-09-08,2016-05-26,2026-09-08,,False,False,False,ok,13,0,1211095.975831082,0.0,True,0.035291024005760216,1172336.6094063546,1174127.626063446
000748,1000000.0,1000000.0,0.0,1000000.0,0.0,0.0,0.0,0,0,0,0,0,0.0,False,长城信息,20.31,2026-09-08,2015-01-05,2016-10-31,,False,True,False,ok,0,1,1000000.0,0.0,True,0.0,1000000.0,1000000.0
000750,1000000.0,1000000.0,0.0,1000000.0,0.0,0.0,0.0,0,0,0,0,0,0.0,False,国海证券,3.81,2026-09-08,2016-03-31,2026-09-08,,False,False,True,ok,19,0,1000000.0,0.0,True,0.0,1000000.0,1000000.0
000751,1000000.0,850867.348288158,0.0,850867.348288158,-149132.65171184205,44980.86271184499,0.0,124,31,14,124,2,0.1643030229160682,False,锌业股份,5.08,2026-09-08,2016-05-26,2026-09-08,,False,False,False,ok,2,0,850867.348288158,0.0,True,0.01845124478245656,923919.2265240318,869484.3269062773
000752,1000000.0,718819.090882666,0.0,718819.090882666,-281180.90911733406,78927.20511733998,416.0,246,170,104,246,20,0.33582582948530654,False,*ST西发,8.85,2026-09-08,2016-02-19,2026-09-08,,False,False,False,ok,15,0,718819.090882666,0.0,True,0.05675416157994988,815471.2223299525,737533.711687594
000753,1000000.0,862930.7811085952,0.0,862930.7811085952,-137069.2188914048,59016.056391410035,1086.0,155,54,38,155,2,0.15866203402496848,False,漳州发展,5.17,2026-09-08,2016-05-26,2026-09-08,,False,False,False,ok,11,0,862930.7811085952,0.0,True,0.027076908403684926,923542.9697139316,877758.9916849133
000755,1000000.0,638445.6635316559,0.0,638445.6635316559,-361554.3364683441,68257.21046835001,0.0,215,117,71,215,15,0.3857261556256481,False,山西高速,4.85,2026-09-08,2015-05-11,2026-09-08,,False,False,False,ok,3,0,638445.6635316559,0.0,True,0.059437524205591404,723053.2142212327,684537.703940073
000756,1000000.0,940952.0015938152,0.0,940952.0015938152,-59047.99840618484,77652.55640619005,0.0,219,104,59,219,1,0.11578280527684162,False,新华制药,13.52,2026-09-08,2016-05-06,2026-09-08,,False,False,False,ok,12,0,940952.0015938152,0.0,True,0.04373160997436197,954702.082600832,997288.4883905242
000757,1000000.0,789018.9507016361,0.0,789018.9507016361,-210981.04929836385,79366.6357983699,0.0,208,80,46,208,2,0.2308887087893393,False,浩物股份,4.41,2026-09-08,2015-04-17,2026-09-08,,False,False,False,ok,0,0,789018.9507016361,0.0,True,0.037249110369578516,881121.7779260935,911304.6376064401
000758,1000000.0,869775.9385401688,0.0,869775.9385401688,-130224.0614598312,51190.77145983504,0.0,146,39,15,146,1,0.14370126534556935,False,中色股份,6.27,2026-09-08,2016-05-12,2026-09-08,,False,False,False,ok,24,0,869775.9385401688,0.0,True,0.02142519178167439,894298.1416339322,896856.9303555582
000759,1000000.0,815776.8959155156,0.0,815776.8959155156,-184223.1040844844,85647.94908448988,0.0,238,141,94,238,4,0.2544973726567111,False,中百集团,7.7,2026-09-08,2016-05-26,2026-09-08,,False,False,False,ok,6,0,815776.8959155156,0.0,True,0.052348876383261175,807158.8156974333,794585.399582789
000760,1000000.0,661190.347494243,0.0,661190.347494243,-338809.65250575705,30700.175005760004,0.0,92,68,25,92,25,0.3418792733914677,False,斯太退,0.26,2026-09-08,2015-01-05,2021-07-22,,False,True,False,ok,7,0,661190.347494243,0.0,True,0.039592429395067845,661190.347494243,661190.347494243
000761,1000000.0,818108.8076350762,0.0,818108.8076350762,-181891.19236492377,69842.91036493002,0.0,174,73,38,174,1,0.18866872724167932,False,本钢板材,2.43,2026-09-08,2016-05-24,2026-09-08,,False,False,False,ok,6,0,818108.8076350762,0.0,True,0.035667218492521365,897915.3877544622,832658.8843623196
000762,1000000.0,1007950.5430617736,0.0,1007950.5430617736,7950.543061773642,53237.79793823,0.0,159,41,14,159,1,0.08931343803273782,False,西藏矿业,22.69,2026-09-08,2016-05-26,2026-09-08,,False,False,False,ok,3,0,1007950.5430617736,0.0,True,0.021760931338938968,1005075.0873174508,1009513.2429392275
000763,1000000.0,1000000.0,0.0,1000000.0,0.0,0.0,0.0,0,0,0,0,0,0.0,False,锦州石化,1.0,2026-09-08,,,,True,True,False,ok,0,0,1000000.0,0.0,True,0.0,1000000.0,1000000.0
000765,1000000.0,1000000.0,0.0,1000000.0,0.0,0.0,0.0,0,0,0,0,0,0.0,False,*ST华信,1.0,2026-09-08,,,,True,True,False,ok,0,0,1000000.0,0.0,True,0.0,1000000.0,1000000.0
000766,1000000.0,979393.3368609982,0.0,979393.3368609982,-20606.663139001816,80769.09113900497,0.0,219,130,73,219,6,0.18181321757146304,False,通化金马,17.17,2026-09-08,2015-01-05,2026-09-08,,False,False,False,ok,0,0,979393.3368609982,0.0,True,0.051584568779428096,1046013.0674349822,1182930.6300723075
000767,1000000.0,830428.4185575944,0.0,830428.4185575944,-169571.5814424056,63638.96844240997,0.0,173,86,35,173,4,0.20995237735660244,False,晋控电力,3.43,2026-09-08,2016-05-26,2026-09-08,,False,False,False,ok,12,0,830428.4185575944,0.0,True,0.03193665072772539,917133.5770033128,839386.0619982294
000768,1000000.0,757654.4166674094,0.0,757654.4166674094,-242345.58333259064,66626.69333259501,2887.5,190,57,23,190,0,0.2612070339898044,False,中航西飞,23.55,2026-09-08,2016-05-26,2026-09-08,,False,False,False,ok,12,0,757654.4166674094,0.0,True,0.03472313088145718,899893.7555793922,803567.930502913
000769,1000000.0,1000000.0,0.0,1000000.0,0.0,0.0,0.0,0,0,0,0,0,0.0,False,*ST大菲,1.0,2026-09-08,,,,True,True,False,ok,0,0,1000000.0,0.0,True,0.0,1000000.0,1000000.0
000776,1000000.0,841638.935486281,0.0,841638.935486281,-158361.06451371894,80829.78051372498,960.0,162,56,28,162,0,0.19353988016544876,False,广发证券,21.63,2026-09-08,2016-05-26,2026-09-08,,False,False,False,ok,14,0,841638.935486281,0.0,True,0.04133753062932523,948620.261250564,880540.5496037249
000777,1000000.0,841694.5587673901,0.0,841694.5587673901,-158305.4412326099,63169.68023261498,963.2000000000002,180,53,25,180,1,0.16852270517792556,False,中核科技,17.31,2026-09-08,2016-05-05,2026-09-08,,False,False,False,ok,14,0,841694.5587673901,0.0,True,0.0273879286509013,996358.4487637623,960873.0712509232
000778,1000000.0,874708.8702497804,0.0,874708.8702497804,-125291.12975021964,68063.62775022502,8016.0,141,46,21,141,0,0.1309857714433237,False,新兴铸管,3.81,2026-09-08,2016-05-26,2026-09-08,,False,False,False,ok,12,0,874708.8702497804,0.0,True,0.03019330524045895,930885.1860486923,898477.149233164
000779,1000000.0,774301.18608884,0.0,774301.18608884,-225698.81391116,75504.955911165,1395.0,211,95,59,211,3,0.2733257799401736,False,甘咨询,10.11,2026-09-08,2015-09-01,2026-09-08,,False,False,False,ok,11,0,774301.18608884,0.0,True,0.0429571535651407,805248.4949692431,802157.9003003644
000780,1000000.0,907186.7907939729,0.0,907186.7907939729,-92813.2092060271,53835.296206030005,15440.0,113,58,25,113,6,0.15351975859364914,False,ST平能,10.95,2026-09-08,2015-01-05,2021-12-16,,False,True,False,ok,12,0,907186.7907939729,0.0,True,0.025300228048025175,907186.7907939729,907186.7907939729
000782,1000000.0,954885.3187841105,0.0,954885.3187841105,-45114.68121588952,78344.11971589501,1911.0,208,94,55,208,0,0.17194788543889244,False,恒申新材,7.88,2026-09-08,2016-04-19,2026-09-08,,False,False,False,ok,9,0,954885.3187841105,0.0,True,0.04329831183952437,957758.9092316427,901455.3393249887
000783,1000000.0,771003.496179187,0.0,771003.496179187,-228996.50382081303,88481.66582082004,0.0,189,61,22,189,4,0.25447950486887316,False,长江证券,9.08,2026-09-08,2016-05-26,2026-09-08,,False,False,False,ok,12,0,771003.496179187,0.0,True,0.045331901809924434,822836.1768545834,768645.5649724953
000785,1000000.0,788244.9729570199,0.0,788244.9729570199,-211755.02704298007,75244.89604298507,0.0,190,88,43,190,5,0.25612931065135447,False,居然智家,2.39,2026-09-08,2016-05-11,2026-09-08,,False,False,False,ok,7,0,788244.9729570199,0.0,True,0.037772218575176944,926987.1140382723,874963.1871955334
000786,1000000.0,916150.1791921717,0.0,916150.1791921717,-83849.82080782834,87616.665307835,16843.4,237,87,43,237,0,0.15250737778425852,False,北新建材,16.48,2026-09-08,2016-05-17,2026-09-08,,False,False,False,ok,29,0,916150.1791921717,0.0,True,0.04616960389038469,991946.6234883929,926706.7784317941
000787,1000000.0,1000000.0,0.0,1000000.0,0.0,0.0,0.0,0,0,0,0,0,0.0,False,*ST创智,1.0,2026-09-08,,,,True,True,False,ok,6,0,1000000.0,0.0,True,0.0,1000000.0,1000000.0
000788,1000000.0,765522.9021368106,0.0,765522.9021368106,-234477.0978631894,61256.912863195,0.0,164,64,38,164,1,0.24843412914762772,False,北大医药,5.69,2026-09-08,2016-05-26,2026-09-08,,False,False,False,ok,8,0,765522.9021368106,0.0,True,0.031034482595375387,912041.277015184,758153.0049668751
000789,1000000.0,870187.6380579261,0.0,870187.6380579261,-129812.36194207391,88461.21794207992,4626.0,192,101,63,192,0,0.24131846507355678,False,万年青,4.38,2026-09-08,2016-05-26,2026-09-08,,False,False,False,ok,12,0,870187.6380579261,0.0,True,0.045641430521068845,1051104.4821875338,895525.6656425599
000790,1000000.0,843823.4033743741,0.0,843823.4033743741,-156176.59662562585,52605.08262562998,0.0,139,68,39,139,1,0.17723919001855476,False,华神科技,4.23,2026-09-08,2016-01-28,2026-09-08,,False,False,False,ok,8,0,843823.4033743741,0.0,True,0.025101364834830373,887507.8082937025,919048.7883108086
000791,1000000.0,741142.728974892,0.0,741142.728974892,-258857.27102510806,72178.39052511504,4654.0,200,76,41,200,3,0.29195620143370543,False,甘肃能源,7.26,2026-09-08,2016-05-13,2026-09-08,,False,False,False,ok,12,0,741142.728974892,0.0,True,0.03801201553869986,870268.2619979238,768645.9163623753
000792,1000000.0,1386893.2221668032,0.0,1386893.2221668032,386893.2221668032,48994.47133320001,0.0,110,64,37,110,3,0.27152891064259427,False,盐湖股份,26.83,2026-09-08,2015-01-27,2026-09-08,,False,False,False,ok,3,1,1386893.2221668032,0.0,True,0.05999899335346201,1386893.2221668032,1386893.2221668032
000793,1000000.0,605307.0823352346,0.0,605307.0823352346,-394692.9176647654,64990.28966476994,553.5,229,101,49,229,13,0.39536640393840533,False,*ST华闻,2.13,2026-09-08,2015-12-11,2026-09-08,,False,False,False,ok,4,0,605307.0823352346,0.0,True,0.06251607504449946,625071.577719283,652522.0744120935
000795,1000000.0,732910.1358012549,0.0,732910.1358012549,-267089.8641987451,62462.54769875001,5020.9895,197,74,33,197,3,0.2958843478967175,False,英洛华,8.43,2026-09-08,2016-05-26,2026-09-08,,False,False,False,ok,6,0,732910.1358012549,0.0,True,0.03017724075788705,886067.1577835628,786310.8032871443
000796,1000000.0,786914.3632711549,0.0,786914.3632711549,-213085.63672884507,74306.83972884998,0.0,250,135,68,250,9,0.2629592697900956,False,凯撒旅业,4.55,2026-09-08,2015-05-05,2026-09-08,,False,False,False,ok,1,0,786914.3632711549,0.0,True,0.04134702245917273,977329.2481310024,767172.2890005782
000797,1000000.0,1000000.0,0.0,1000000.0,0.0,0.0,0.0,0,0,0,0,0,0.0,False,中国武夷,2.69,2026-09-08,2016-05-11,2026-09-08,,False,False,True,ok,9,0,1000000.0,0.0,True,0.0,1000000.0,1000000.0
000798,1000000.0,714973.3402525699,0.0,714973.3402525699,-285026.6597474301,65154.17374743502,0.0,207,93,47,207,4,0.2986692017569524,False,中水渔业,11.52,2026-09-08,2016-05-26,2026-09-08,,False,False,False,ok,1,0,714973.3402525699,0.0,True,0.03338396670948262,879728.5022194927,851927.9398830483
000799,1000000.0,864512.9198368196,0.0,864512.9198368196,-135487.08016318036,69327.58216318501,4740.0,211,50,26,211,0,0.1804141939691523,False,酒鬼酒,39.52,2026-09-08,2016-05-26,2026-09-08,,False,False,False,ok,10,0,864512.9198368196,0.0,True,0.03252215596621026,986374.2443432522,983889.5629638934
000800,1000000.0,715150.0450522309,0.0,715150.0450522309,-284849.95494776906,75446.97194777505,2040.0,193,89,42,193,0,0.2888491892131667,False,一汽解放,6.05,2026-09-08,2016-05-11,2026-09-08,,False,False,False,ok,9,0,715150.0450522309,0.0,True,0.04809521135874388,806995.8177484724,780733.3650898237
000801,1000000.0,845476.8721712106,0.0,845476.8721712106,-154523.1278287894,74177.42432879505,2795.6000000000004,216,86,37,216,0,0.16446183265542125,False,四川九洲,12.65,2026-09-08,2016-05-12,2026-09-08,,False,False,False,ok,11,0,845476.8721712106,0.0,True,0.034842222837861175,950777.2899106027,901286.9624213894
000802,1000000.0,885779.4407386614,0.0,885779.4407386614,-114220.55926133855,73243.50776134492,0.0,225,120,83,225,5,0.18255685378427808,False,北京文化,4.32,2026-09-08,2016-03-03,2026-09-08,,False,False,False,ok,4,0,885779.4407386614,0.0,True,0.0412393432996548,977841.9713433433,968697.1938809797
000803,1000000.0,800221.1280329379,0.0,800221.1280329379,-199778.87196706212,74016.62786706601,0.0,230,91,38,230,3,0.22772375215865218,False,山高环能,7.73,2026-09-08,2015-03-17,2026-09-08,,False,False,False,ok,2,0,800221.1280329379,0.0,True,0.04568653570976003,904826.3226423224,839324.2076553369
000805,1000000.0,1000000.0,0.0,1000000.0,0.0,0.0,0.0,0,0,0,0,0,0.0,False,*ST炎黄,1.0,2026-09-08,,,,True,True,False,ok,0,0,1000000.0,0.0,True,0.0,1000000.0,1000000.0
000806,1000000.0,572671.8070462149,0.0,572671.8070462149,-427328.19295378507,54029.28995379,0.0,193,117,45,193,15,0.4335399554398429,False,银河退,0.43,2026-09-08,2015-01-05,2023-07-05,,False,True,False,ok,0,1,572671.8070462149,0.0,True,0.05522100095790302,749022.7470005839,572671.8070462149
000807,1000000.0,833430.6994912558,0.0,833430.6994912558,-166569.3005087442,56739.37100874999,5540.799999999999,207,82,42,207,4,0.19085248644447442,False,云铝股份,27.49,2026-09-08,2016-04-18,2026-09-08,,False,False,False,ok,8,0,833430.6994912558,0.0,True,0.030994363639820773,896907.5071922626,885136.2624458094
000809,1000000.0,1131906.786818882,0.0,1131906.786818882,131906.78681888198,78547.34418112501,0.0,179,103,64,179,3,0.11248985455836683,False,和展能源,3.47,2026-09-08,2016-05-13,2026-09-08,,False,False,False,ok,1,0,1131906.786818882,0.0,True,0.04119677542453054,982605.2734412323,1042998.8931432099
000810,1000000.0,811527.6663649841,0.0,811527.6663649841,-188472.33363501588,61958.09163501994,2674.0,216,87,49,216,4,0.2213573276358866,False,创维数字,9.71,2026-09-08,2016-05-23,2026-09-08,,False,False,False,ok,12,0,811527.6663649841,0.0,True,0.03507922130613272,818582.2878964319,819597.8789792932
000811,1000000.0,918528.7008635292,0.0,918528.7008635292,-81471.29913647077,52575.35263647497,0.0,169,53,33,169,3,0.14977367887822887,False,冰轮环境,36.81,2026-09-08,2016-05-26,2026-09-08,,False,False,False,ok,13,0,918528.7008635292,0.0,True,0.026655343938785384,910068.939203022,870105.501571563
000812,1000000.0,826465.0163875945,0.0,826465.0163875945,-173534.9836124055,62046.35611240994,792.0,197,104,57,197,3,0.20844848232429025,False,陕西金叶,3.87,2026-09-08,2015-02-26,2026-09-08,,False,False,False,ok,7,0,826465.0163875945,0.0,True,0.03502892972226052,875525.230774573,872613.7753146088
000813,1000000.0,916921.7338055479,0.0,916921.7338055479,-83078.26619445207,103002.30919445993,0.0,247,144,71,247,4,0.17209981897281687,False,德展健康,3.57,2026-09-08,2016-05-12,2026-09-08,,False,False,False,ok,2,0,916921.7338055479,0.0,True,0.056399899086646776,1052261.9386414357,977567.1709216872
000815,1000000.0,943916.8179123789,0.0,943916.8179123789,-56083.18208762107,63775.42208762507,0.0,235,89,48,235,9,0.14822138132937476,False,美利云,16.14,2026-09-08,2016-05-12,2026-09-08,,False,False,False,ok,0,0,943916.8179123789,0.0,True,0.03200716805423258,874540.5998516018,948796.0648365277
000816,1000000.0,893263.2359233685,0.0,893263.2359233685,-106736.76407663152,71513.01807663504,0.0,204,118,70,204,7,0.16279864296726515,False,智慧农业,3.21,2026-09-08,2016-05-09,2026-09-08,,False,False,False,ok,3,0,893263.2359233685,0.0,True,0.040477966182646465,888869.193964242,900637.725451078
000817,1000000.0,1000000.0,0.0,1000000.0,0.0,0.0,0.0,0,0,0,0,0,0.0,False,辽河油田,1.0,2026-09-08,,,,True,True,False,ok,0,0,1000000.0,0.0,True,0.0,1000000.0,1000000.0
000818,1000000.0,868112.2158345794,0.0,868112.2158345794,-131887.78416542057,76703.48866542491,1928.0,250,110,58,250,3,0.2283080477689125,False,航锦科技,12.26,2026-09-08,2015-09-29,2026-09-08,,False,False,False,ok,9,0,868112.2158345794,0.0,True,0.04360134186976201,896721.9230070924,874556.848552688
000819,1000000.0,915546.5633580206,0.0,915546.5633580206,-84453.43664197938,74088.66364198494,0.0,203,63,24,203,4,0.16911566650539162,False,岳阳兴长,12.48,2026-09-08,2016-05-26,2026-09-08,,False,False,False,ok,8,0,915546.5633580206,0.0,True,0.030150833000164044,1023378.2387366237,900269.8155181047
000820,1000000.0,934169.4981359211,0.0,934169.4981359211,-65830.50186407892,77498.67436408497,0.0,275,179,111,275,22,0.25961414767195484,False,*ST节能,3.66,2026-09-08,2015-04-14,2026-09-08,,False,False,False,ok,0,0,934169.4981359211,0.0,True,0.049953912421387775,881754.9575924628,849767.5228648337
000821,1000000.0,692570.034178439,0.0,692570.034178439,-307429.96582156105,52647.82832156504,554.0,198,59,38,198,3,0.32566422248243987,False,ST京机,7.7,2026-09-08,2015-10-23,2026-09-08,,False,False,False,ok,6,0,692570.034178439,0.0,True,0.05397472065017105,776405.4561309409,732554.4774000872
000822,1000000.0,929078.7888435388,0.0,929078.7888435388,-70921.21115646116,52922.81015646504,0.0,162,67,36,162,1,0.17318837896042685,False,山东海化,4.68,2026-09-08,2016-05-26,2026-09-08,,False,False,False,ok,7,0,929078.7888435388,0.0,True,0.024857094407932344,974024.0097339416,941738.786265608
000823,1000000.0,987650.1312720192,0.0,987650.1312720192,-12349.868727980764,53435.296227984974,0.0,141,29,18,141,1,0.09988507444883245,False,超声电子,16.53,2026-09-08,2016-05-26,2026-09-08,,False,False,False,ok,12,0,987650.1312720192,0.0,True,0.020074353530089715,1044007.3155035125,961683.5935826486
000825,1000000.0,974904.9016212346,0.0,974904.9016212346,-25095.098378765397,91997.07937877004,10570.0,181,84,48,181,0,0.1920232941526394,False,太钢不锈,3.58,2026-09-08,2015-12-16,2026-09-08,,False,False,False,ok,9,0,974904.9016212346,0.0,True,0.03966893408586756,1106471.4049819927,1051214.7030632284
000826,1000000.0,666107.8736319295,0.0,666107.8736319295,-333892.1263680705,61862.968368074966,411.0,215,80,49,215,6,0.3885204214291959,False,*ST启环,1.88,2026-09-08,2016-03-25,2026-09-08,,False,False,False,ok,5,0,666107.8736319295,0.0,True,0.03791917924511902,669072.1943191536,622558.879127319
000827,1000000.0,1000000.0,0.0,1000000.0,0.0,0.0,0.0,0,0,0,0,0,0.0,False,*ST长兴,1.0,2026-09-08,,,,True,True,False,ok,0,0,1000000.0,0.0,True,0.0,1000000.0,1000000.0
000828,1000000.0,811674.0792977011,0.0,811674.0792977011,-188325.92070229887,76770.97470230496,19272.5,165,63,34,165,2,0.21183676536012355,False,东莞控股,10.13,2026-09-08,2016-05-26,2026-09-08,,False,False,False,ok,14,0,811674.0792977011,0.0,True,0.03720496630447822,908499.6261392037,819175.6192855651
000829,1000000.0,902628.1957117203,0.0,902628.1957117203,-97371.80428827973,68838.00528828506,0.0,220,99,43,220,6,0.1571261067736029,False,天音控股,9.23,2026-09-08,2015-06-04,2026-09-08,,False,False,False,ok,7,0,902628.1957117203,0.0,True,0.036006147072003225,1013895.4529307418,927054.5942424532
000830,1000000.0,1008169.3519935854,0.0,1008169.3519935854,8169.351993585355,84447.48100641994,7350.0,221,84,43,221,1,0.14232087703464713,False,鲁西化工,12.91,2026-09-08,2016-05-12,2026-09-08,,False,False,False,ok,10,0,1008169.3519935854,0.0,True,0.04017519353553122,999678.7184466121,1014449.5922866337
000831,1000000.0,771019.2357190147,0.0,771019.2357190147,-228980.76428098534,59879.64428098999,0.0,217,58,25,217,7,0.3088407956308283,False,中国稀土,54.96,2026-09-08,2016-05-25,2026-09-08,,False,False,False,ok,5,0,771019.2357190147,0.0,True,0.03049340630393235,870767.8235837325,746481.605992514
000832,1000000.0,1000000.0,0.0,1000000.0,0.0,0.0,0.0,0,0,0,0,0,0.0,False,*ST龙涤,1.0,2026-09-08,,,,True,True,False,ok,0,0,1000000.0,0.0,True,0.0,1000000.0,1000000.0
000833,1000000.0,839202.5282732351,0.0,839202.5282732351,-160797.47172676492,60751.42872677003,1992.4,184,56,39,184,5,0.2481119950423657,False,粤桂股份,22.83,2026-09-08,2016-05-26,2026-09-08,,False,False,False,ok,10,0,839202.5282732351,0.0,True,0.030204766482954188,884503.6857152914,811499.1052954881
000835,1000000.0,590139.3310345088,0.0,590139.3310345088,-409860.66896549123,47684.39696549501,0.0,154,91,66,154,14,0.41448163368577645,False,长动退,0.35,2026-09-08,2015-01-05,2022-05-20,,False,True,False,ok,0,1,590139.3310345088,0.0,True,0.03151938021349922,707699.5095185935,590139.3310345088
000836,1000000.0,1000000.0,0.0,1000000.0,0.0,0.0,0.0,0,0,0,0,0,0.0,False,ST富通,0.37,2026-09-08,2015-01-05,2024-06-17,,False,True,False,ok,0,1,1000000.0,0.0,True,0.0,1000000.0,1000000.0
000837,1000000.0,799013.9237052111,0.0,799013.9237052111,-200986.07629478886,56979.253794795004,0.0,176,62,30,176,1,0.20657881608303894,False,秦川机床,9.91,2026-09-08,2016-05-24,2026-09-08,,False,False,False,ok,2,0,799013.9237052111,0.0,True,0.02750143034687672,883147.0927866229,849271.5436105154
000838,1000000.0,797813.582359029,0.0,797813.582359029,-202186.41764097102,69920.04564097489,0.0,251,149,65,251,2,0.2517448509733587,False,*ST发展,2.56,2026-09-08,2015-12-08,2026-09-08,,False,False,False,ok,7,0,797813.582359029,0.0,True,0.04269976715210708,763176.0670826122,795814.3978116629
000839,1000000.0,755111.9049442031,0.0,755111.9049442031,-244888.0950557969,57332.931055800014,0.0,180,61,42,180,8,0.27461236521637794,False,国安股份,2.89,2026-09-08,2016-05-24,2026-09-08,,False,False,False,ok,4,0,755111.9049442031,0.0,True,0.029792219250940912,874414.3362572312,774841.2223110918
000848,1000000.0,1022979.6997707216,0.0,1022979.6997707216,22979.699770721607,97674.97372928505,33930.0,199,67,43,199,0,0.10584381716071359,False,承德露露,8.37,2026-09-08,2016-05-26,2026-09-08,,False,False,False,ok,11,0,1022979.6997707216,0.0,True,0.04803229435055446,966612.0990985126,1005007.7817872242
000850,1000000.0,897068.563005741,0.0,897068.563005741,-102931.43699425901,65194.584494264964,0.0,151,45,36,151,2,0.18641433868073715,False,华茂股份,4.31,2026-09-08,2016-05-26,2026-09-08,,False,False,False,ok,12,0,897068.563005741,0.0,True,0.02960724472403379,892056.5182889339,848993.6758532296
000851,1000000.0,908683.6017244024,0.0,908683.6017244024,-91316.3982755976,20723.9442756,0.0,47,9,6,47,0,0.10854541679754826,False,*ST高鸿,0.38,2026-09-08,2015-01-14,2025-09-26,,False,True,False,ok,0,1,908683.6017244024,0.0,True,0.008135870494114815,908683.6017244024,908683.6017244024
000852,1000000.0,868178.8876632799,0.0,868178.8876632799,-131821.1123367201,67344.51533672502,0.0,193,84,45,193,3,0.15374932270663275,False,石化机械,6.03,2026-09-08,2016-05-26,2026-09-08,,False,False,False,ok,2,0,868178.8876632799,0.0,True,0.03496866637696894,926750.9428324727,953541.7228568986
000856,1000000.0,708983.1699080428,0.0,708983.1699080428,-291016.83009195724,51301.54459196001,0.0,211,115,57,211,3,0.3533501617259247,False,冀东装备,9.23,2026-09-08,2016-05-23,2026-09-08,,False,False,False,ok,1,0,708983.1699080428,0.0,True,0.03513420057318061,673811.547694452,685944.0485884169
000858,1000000.0,808942.0940619422,0.0,808942.0940619422,-191057.9059380578,89837.03893806504,20584.0,204,21,13,204,0,0.2780289861374421,False,五 粮 液,71.65,2026-09-08,2016-05-26,2026-09-08,,False,False,False,ok,14,0,808942.0940619422,0.0,True,0.04259478992627543,1022587.4345050139,975936.10333649
000859,1000000.0,891487.2633817558,0.0,891487.2633817558,-108512.7366182442,57556.75211824998,0.0,181,69,33,181,8,0.18433619748497004,False,国风新材,8.92,2026-09-08,2016-04-28,2026-09-08,,False,False,False,ok,8,0,891487.2633817558,0.0,True,0.025577717151738937,949638.6492064927,922890.9526816194
000860,1000000.0,842072.4357215754,0.0,842072.4357215754,-157927.5642784246,90987.22677843012,0.0,236,67,32,236,4,0.21590473670717225,False,顺鑫农业,11.24,2026-09-08,2016-05-26,2026-09-08,,False,False,False,ok,9,0,842072.4357215754,0.0,True,0.04153644529795465,1010502.7538736132,938499.6118257841
000861,1000000.0,1000000.0,0.0,1000000.0,0.0,0.0,0.0,0,0,0,0,0,0.0,False,海印股份,0.62,2026-09-08,2015-01-05,2024-08-05,,False,True,False,ok,0,1,1000000.0,0.0,True,0.0,1000000.0,1000000.0
000862,1000000.0,833295.7247995102,0.0,833295.7247995102,-166704.2752004898,70337.25670049504,0.0,217,116,65,217,3,0.21124235904615427,False,银星能源,5.46,2026-09-08,2015-09-29,2026-09-08,,False,False,False,ok,0,0,833295.7247995102,0.0,True,0.038682337609811546,989240.5945154929,839280.2339773537
000863,1000000.0,688602.1402258555,0.0,688602.1402258555,-311397.8597741445,77786.34627415008,3650.0,225,98,67,225,1,0.32448755555450876,False,三湘印象,4.34,2026-09-08,2016-05-16,2026-09-08,,False,False,False,ok,7,0,688602.1402258555,0.0,True,0.04576296439853791,789888.9891227537,733530.3512153442
000866,1000000.0,1000000.0,0.0,1000000.0,0.0,0.0,0.0,0,0,0,0,0,0.0,False,扬子石化,1.0,2026-09-08,,,,True,True,False,ok,0,0,1000000.0,0.0,True,0.0,1000000.0,1000000.0
000868,1000000.0,951313.1212773905,0.0,951313.1212773905,-48686.87872260949,77365.355722615,0.0,231,101,55,231,8,0.08420165577305819,False,安凯客车,3.66,2026-09-08,2016-05-06,2026-09-08,,False,False,False,ok,1,0,951313.1212773905,0.0,True,0.03750167267750102,962355.123948163,989187.4348000239
000869,1000000.0,931567.2027323283,0.0,931567.2027323283,-68432.79726767167,92322.10126768006,5200.0,175,35,21,175,1,0.1536607058002865,False,张  裕Ａ,16.68,2026-09-08,2016-05-26,2026-09-08,,False,False,False,ok,12,0,931567.2027323283,0.0,True,0.03774621009392509,1017203.4610888846,972761.666714306
000875,1000000.0,983034.3545844262,0.0,983034.3545844262,-16965.645415573847,87698.81091557992,996.8000000000001,193,55,29,193,0,0.13950676429199366,False,电投绿能,4.92,2026-09-08,2016-05-12,2026-09-08,,False,False,False,ok,6,0,983034.3545844262,0.0,True,0.03535545634345184,1043897.3760985533,1003384.8735851251
000876,1000000.0,648237.2147516679,0.0,648237.2147516679,-351762.7852483321,97933.25674833995,11655.0,213,85,40,213,0,0.3697534375524063,False,新 希 望,7.82,2026-09-08,2016-05-18,2026-09-08,,False,False,False,ok,7,0,648237.2147516679,0.0,True,0.058461980376352314,803046.8839551948,721804.7548203215
000877,1000000.0,972897.8195974455,0.0,972897.8195974455,-27102.180402554455,79028.03640255996,0.0,207,88,40,207,0,0.1245710239577481,False,天山股份,3.84,2026-09-08,2016-04-11,2026-09-08,,False,False,False,ok,9,0,972897.8195974455,0.0,True,0.03771650031474548,943402.7199930624,930812.3371911489
000878,1000000.0,1018736.6437602297,0.0,1018736.6437602297,18736.643760229694,64732.73073977495,0.0,162,34,37,162,1,0.1017064216315334,False,云南铜业,18.32,2026-09-08,2016-04-15,2026-09-08,,False,False,False,ok,7,0,1018736.6437602297,0.0,True,0.02520798516779735,1078419.1857773727,1062134.5050765686
000880,1000000.0,994186.5091121645,0.0,994186.5091121645,-5813.490887835505,70121.50028784102,3179.5,192,79,46,192,5,0.07205624819285383,False,潍柴重机,25.22,2026-09-08,2016-05-12,2026-09-08,,False,False,False,ok,12,0,994186.5091121645,0.0,True,0.034896999481826056,987768.0736198496,1044463.3910230056
000881,1000000.0,852006.3671539745,0.0,852006.3671539745,-147993.63284602552,56650.41984603003,1728.0,164,56,32,164,0,0.18367554688803048,False,中广核技,6.83,2026-09-08,2016-05-06,2026-09-08,,False,False,False,ok,7,0,852006.3671539745,0.0,True,0.02840557771284204,920302.4249078732,857927.3764817694
000882,1000000.0,747432.7996997949,0.0,747432.7996997949,-252567.20030020515,67424.15430021,0.0,172,67,26,172,6,0.27636707038015146,False,华联股份,1.62,2026-09-08,2016-05-19,2026-09-08,,False,False,False,ok,7,0,747432.7996997949,0.0,True,0.033127114474612876,835044.7084951131,797166.924536179
000883,1000000.0,952991.1359176592,0.0,952991.1359176592,-47008.86408234085,102580.34558235004,5508.0,166,32,26,166,0,0.11278763007788574,False,湖北能源,4.53,2026-09-08,2016-05-26,2026-09-08,,False,False,False,ok,13,0,952991.1359176592,0.0,True,0.04065233575243828,965032.6879307444,944757.7892509414
000885,1000000.0,1000000.0,0.0,1000000.0,0.0,0.0,0.0,0,0,0,0,0,0.0,False,城发环境,12.23,2026-09-08,2016-02-16,2026-09-08,,False,False,True,ok,12,0,1000000.0,0.0,True,0.0,1000000.0,1000000.0
000886,1000000.0,1059582.1860937825,0.0,1059582.1860937825,59582.18609378254,86120.26140622499,0.0,214,106,44,214,1,0.1308092908114876,False,海南高速,4.89,2026-09-08,2016-05-26,2026-09-08,,False,False,False,ok,8,0,1059582.1860937825,0.0,True,0.0397412873980131,1014279.3393915336,994947.3205286013
000887,1000000.0,970763.7364272396,0.0,970763.7364272396,-29236.263572760392,58918.095072765,0.0,159,45,26,159,0,0.08986073411512653,False,中鼎股份,20.87,2026-09-08,2015-11-30,2026-09-08,,False,False,False,ok,13,0,970763.7364272396,0.0,True,0.023455821284071966,1025077.8516470821,1008971.4596114836
000888,1000000.0,797628.47712857,0.0,797628.47712857,-202371.52287143003,84816.3923714351,0.0,190,81,30,190,0,0.23525688868335015,False,峨眉山Ａ,10.7,2026-09-08,2016-05-26,2026-09-08,,False,False,False,ok,11,0,797628.47712857,0.0,True,0.04299871011881707,879100.5051324139,834927.9242344294
000889,1000000.0,827802.2426592958,0.0,827802.2426592958,-172197.7573407042,84638.55184071008,1123.0,251,128,76,251,8,0.259674158488211,False,中嘉博创,4.01,2026-09-08,2015-10-12,2026-09-08,,False,False,False,ok,6,0,827802.2426592958,0.0,True,0.06478970609721371,828787.1196271135,841010.0557287046
000890,1000000.0,862975.5648472684,0.0,862975.5648472684,-137024.4351527316,66933.77665273505,0.0,213,120,67,213,8,0.16599880059993874,False,法尔胜,9.16,2026-09-08,2016-02-29,2026-09-08,,False,False,False,ok,2,0,862975.5648472684,0.0,True,0.03537499301549977,973116.0045821911,967449.2742921815
000892,1000000.0,933564.8090078947,0.0,933564.8090078947,-66435.19099210529,64179.861492109965,0.0,217,111,63,217,8,0.1698531163687328,False,欢瑞世纪,5.58,2026-09-08,2016-04-25,2026-09-08,,False,False,False,ok,0,0,933564.8090078947,0.0,True,0.032514773436042484,926431.6792646326,999857.1968990286
000893,1000000.0,708544.6641338145,0.0,708544.6641338145,-291455.3358661855,59359.62436618998,0.0,219,90,55,219,7,0.31360573963236266,False,亚钾国际,46.0,2026-09-08,2015-11-06,2026-09-08,,False,False,False,ok,1,0,708544.6641338145,0.0,True,0.038319596216230066,742268.081619763,744347.7440520688
000895,1000000.0,938954.3238778885,0.0,938954.3238778885,-61045.6761221115,116755.81462211991,30910.0,210,62,37,210,0,0.11892853663479627,False,双汇发展,23.94,2026-09-08,2016-05-05,2026-09-08,,False,False,False,ok,19,0,938954.3238778885,0.0,True,0.055711797069236534,993011.3017446933,991453.208389536
000897,1000000.0,805067.9614289857,0.0,805067.9614289857,-194932.0385710143,77928.42157102004,0.0,197,75,34,197,3,0.2054295501370465,False,津滨发展,1.94,2026-09-08,2016-05-24,2026-09-08,,False,False,False,ok,1,0,805067.9614289857,0.0,True,0.036159947876905914,841593.2686995643,868495.2387696698
000898,1000000.0,885698.7690124175,0.0,885698.7690124175,-114301.23098758247,93939.07668758901,15796.000000000002,196,50,28,196,0,0.13913955951542578,False,鞍钢股份,2.1,2026-09-08,2016-05-25,2026-09-08,,False,False,False,ok,8,0,885698.7690124175,0.0,True,0.037159566843389676,974301.809980901,912526.4830292067
000899,1000000.0,876837.0965397214,0.0,876837.0965397214,-123162.90346027864,79464.744960285,5896.799999999999,230,96,51,230,4,0.16876037164334382,False,赣能股份,9.46,2026-09-08,2016-05-19,2026-09-08,,False,False,False,ok,9,0,876837.0965397214,0.0,True,0.04249706407905394,879277.981621233,876817.7719055995
000900,1000000.0,836399.3584044132,0.0,836399.3584044132,-163600.64159558679,74481.76809559004,5800.0,119,27,18,119,1,0.19439810317655765,False,现代投资,3.71,2026-09-08,2015-10-28,2026-09-08,,False,False,False,ok,12,0,836399.3584044132,0.0,True,0.03291544661087135,849564.7849015425,828066.4033375628
000901,1000000.0,1000000.0,0.0,1000000.0,0.0,0.0,0.0,0,0,0,0,0,0.0,False,航天科技,14.34,2026-09-08,2016-05-11,2026-09-08,,False,False,True,ok,7,0,1000000.0,0.0,True,0.0,1000000.0,1000000.0
000902,1000000.0,925873.4243983575,0.0,925873.4243983575,-74126.57560164249,86224.93160165002,1870.0,189,61,26,189,2,0.2207058411838014,False,新洋丰,14.88,2026-09-08,2016-05-26,2026-09-08,,False,False,False,ok,12,0,925873.4243983575,0.0,True,0.039601888915424086,916619.1009476347,874812.053516051
000903,1000000.0,737483.5222511741,0.0,737483.5222511741,-262516.4777488259,72404.21324882997,2250.4999999999995,205,114,77,205,14,0.2726976355386808,False,ST云动,2.07,2026-09-08,2016-01-19,2026-09-08,,False,False,False,ok,8,0,737483.5222511741,0.0,True,0.043534027089434366,815751.1813920226,773652.6454807785
000905,1000000.0,1004907.5283714344,0.0,1004907.5283714344,4907.528371434426,62307.928128570034,3158.5000000000005,163,42,25,163,0,0.12147877494479987,False,厦门港务,9.19,2026-09-08,2016-05-06,2026-09-08,,False,False,False,ok,16,0,1004907.5283714344,0.0,True,0.026637192425623877,941627.3093911225,953079.2542333988
000906,1000000.0,916014.6481122056,0.0,916014.6481122056,-83985.35188779444,66387.53458779903,6694.0,147,49,22,147,3,0.10179307035254641,False,浙商中拓,6.34,2026-09-08,2016-04-22,2026-09-08,,False,False,False,ok,12,0,916014.6481122056,0.0,True,0.030771287403448574,940108.9400918684,919591.636419384
000908,1000000.0,864728.1803249053,0.0,864728.1803249053,-135271.81967509468,62239.62267510002,0.0,226,111,85,226,16,0.29717643242759245,False,石药景峰,6.34,2026-09-08,2016-05-13,2026-09-08,,False,False,False,ok,2,1,864728.1803249053,0.0,True,0.036419992634742486,747971.1656605529,749261.3318454337
000909,1000000.0,785483.4583499888,0.0,785483.4583499888,-214516.5416500112,64280.91365001498,0.0,198,95,47,198,12,0.25094382993922154,False,*ST数源,4.55,2026-09-08,2016-05-10,2026-09-08,,False,False,False,ok,4,0,785483.4583499888,0.0,True,0.036829549860766725,826541.1014611316,765383.2930802325
000910,1000000.0,764201.8933311742,0.0,764201.8933311742,-235798.10666882584,64769.467668829995,3488.0,169,47,26,169,0,0.26270038135991614,False,大亚圣象,5.49,2026-09-08,2016-05-26,2026-09-08,,False,False,False,ok,12,0,764201.8933311742,0.0,True,0.03322388352546224,812269.1387431829,767492.1623201934
000911,1000000.0,1001480.1590867852,0.0,1001480.1590867852,1480.1590867851628,79044.17041321998,0.0,208,96,60,208,8,0.10948446120369135,False,*ST广糖,6.66,2026-09-08,2016-04-20,2026-09-08,,False,False,False,ok,0,0,1001480.1590867852,0.0,True,0.038896860536280616,1012253.9886009424,1045441.1363706586
000912,1000000.0,608584.1423192983,0.0,608584.1423192983,-391415.85768070165,46294.925180705046,0.0,168,125,61,168,13,0.42993981270473114,False,泸天化,4.73,2026-09-08,2015-01-05,2026-09-08,,False,False,False,ok,0,0,608584.1423192983,0.0,True,0.05677456127836389,752001.9872892713,650692.1149310324
000913,1000000.0,859378.1163477915,0.0,859378.1163477915,-140621.8836522085,71775.057152215,0.0,216,76,37,216,0,0.1615729685587942,False,钱江摩托,11.2,2026-09-08,2016-05-25,2026-09-08,,False,False,False,ok,8,0,859378.1163477915,0.0,True,0.03399422225619147,952461.840478123,916363.1240126549
000915,1000000.0,871527.3431050256,0.0,871527.3431050256,-128472.65689497441,80827.76039498003,3920.0,204,62,31,204,1,0.1800407990700494,False,华特达因,26.35,2026-09-08,2016-05-26,2026-09-08,,False,False,False,ok,14,0,871527.3431050256,0.0,True,0.04175231494882462,905585.7463779023,843562.532420604
000916,1000000.0,1013380.6923301505,0.0,1013380.6923301505,13380.692330150516,3406.943169850001,0.0,12,7,5,12,3,0.025031813529447514,False,华北高速,8.82,2026-09-08,2015-01-05,2017-12-04,,False,True,False,ok,0,0,1013380.6923301505,0.0,True,0.0018656469108931507,1013380.6923301505,1013380.6923301505
000917,1000000.0,755771.8427440794,0.0,755771.8427440794,-244228.15725592058,56679.28225592502,374.0,191,47,21,191,3,0.2509804782474528,False,电广传媒,7.37,2026-09-08,2016-03-22,2026-09-08,,False,False,False,ok,10,0,755771.8427440794,0.0,True,0.024739964819769266,893143.6048980425,849789.4715003732
000918,1000000.0,584623.2738161387,0.0,584623.2738161387,-415376.72618386126,59183.12618386499,0.0,188,164,83,188,3,0.4311178933785605,False,*ST嘉凯,0.49,2026-09-08,2015-01-05,2023-05-31,,False,True,False,ok,0,0,584623.2738161387,0.0,True,0.04362504761490561,635879.6737486438,584623.2738161387
000919,1000000.0,891649.69623586,0.0,891649.69623586,-108350.30376414,62148.45676414502,0.0,140,46,14,140,1,0.14652762863527072,False,金陵药业,6.79,2026-09-08,2016-05-26,2026-09-08,,False,False,False,ok,12,0,891649.69623586,0.0,True,0.027518947934149073,952160.7103722929,912937.1862046635
000920,1000000.0,742982.3063107781,0.0,742982.3063107781,-257017.69368922187,57813.92218922505,2278.5,184,61,26,184,2,0.26527155902325467,False,沃顿科技,11.42,2026-09-08,2015-12-28,2026-09-08,,False,False,False,ok,13,0,742982.3063107781,0.0,True,0.02956838491730205,841539.9112295816,770730.7728209528
000921,1000000.0,907351.8355033733,0.0,907351.8355033733,-92648.1644966267,97275.35599663493,3480.0,280,119,54,280,2,0.12482010629774981,False,海信家电,27.67,2026-09-08,2016-05-26,2026-09-08,,False,False,False,ok,11,0,907351.8355033733,0.0,True,0.05379251086565369,906320.804302514,906277.8563181355
000922,1000000.0,1093010.074553481,0.0,1093010.074553481,93010.07455348107,68855.97044652498,4209.3,180,67,36,180,1,0.08272036413961847,False,佳电股份,11.94,2026-09-08,2016-05-10,2026-09-08,,False,False,False,ok,7,0,1093010.074553481,0.0,True,0.029823269761600973,1022078.433849353,1067905.2249956594
000923,1000000.0,763174.247584425,0.0,763174.247584425,-236825.75241557497,62204.66141557997,4650.0,222,80,37,222,2,0.2658916625453628,False,河钢资源,17.34,2026-09-08,2015-10-22,2026-09-08,,False,False,False,ok,8,0,763174.247584425,0.0,True,0.03369360271939075,783682.8047668327,826302.8803138281
000925,1000000.0,945255.352491954,0.0,945255.352491954,-54744.64750804601,57521.83350804998,0.0,167,49,27,167,0,0.12678000963556962,False,众合科技,8.46,2026-09-08,2016-05-19,2026-09-08,,False,False,False,ok,4,0,945255.352491954,0.0,True,0.02466000962648167,896659.4263338618,960282.587138443
000926,1000000.0,819037.6601923017,0.0,819037.6601923017,-180962.33980769827,77663.07780770492,0.0,150,52,15,150,1,0.21214568621164454,False,福星股份,2.26,2026-09-08,2016-04-19,2026-09-08,,False,False,False,ok,9,0,819037.6601923017,0.0,True,0.03670854134514678,926037.7551366047,881265.2836546656
000927,1000000.0,794006.0188196759,0.0,794006.0188196759,-205993.9811803241,69902.1501803301,0.0,196,102,52,196,8,0.23354388216901867,False,中国铁物,2.54,2026-09-08,2016-02-03,2026-09-08,,False,False,False,ok,3,0,794006.0188196759,0.0,True,0.0393937176449847,834313.061174063,837966.2374743295
000928,1000000.0,820911.5250910696,0.0,820911.5250910696,-179088.47490893037,59961.47283893496,3945.48693,195,69,35,195,1,0.21486512629864096,False,中钢国际,5.96,2026-09-08,2016-05-17,2026-09-08,,False,False,False,ok,12,0,820911.5250910696,0.0,True,0.02935511767582789,859357.1342922223,808331.2510128838
000929,1000000.0,752632.9668589451,0.0,752632.9668589451,-247367.0331410549,50124.35814105997,0.0,150,65,33,150,2,0.2575505677436754,False,兰州黄河,10.26,2026-09-08,2016-05-17,2026-09-08,,False,False,False,ok,1,0,752632.9668589451,0.0,True,0.02652705420600611,863785.355656213,755390.3881935845
000930,1000000.0,977541.3367143056,0.0,977541.3367143056,-22458.663285694434,81960.30028570007,0.0,170,60,43,170,0,0.19342495555937508,False,中粮科技,5.83,2026-09-08,2015-11-02,2026-09-08,,False,False,False,ok,7,0,977541.3367143056,0.0,True,0.03504053662490177,1062500.3409995425,1039166.7755201538
000931,1000000.0,1000986.988842437,0.0,1000986.988842437,986.9888424370438,80184.49215757004,0.0,172,53,34,172,2,0.1584048254281529,False,中 关 村,4.73,2026-09-08,2016-05-23,2026-09-08,,False,False,False,ok,1,0,1000986.988842437,0.0,True,0.03389895610081458,1016307.8583931942,997783.4318994151
000932,1000000.0,820599.1555833279,0.0,820599.1555833279,-179400.84441667213,86385.30091667993,5260.0,234,109,54,234,6,0.19829355091167641,False,华菱钢铁,3.65,2026-09-08,2015-11-27,2026-09-08,,False,False,False,ok,8,0,820599.1555833279,0.0,True,0.047248220447280616,911258.0319348443,862505.6378955711
000933,1000000.0,1017032.0957568343,0.0,1017032.0957568343,17032.095756834256,62560.38924316998,3360.0,213,78,49,213,5,0.13144534948481978,False,神火股份,27.48,2026-09-08,2016-05-10,2026-09-08,,False,False,False,ok,11,0,1017032.0957568343,0.0,True,0.030319953523299227,939786.6801262018,977024.0083476526
000935,1000000.0,913720.1588310751,0.0,913720.1588310751,-86279.84116892493,67386.95566893004,0.0,189,113,48,189,9,0.1870727422447287,False,四川双马,21.7,2026-09-08,2015-06-25,2026-09-08,,False,False,False,ok,6,0,913720.1588310751,0.0,True,0.04575705802726084,996095.8465301521,897147.2951939034
000936,1000000.0,987464.3349945081,0.0,987464.3349945081,-12535.66500549193,57040.54750549497,3656.0,187,82,43,187,1,0.1043728063575985,False,华西股份,5.75,2026-09-08,2016-04-07,2026-09-08,,False,False,False,ok,14,0,987464.3349945081,0.0,True,0.027459827541245235,918592.043039861,946216.1505266823
000937,1000000.0,904830.1929864364,0.0,904830.1929864364,-95169.80701356358,71725.29101356996,20160.0,177,50,37,177,0,0.13588016416026324,False,冀中能源,4.82,2026-09-08,2016-05-26,2026-09-08,,False,False,False,ok,13,0,904830.1929864364,0.0,True,0.03606932813104957,921101.3859362117,956236.8006163485
000938,1000000.0,983254.4524960051,0.0,983254.4524960051,-16745.547503994894,63268.437004000014,1287.9999999999998,207,61,26,207,2,0.13835959222324787,False,紫光股份,33.89,2026-09-08,2016-04-06,2026-09-08,,False,False,False,ok,11,0,983254.4524960051,0.0,True,0.030264488661832338,907893.8462218028,882703.4032954137
000939,1000000.0,853184.9563021709,0.0,853184.9563021709,-146815.04369782913,16386.92319783,0.0,33,20,13,33,1,0.20063904132332863,False,凯迪退,0.15,2026-09-08,2015-01-05,2020-12-16,,False,True,False,ok,0,1,853184.9563021709,0.0,True,0.009617538503992976,853184.9563021709,853184.9563021709
000948,1000000.0,1005540.2022464746,0.0,1005540.2022464746,5540.202246474568,64256.66725353004,575.0,200,77,34,200,7,0.08636505697062052,False,南天信息,14.13,2026-09-08,2016-04-27,2026-09-08,,False,False,False,ok,12,0,1005540.2022464746,0.0,True,0.028179748055587865,1031424.8547668614,1098630.7348411633
000949,1000000.0,893808.7319860304,0.0,893808.7319860304,-106191.26801396965,61393.41601397499,894.0,174,71,39,174,5,0.16007601332487592,False,新乡化纤,7.42,2026-09-08,2016-05-26,2026-09-08,,False,False,False,ok,10,0,893808.7319860304,0.0,True,0.03162320376404114,904303.559574863,873887.7641060734
000950,1000000.0,1004769.2828359847,0.0,1004769.2828359847,4769.282835984719,88034.53766402003,6111.0,189,101,42,189,1,0.09599874061782318,False,重药控股,5.43,2026-09-08,2015-01-05,2026-09-08,,False,False,False,ok,9,0,1004769.2828359847,0.0,True,0.04343815736973566,957084.219473642,1015520.4805454235
000951,1000000.0,986759.7584374205,0.0,986759.7584374205,-13240.241562579526,87353.4340625851,4410.0,226,67,30,226,0,0.11474794801436018,False,中国重汽,22.09,2026-09-08,2016-05-26,2026-09-08,,False,False,False,ok,15,0,986759.7584374205,0.0,True,0.036657577619225785,1009745.3759433636,1018324.8194825044
000952,1000000.0,828333.3286786852,0.0,828333.3286786852,-171666.67132131476,66904.65832131998,1464.0,153,35,19,153,1,0.20198380798979698,False,广济药业,6.85,2026-09-08,2016-05-26,2026-09-08,,False,False,False,ok,4,0,828333.3286786852,0.0,True,0.03062582304410312,806607.6205878233,836342.3820959243
000953,1000000.0,901134.0048623609,0.0,901134.0048623609,-98865.99513763911,91915.53063764499,0.0,264,158,88,264,13,0.18372360592713916,False,中哲精化,6.53,2026-09-08,2015-05-25,2026-09-08,,False,False,False,ok,0,0,901134.0048623609,0.0,True,0.055122063456228367,972950.9602553438,990292.6407541195
000955,1000000.0,830013.6774927599,0.0,830013.6774927599,-169986.3225072401,61568.30550724498,0.0,195,89,51,195,10,0.22561918787238716,False,欣龙控股,4.36,2026-09-08,2015-12-21,2026-09-08,,False,False,False,ok,0,0,830013.6774927599,0.0,True,0.03225228384662608,842252.702996023,856585.951115319
000956,1000000.0,1000000.0,0.0,1000000.0,0.0,0.0,0.0,0,0,0,0,0,0.0,False,中原油气,1.0,2026-09-08,,,,True,True,False,ok,0,0,1000000.0,0.0,True,0.0,1000000.0,1000000.0
000957,1000000.0,709410.11287474,0.0,709410.11287474,-290589.88712525996,67884.37862526499,1070.0,217,90,36,217,7,0.2993360736258892,False,中通客车,10.36,2026-09-08,2016-05-05,2026-09-08,,False,False,False,ok,8,0,709410.11287474,0.0,True,0.03581443040859,888204.5750051127,809041.9371574839
000958,1000000.0,727271.9247319339,0.0,727271.9247319339,-272728.07526806614,69598.04626807007,3182.0,206,123,57,206,4,0.29847977376557244,False,电投产融,5.31,2026-09-08,2016-04-26,2026-09-08,,False,False,False,ok,10,0,727271.9247319339,0.0,True,0.041791046232239365,844243.2829066322,794635.7006099832
000959,1000000.0,728179.4209928152,0.0,728179.4209928152,-271820.57900718483,76014.59200719003,4070.0,209,94,44,209,1,0.2842989955667136,False,首钢股份,3.75,2026-09-08,2016-03-25,2026-09-08,,False,False,False,ok,6,0,728179.4209928152,0.0,True,0.042896875713532165,794170.9634145132,749502.6044750995
000960,1000000.0,989668.7114647708,0.0,989668.7114647708,-10331.288535229163,57418.12653523501,1923.0,182,34,25,182,3,0.13364079813782165,False,锡业股份,34.34,2026-09-08,2016-05-13,2026-09-08,,False,False,False,ok,7,0,989668.7114647708,0.0,True,0.02313397442907153,930492.175701183,900551.736648249
000961,1000000.0,1000000.0,0.0,1000000.0,0.0,0.0,0.0,0,0,0,0,0,0.0,False,ST中南,0.56,2026-09-08,2015-01-05,2024-05-08,,False,True,False,ok,0,1,1000000.0,0.0,True,0.0,1000000.0,1000000.0
000962,1000000.0,724803.9537688729,0.0,724803.9537688729,-275196.0462311271,42372.057231130006,0.0,172,61,20,172,6,0.2872542832455677,False,东方钽业,53.24,2026-09-08,2015-09-28,2026-09-08,,False,False,False,ok,4,0,724803.9537688729,0.0,True,0.022479095380165424,755274.9125201013,724396.4436519974
000963,1000000.0,779707.9450831013,0.0,779707.9450831013,-220292.05491689872,85109.471416905,2078.9999999999995,236,75,36,236,3,0.2233183940142127,False,华东医药,27.3,2026-09-08,2016-05-26,2026-09-08,,False,False,False,ok,14,0,779707.9450831013,0.0,True,0.04749369591216988,853488.9592958036,879312.3474665593
000965,1000000.0,855324.9906140163,0.0,855324.9906140163,-144675.0093859837,72990.28388598995,0.0,193,94,47,193,4,0.16351901817789652,False,天保基建,3.47,2026-09-08,2016-05-26,2026-09-08,,False,False,False,ok,10,0,855324.9906140163,0.0,True,0.03652510353493455,883493.8971541047,889923.9726381509
000966,1000000.0,965385.1936413507,0.0,965385.1936413507,-34614.80635864928,91455.29485865487,0.0,239,99,41,239,1,0.2307908778230861,False,长源电力,4.05,2026-09-08,2016-05-11,2026-09-08,,False,False,False,ok,8,0,965385.1936413507,0.0,True,0.047431504321277136,812058.497225053,806078.7556405034
000967,1000000.0,768223.7358324728,0.0,768223.7358324728,-231776.2641675272,91994.73766753501,6888.0,202,84,32,202,3,0.2897191239566288,False,盈峰环境,8.06,2026-09-08,2016-02-25,2026-09-08,,False,False,False,ok,12,0,768223.7358324728,0.0,True,0.04673548109144024,848122.5047160557,784063.7423370169
000968,1000000.0,694096.2547162606,0.0,694096.2547162606,-305903.7452837394,71862.72228374502,860.0,222,103,38,222,2,0.3683856237370251,False,蓝焰控股,7.58,2026-09-08,2015-11-06,2026-09-08,,False,False,False,ok,8,0,694096.2547162606,0.0,True,0.039305169312501456,744449.7564146233,711488.9847545694
000969,1000000.0,907401.1748150589,0.0,907401.1748150589,-92598.82518494106,44164.700684944946,0.0,136,40,26,136,0,0.15032303604279745,False,安泰科技,17.31,2026-09-08,2016-05-12,2026-09-08,,False,False,False,ok,6,0,907401.1748150589,0.0,True,0.01930152441358281,872464.498083152,861932.5235572831
000970,1000000.0,1000000.0,0.0,1000000.0,0.0,0.0,0.0,0,0,0,0,0,0.0,False,中科三环,11.83,2026-09-08,2016-05-18,2026-09-08,,False,False,True,ok,12,0,1000000.0,0.0,True,0.0,1000000.0,1000000.0
000971,1000000.0,850765.9980895411,0.0,850765.9980895411,-149234.0019104589,17791.810410460002,0.0,38,32,11,38,1,0.16999581288113172,False,*ST高升,0.55,2026-09-08,2015-01-05,2024-06-04,,False,True,False,ok,0,1,850765.9980895411,0.0,True,0.012797015384393573,850765.9980895411,850765.9980895411
000972,1000000.0,772634.9213125404,0.0,772634.9213125404,-227365.07868745958,80510.39818746505,0.0,230,95,62,230,7,0.28044256557738195,False,中基健康,3.97,2026-09-08,2015-06-09,2026-09-08,,False,False,False,ok,0,0,772634.9213125404,0.0,True,0.04503857701072479,887363.1761978625,778250.2056840794
000973,1000000.0,960373.7669393048,0.0,960373.7669393048,-39626.23306069523,53999.6070607,3225.0,153,34,32,153,1,0.11503127484660841,False,佛塑科技,12.13,2026-09-08,2016-05-12,2026-09-08,,False,False,False,ok,10,0,960373.7669393048,0.0,True,0.02181744958365234,953447.1516588624,936459.0219870632
000975,1000000.0,1028863.4928360666,0.0,1028863.4928360666,28863.492836066638,101114.2496639399,4144.0,271,101,52,271,10,0.10173289886796509,False,山金国际,25.8,2026-09-08,2015-09-17,2026-09-08,,False,False,False,ok,12,0,1028863.4928360666,0.0,True,0.04834897932047677,943831.0293589435,1100112.0167888545
000976,1000000.0,801241.0004971841,0.0,801241.0004971841,-198758.9995028159,69022.60300281996,0.0,150,107,64,150,7,0.21763337061129479,False,*ST华铁,0.41,2026-09-08,2015-02-16,2024-07-25,,False,True,False,ok,0,0,801241.0004971841,0.0,True,0.05157155038164509,955810.1049531435,956726.122257269
000977,1000000.0,1000000.0,0.0,1000000.0,0.0,0.0,0.0,0,0,0,0,0,0.0,False,浪潮信息,72.32,2026-09-08,2016-05-09,2026-09-08,,False,False,True,ok,13,0,1000000.0,0.0,True,0.0,1000000.0,1000000.0
000978,1000000.0,923172.9335377241,0.0,923172.9335377241,-76827.06646227592,59913.23196227997,0.0,150,42,21,150,1,0.0899015770749332,False,桂林旅游,8.01,2026-09-08,2016-05-26,2026-09-08,,False,False,False,ok,5,0,923172.9335377241,0.0,True,0.024226437731201117,950691.0209174815,969291.4222236571
000979,1000000.0,1000000.0,0.0,1000000.0,0.0,0.0,0.0,0,0,0,0,0,0.0,False,中弘退,0.22,2026-09-08,2015-01-05,2018-12-27,,False,True,False,ok,0,2,1000000.0,0.0,True,0.0,1000000.0,1000000.0
000980,1000000.0,631086.7411307611,0.0,631086.7411307611,-368913.2588692389,67662.96386924501,0.0,273,148,66,273,17,0.38460170425752277,False,众泰汽车,1.84,2026-09-08,2015-09-01,2026-09-08,,False,False,False,ok,2,0,631086.7411307611,0.0,True,0.043579932359785294,836214.1557959728,668422.3488446395
000981,1000000.0,772843.6577807138,0.0,772843.6577807138,-227156.34221928625,61954.22021929006,20090.0,149,83,49,149,7,0.2887161662500795,False,山子高科,2.76,2026-09-08,2015-01-05,2026-09-08,,False,False,False,ok,4,1,772843.6577807138,0.0,True,0.03876081707715563,771753.5017406737,772843.6577807138
000982,1000000.0,515544.72049893695,193400.0,550356.720498937,-449643.27950106305,46225.959501064965,0.0,163,99,57,162,20,0.45084309269610945,False,中银绒业,0.18,2026-09-08,2016-02-25,2024-06-21,,False,True,False,ok,0,0,515544.72049893695,34812.0,False,0.04583487146991002,728110.8989270915,623971.784552657
000983,1000000.0,789864.6706207886,0.0,789864.6706207886,-210135.3293792114,78486.41537921493,23440.0,227,71,38,227,4,0.24605560047354882,False,山西焦煤,6.89,2026-09-08,2016-05-12,2026-09-08,,False,False,False,ok,13,0,789864.6706207886,0.0,True,0.03974852185539373,866550.9114973119,850309.0171007072
000985,1000000.0,1100377.8133666003,0.0,1100377.8133666003,100377.81336660031,72478.70863340505,2442.0,178,60,53,178,1,0.12475932824213921,False,大庆华科,17.9,2026-09-08,2016-05-26,2026-09-08,,False,False,False,ok,11,0,1100377.8133666003,0.0,True,0.034134772138501315,1053962.6815923022,975390.669518679
000987,1000000.0,834897.5574432111,0.0,834897.5574432111,-165102.4425567889,70994.67255679512,3497.0,187,81,35,187,2,0.17613132101084034,False,越秀资本,7.57,2026-09-08,2015-12-15,2026-09-08,,False,False,False,ok,13,0,834897.5574432111,0.0,True,0.03715188921202341,900789.2948666329,892267.6702364341
000988,1000000.0,1028245.8199233438,0.0,1028245.8199233438,28245.819923343835,54624.84157666,1870.0,166,43,31,166,0,0.10597083416672061,False,华工科技,100.53,2026-09-08,2016-05-26,2026-09-08,,False,False,False,ok,12,0,1028245.8199233438,0.0,True,0.0240879077473154,1062862.8797093623,1062928.951982377
000989,1000000.0,876698.8926116423,0.0,876698.8926116423,-123301.10738835775,85890.03388836507,23270.0,184,66,33,184,1,0.25982344752741365,False,九芝堂,9.12,2026-09-08,2016-05-24,2026-09-08,,False,False,False,ok,11,0,876698.8926116423,0.0,True,0.03806805191456941,1022739.033119285,918085.6039092705
000990,1000000.0,889255.4729610952,0.0,889255.4729610952,-110744.52703890484,80949.19253890995,1340.0,188,66,49,188,2,0.17930712554263137,False,诚志股份,6.76,2026-09-08,2016-05-18,2026-09-08,,False,False,False,ok,10,0,889255.4729610952,0.0,True,0.04676727279147495,925627.3479858031,881956.3031837886
000993,1000000.0,1043152.2722755197,0.0,1043152.2722755197,43152.272275519674,78492.83372448497,3440.0,225,86,49,225,2,0.06821755344037878,False,闽东电力,10.43,2026-09-08,2016-05-26,2026-09-08,,False,False,False,ok,3,0,1043152.2722755197,0.0,True,0.03310455314392694,1037210.6447590132,1092571.7924572139
000995,1000000.0,929585.6762450812,0.0,929585.6762450812,-70414.32375491876,19881.07075492001,0.0,50,29,26,50,6,0.1441920161303263,False,皇台酒业,11.74,2026-09-08,2015-08-17,2026-09-08,,False,False,False,ok,0,1,929585.6762450812,0.0,True,0.021834794967525894,929585.6762450812,929585.6762450812
000996,1000000.0,1004816.9801716806,0.0,1004816.9801716806,4816.980171680567,10424.692328319996,0.0,25,17,12,25,0,0.05950079837460846,False,中期退,0.38,2026-09-08,2015-10-19,2024-06-27,,False,True,False,ok,0,2,1004816.9801716806,0.0,True,0.006455345585901877,1004816.9801716806,1004816.9801716806
000997,1000000.0,928974.9813996151,0.0,928974.9813996151,-71025.01860038494,60569.89108039001,4856.24898,159,41,18,159,1,0.1174557893404634,False,新 大 陆,20.84,2026-09-08,2016-02-24,2026-09-08,,False,False,False,ok,13,0,928974.9813996151,0.0,True,0.027339415542964204,953313.7873735125,956740.2231322487
000998,1000000.0,835399.8687637884,0.0,835399.8687637884,-164600.13123621163,99397.47823621987,0.0,227,81,42,227,1,0.2122814067295695,False,隆平高科,10.15,2026-09-08,2016-04-27,2026-09-08,,False,False,False,ok,8,0,835399.8687637884,0.0,True,0.05805448737840561,1014558.3950292841,960182.0594281452
000999,1000000.0,839034.4820033339,0.0,839034.4820033339,-160965.51799666614,116441.4789466744,19400.0,251,51,30,251,0,0.19679055502825288,False,华润三九,24.84,2026-09-08,2016-05-26,2026-09-08,,False,False,False,ok,14,0,839034.4820033339,0.0,True,0.057277011040870705,901266.8134244249,935181.6275196162
001201,1000000.0,816031.4138873288,0.0,816031.4138873288,-183968.58611267118,30477.672612674993,0.0,91,29,7,91,0,0.18996945315593144,False,东瑞股份,13.48,2026-09-08,2021-04-28,2026-09-08,,True,False,False,ok,2,0,816031.4138873288,0.0,True,0.017284804942692272,1000000.0,887925.2779060166
001202,1000000.0,1026205.9669209315,0.0,1026205.9669209315,26205.966920931474,29231.425079070003,0.0,90,26,17,90,2,0.0861549604757676,False,炬申股份,14.76,2026-09-08,2021-04-29,2026-09-08,,True,False,False,ok,5,0,1026205.9669209315,0.0,True,0.014016363363085227,1000000.0,1079472.5462110853
001203,1000000.0,923800.6170996923,0.0,923800.6170996923,-76199.38290030765,25489.653900310004,880.0,76,24,13,76,0,0.10002702357064279,False,大中矿业,25.5,2026-09-08,2021-05-10,2026-09-08,,True,False,False,ok,5,0,923800.6170996923,0.0,True,0.01252429235142523,1000000.0,976139.6885478667
001205,1000000.0,983873.6803516448,0.0,983873.6803516448,-16126.319648355246,43177.63964836003,1836.0,108,47,18,108,0,0.09079591595383937,False,盛航股份,14.67,2026-09-08,2021-05-13,2026-09-08,,True,False,False,ok,5,0,983873.6803516448,0.0,True,0.027001113474340078,1000000.0,932886.1977819112
001206,1000000.0,867461.5427884981,0.0,867461.5427884981,-132538.4572115019,32354.386711505012,9836.0,95,33,15,95,3,0.1884471103003429,False,依依股份,17.09,2026-09-08,2021-05-18,2026-09-08,,True,False,False,ok,13,0,867461.5427884981,0.0,True,0.01640059856623036,1000000.0,1006789.4834967572
001207,1000000.0,854034.6720865119,0.0,854034.6720865119,-145965.32791348814,24416.184913490004,0.0,74,27,15,74,1,0.16470029369452227,False,联科科技,17.55,2026-09-08,2021-06-23,2026-09-08,,True,False,False,ok,7,0,854034.6720865119,0.0,True,0.01429264325726236,1000000.0,933522.1241239758
001208,1000000.0,888643.2043807027,0.0,888643.2043807027,-111356.7956192973,28796.6296193,1500.4,98,37,17,98,0,0.14998204130774156,False,华菱线缆,14.43,2026-09-08,2021-06-24,2026-09-08,,True,False,False,ok,6,0,888643.2043807027,0.0,True,0.015402230571133312,1000000.0,908303.743704211
001209,1000000.0,904963.84883934,0.0,904963.84883934,-95036.15116065997,23614.457160659997,1944.0,92,26,28,92,1,0.14660360956409937,False,洪兴股份,18.86,2026-09-08,2021-07-23,2026-09-08,,True,False,False,ok,6,0,904963.84883934,0.0,True,0.013859420101471164,1000000.0,998852.4697824151
001210,1000000.0,937710.1405174964,0.0,937710.1405174964,-62289.85948250361,18258.652982505,0.0,55,23,8,55,0,0.10247906412529666,False,金房能源,30.45,2026-09-08,2021-07-29,2026-09-08,,True,False,False,ok,7,0,937710.1405174964,0.0,True,0.009935888289448977,1000000.0,973518.1559201658
001211,1000000.0,905089.2013753199,0.0,905089.2013753199,-94910.79862468014,25217.129804145367,0.0,61,24,18,61,0,0.10349864892535506,True,双枪科技,24.73,2026-09-08,2021-08-05,2026-09-08,,True,False,False,ok,4,0,905089.2013753199,0.0,True,0.015378958768975189,1000000.0,968899.4777915261
001212,1000000.0,998236.2999440621,0.0,998236.2999440621,-1763.7000559378648,26109.213055939996,180.0,104,56,17,104,0,0.06899352104220471,False,中旗新材,33.08,2026-09-08,2021-08-23,2026-09-08,,True,False,False,ok,5,0,998236.2999440621,0.0,True,0.015853830549282348,1000000.0,996839.689155401
001213,1000000.0,943097.7602940081,0.0,943097.7602940081,-56902.23970599193,35150.70620599499,1658.0,59,26,8,59,0,0.08937538231685507,False,中铁特货,3.57,2026-09-08,2021-09-08,2026-09-08,,True,False,False,ok,6,0,943097.7602940081,0.0,True,0.019865493360624376,1000000.0,1013490.257291786
001215,1000000.0,1019773.9214766113,0.0,1019773.9214766113,19773.921476611285,26234.07252339001,679.9999999999999,81,28,14,81,0,0.0904733682158158,False,千味央厨,30.93,2026-09-08,2021-09-06,2026-09-08,,True,False,False,ok,3,0,1019773.9214766113,0.0,True,0.014093030888301425,1000000.0,1101413.022230436
001216,1000000.0,1046095.7181518476,0.0,1046095.7181518476,46095.7181518476,27490.482348154983,0.0,86,12,17,86,0,0.047773296749774034,False,华瓷股份,15.14,2026-09-08,2021-10-19,2026-09-08,,True,False,False,ok,5,0,1046095.7181518476,0.0,True,0.012400951849624814,1000000.0,974814.1381526112
001217,1000000.0,845937.9507079467,0.0,845937.9507079467,-154062.04929205333,22334.020792054987,0.0,74,42,20,74,2,0.16372747065423598,False,华尔泰,10.7,2026-09-08,2021-09-29,2026-09-08,,True,False,False,ok,6,0,845937.9507079467,0.0,True,0.014421870765220753,1000000.0,965609.8671006807
001218,1000000.0,937482.6972317267,0.0,937482.6972317267,-62517.30276827328,21507.09626827499,0.0,49,16,5,49,0,0.07791258902738618,False,丽臣实业,24.16,2026-09-08,2021-10-15,2026-09-08,,True,False,False,ok,5,0,937482.6972317267,0.0,True,0.011053342834986695,1000000.0,947252.4946154454
001219,1000000.0,1009889.0162848146,0.0,1009889.0162848146,9889.01628481457,33177.17246518752,7650.0,76,27,14,76,0,0.0737323134978381,False,青岛食品,13.22,2026-09-08,2021-10-21,2026-09-08,,True,False,False,ok,6,0,1009889.0162848146,0.0,True,0.019083172604267895,1000000.0,1049803.487072891
001220,1000000.0,1000000.0,0.0,1000000.0,0.0,0.0,0.0,0,0,0,0,0,0.0,False,世盟股份,32.02,2026-09-08,2026-02-03,2026-09-08,,True,False,False,ok,1,0,1000000.0,0.0,True,0.0,1000000.0,1000000.0
001221,1000000.0,1000000.0,0.0,1000000.0,0.0,0.0,0.0,0,0,0,0,0,0.0,False,悍高集团,39.3,2026-09-08,2025-07-30,2026-09-08,,True,False,False,ok,3,1,1000000.0,0.0,True,0.0,1000000.0,1000000.0
001222,1000000.0,905583.779992252,0.0,905583.779992252,-94416.220007748,13390.091007750001,1035.0,50,22,11,50,0,0.10659913810013737,False,源飞宠物,16.65,2026-09-08,2022-08-18,2026-09-08,,True,False,False,ok,3,0,905583.779992252,0.0,True,0.00979884147051573,1000000.0,988720.1349475251
001223,1000000.0,992430.9628835553,0.0,992430.9628835553,-7569.03711644467,10686.730616444996,0.0,46,4,2,46,0,0.039791339563671334,False,欧克科技,40.11,2026-09-08,2022-12-12,2026-09-08,,True,False,False,ok,3,0,992430.9628835553,0.0,True,0.004893419627267775,1000000.0,1000000.0
001225,1000000.0,1008354.1548975965,0.0,1008354.1548975965,8354.154897596454,14536.315602404999,998.4,54,20,12,54,0,0.04239941126067531,False,和泰机电,47.53,2026-09-08,2023-02-22,2026-09-08,,True,False,False,ok,4,0,1008354.1548975965,0.0,True,0.01040689006363421,1000000.0,1000000.0
001226,1000000.0,888082.117207536,0.0,888082.117207536,-111917.88279246399,18419.697292465007,3600.0,78,34,18,78,2,0.1730857560939479,False,拓山重工,46.83,2026-09-08,2022-06-22,2026-09-08,,True,False,False,ok,3,0,888082.117207536,0.0,True,0.013715090877260748,1000000.0,1036999.563678805
001227,1000000.0,871801.3102508677,0.0,871801.3102508677,-128198.68974913226,38570.252249134996,0.0,62,19,7,62,1,0.12968551415955298,False,兰州银行,2.18,2026-09-08,2022-01-17,2026-09-08,,True,False,False,ok,7,0,871801.3102508677,0.0,True,0.02065862972598091,1000000.0,876157.6747385568
001228,1000000.0,992274.0116166512,0.0,992274.0116166512,-7725.988383348798,18233.905383349997,2550.0,60,11,5,60,0,0.0529893441307619,False,永泰运,31.08,2026-09-08,2022-04-29,2026-09-08,,True,False,False,ok,7,0,992274.0116166512,0.0,True,0.008791066047449492,1000000.0,974703.6344502952
001229,1000000.0,938928.7101640818,0.0,938928.7101640818,-61071.28983591823,17857.084835919995,6330.0,77,18,17,77,4,0.16281407781175897,True,魅视科技,40.11,2026-09-08,2022-08-08,2026-09-08,,True,False,False,ok,4,0,938928.7101640818,0.0,True,0.013237294262041418,1000000.0,989633.5830902904
001230,1000000.0,961448.2576682076,0.0,961448.2576682076,-38551.74233179237,19431.67373179398,8568.0,57,21,13,57,0,0.0928098764737432,False,劲旅环境,20.0,2026-09-08,2022-07-15,2026-09-08,,True,False,False,ok,6,0,961448.2576682076,0.0,True,0.014663438404789467,1000000.0,981975.4709941805
001231,1000000.0,956233.5508939704,0.0,956233.5508939704,-43766.449106029584,8601.477106029999,0.0,34,8,6,34,0,0.056150575435029874,False,农心科技,23.08,2026-09-08,2022-08-19,2026-09-08,,True,False,False,ok,5,0,956233.5508939704,0.0,True,0.00464124349943001,1000000.0,994711.29482498
001232,1000000.0,1000000.0,0.0,1000000.0,0.0,0.0,0.0,0,0,0,0,0,0.0,False,嘉立创,162.08,2026-09-08,2026-08-04,2026-09-08,,True,False,False,ok,0,0,1000000.0,0.0,True,0.0,1000000.0,1000000.0
001233,1000000.0,1000000.0,0.0,1000000.0,0.0,0.0,0.0,0,0,0,0,0,0.0,False,海安集团,44.01,2026-09-08,2025-11-25,2026-09-08,,True,False,False,ok,1,0,1000000.0,0.0,True,0.0,1000000.0,1000000.0
001234,1000000.0,872556.5083097023,0.0,872556.5083097023,-127443.49169029773,17056.787690300003,0.0,64,26,15,64,2,0.1431341816381705,False,泰慕士,23.49,2026-09-08,2022-01-11,2026-09-08,,True,False,False,ok,6,0,872556.5083097023,0.0,True,0.01061133853272118,1000000.0,909377.641670201
001236,1000000.0,906382.8533923166,0.0,906382.8533923166,-93617.14660768339,15750.111107685001,0.0,60,23,14,60,0,0.09835668802797991,False,弘业期货,8.23,2026-09-08,2022-08-05,2026-09-08,,True,False,False,ok,4,0,906382.8533923166,0.0,True,0.010084727354362007,1000000.0,968011.9740302
001237,1000000.0,1000000.0,0.0,1000000.0,0.0,0.0,0.0,0,0,0,0,0,0.0,False,惠康科技,50.82,2026-09-08,2026-05-22,2026-09-08,,True,False,False,ok,0,0,1000000.0,0.0,True,0.0,1000000.0,1000000.0
001238,1000000.0,890584.8856405566,0.0,890584.8856405566,-109415.11435944343,16148.913859444994,0.0,59,10,5,59,3,0.11026923184321617,False,浙江正特,25.22,2026-09-08,2022-09-19,2026-09-08,,True,False,False,ok,3,0,890584.8856405566,0.0,True,0.008246856108571,1000000.0,990461.2137005301
001239,1000000.0,892141.587475126,0.0,892141.587475126,-107858.41252487397,8829.662024874999,0.0,29,12,8,29,0,0.11010094495187397,False,永达股份,12.34,2026-09-08,2023-12-12,2026-09-08,,True,False,False,ok,0,0,892141.587475126,0.0,True,0.006040325724065975,1000000.0,1000000.0
001248,1000000.0,1000000.0,0.0,1000000.0,0.0,0.0,0.0,0,0,0,0,0,0.0,False,华润新能,12.07,2026-09-08,2026-07-02,2026-09-08,,True,False,False,ok,0,0,1000000.0,0.0,True,0.0,1000000.0,1000000.0
001255,1000000.0,847998.7661741412,0.0,847998.7661741412,-152001.2338258588,12821.715825859997,0.0,58,19,3,58,0,0.18020039647580996,False,博菲电气,27.54,2026-09-08,2022-09-30,2026-09-08,,True,False,False,ok,4,0,847998.7661741412,0.0,True,0.007475995262667809,1000000.0,1025805.20302912
001256,1000000.0,1089748.9689795016,0.0,1089748.9689795016,89748.96897950163,14596.710020499993,0.0,48,16,5,48,0,0.023654772808867464,False,炜冈科技,22.23,2026-09-08,2022-12-05,2026-09-08,,True,False,False,ok,4,0,1089748.9689795016,0.0,True,0.007895544668140155,1000000.0,1000000.0
001257,1000000.0,1000000.0,0.0,1000000.0,0.0,0.0,0.0,0,0,0,0,0,0.0,False,盛龙股份,24.43,2026-09-08,2026-03-31,2026-09-08,,True,False,False,ok,1,0,1000000.0,0.0,True,0.0,1000000.0,1000000.0
001258,1000000.0,1070472.36858062,0.0,1070472.36858062,70472.36858062004,15691.828419379995,3280.0,57,22,16,57,1,0.059263769416644706,False,立新能源,12.11,2026-09-08,2022-07-27,2026-09-08,,True,False,False,ok,4,0,1070472.36858062,0.0,True,0.010148658405960288,1000000.0,972298.2616703951
001259,1000000.0,877303.1339815912,0.0,877303.1339815912,-122696.8660184088,15247.62401841,2440.0,64,19,11,64,0,0.14504744488288915,False,利仁科技,46.41,2026-09-08,2022-08-31,2026-09-08,,True,False,False,ok,3,0,877303.1339815912,0.0,True,0.00981430793488203,1000000.0,965640.003327155
001260,1000000.0,943300.972111381,0.0,943300.972111381,-56699.02788861899,8875.94688862,0.0,33,9,0,33,0,0.08210872339298368,False,坤泰股份,18.83,2026-09-08,2023-02-16,2026-09-08,,True,False,False,ok,4,0,943300.972111381,0.0,True,0.004368107978743216,1000000.0,1000000.0
001266,1000000.0,936859.2920669115,0.0,936859.2920669115,-63140.70793308853,15589.457933089998,0.0,68,26,11,68,6,0.12246812788647331,False,宏英智能,33.05,2026-09-08,2022-02-28,2026-09-08,,True,False,False,ok,5,0,936859.2920669115,0.0,True,0.00948343715826467,1000000.0,974541.9728212104
001267,1000000.0,911339.9845584111,0.0,911339.9845584111,-88660.01544158894,21052.106441590007,1208.0,92,45,13,92,2,0.13368389168354167,False,汇绿生态,37.51,2026-09-08,2021-11-17,2026-09-08,,True,False,False,ok,5,0,911339.9845584111,0.0,True,0.013018152159963542,1000000.0,949213.7293632256
001268,1000000.0,910212.7676463012,0.0,910212.7676463012,-89787.23235369881,11355.255353700004,0.0,50,13,8,50,2,0.09809602896554388,False,联合精密,25.65,2026-09-08,2022-06-30,2026-09-08,,True,False,False,ok,5,0,910212.7676463012,0.0,True,0.006522074035522855,1000000.0,986917.9280807204
001269,1000000.0,1010877.8276291318,0.0,1010877.8276291318,10877.827629131847,15167.252370869996,0.0,66,30,12,66,1,0.09209137723347881,False,欧晶科技,19.87,2026-09-08,2022-09-30,2026-09-08,,True,False,False,ok,2,0,1010877.8276291318,0.0,True,0.009801978008497024,1000000.0,1075994.4934991554
001270,1000000.0,985764.6485247911,0.0,985764.6485247911,-14235.351475208881,15602.871475209995,0.0,75,19,19,75,3,0.10714648643595817,False,铖昌科技,97.35,2026-09-08,2022-06-06,2026-09-08,,True,False,False,ok,3,0,985764.6485247911,0.0,True,0.010720823547245595,1000000.0,994878.9761102702
001277,1000000.0,984098.1292190556,0.0,984098.1292190556,-15901.870780944359,7213.105280945001,0.0,26,6,5,26,0,0.03226806484271003,False,速达股份,31.09,2026-09-08,2024-09-03,2026-09-08,,True,False,False,ok,3,0,984098.1292190556,0.0,True,0.004635821600243142,1000000.0,1000000.0
001278,1000000.0,977421.9036037149,0.0,977421.9036037149,-22578.09639628511,7210.233896284998,0.0,30,7,0,30,0,0.05163016374758992,False,一彬科技,16.35,2026-09-08,2023-03-08,2026-09-08,,True,False,False,ok,3,0,977421.9036037149,0.0,True,0.003339675702161158,1000000.0,1000000.0
001279,1000000.0,1000000.0,0.0,1000000.0,0.0,0.0,0.0,0,0,0,0,0,0.0,False,强邦新材,26.05,2026-09-08,2024-10-11,2026-09-08,,True,False,False,ok,3,1,1000000.0,0.0,True,0.0,1000000.0,1000000.0
001280,1000000.0,1000000.0,0.0,1000000.0,0.0,0.0,0.0,0,0,0,0,0,0.0,False,中国铀业,65.7,2026-09-08,2025-12-03,2026-09-08,,True,False,False,ok,1,0,1000000.0,0.0,True,0.0,1000000.0,1000000.0
001282,1000000.0,956719.9760772557,0.0,956719.9760772557,-43280.02392274432,10210.476422745003,880.0,43,20,5,43,0,0.09168885020068543,False,三联锻造,16.35,2026-09-08,2023-05-24,2026-09-08,,True,False,False,ok,5,0,956719.9760772557,0.0,True,0.005944676615937266,1000000.0,1000000.0
001283,1000000.0,955091.585647537,0.0,955091.585647537,-44908.414352462976,14393.110852464999,0.0,60,12,7,60,2,0.07180825493026008,False,豪鹏科技,50.96,2026-09-08,2022-09-05,2026-09-08,,True,False,False,ok,4,0,955091.585647537,0.0,True,0.00880133762770057,1000000.0,1022240.6421324903
001285,1000000.0,1000000.0,0.0,1000000.0,0.0,0.0,0.0,0,0,0,0,0,0.0,False,瑞立科密,43.76,2026-09-08,2025-09-30,2026-09-08,,True,False,False,ok,1,0,1000000.0,0.0,True,0.0,1000000.0,1000000.0
001286,1000000.0,1034150.4303685522,0.0,1034150.4303685522,34150.43036855222,22395.502631450003,0.0,43,10,7,43,0,0.06311401215209626,False,陕西能源,9.53,2026-09-08,2023-04-10,2026-09-08,,True,False,False,ok,5,0,1034150.4303685522,0.0,True,0.01237733732310958,1000000.0,1000000.0
001287,1000000.0,943169.346520991,0.0,943169.346520991,-56830.65347900905,9513.822479010001,0.0,43,10,5,43,1,0.05985608280881256,False,中电港,22.36,2026-09-08,2023-04-10,2026-09-08,,True,False,False,ok,4,0,943169.346520991,0.0,True,0.004911216944459228,1000000.0,1000000.0
001288,1000000.0,1086831.627914297,0.0,1086831.627914297,86831.62791429693,24417.078585704996,0.0,77,20,12,77,1,0.04804726347221231,False,运机集团,30.09,2026-09-08,2021-11-01,2026-09-08,,True,False,False,ok,5,0,1086831.627914297,0.0,True,0.011998016231349223,1000000.0,1011460.1205661863
001289,1000000.0,899679.3435427574,0.0,899679.3435427574,-100320.65645724256,38358.197957245,6818.97,89,33,23,89,0,0.12567894369256719,False,龙源电力,15.17,2026-09-08,2022-01-24,2026-09-08,,True,False,False,ok,6,0,899679.3435427574,0.0,True,0.02538127014569824,1000000.0,963583.0707845306
001296,1000000.0,983246.0632432722,0.0,983246.0632432722,-16753.93675672775,23189.621756730005,3400.0,65,22,16,65,0,0.07788403340717732,False,长江材料,21.38,2026-09-08,2021-12-24,2026-09-08,,True,False,False,ok,7,0,983246.0632432722,0.0,True,0.012876642023522374,1000000.0,993135.6138888212
001298,1000000.0,1002039.9869743363,0.0,1002039.9869743363,2039.9869743363233,11714.086525665,0.0,63,28,27,63,4,0.06366078841924253,False,好上好,17.86,2026-09-08,2022-10-31,2026-09-08,,True,False,False,ok,4,0,1002039.9869743363,0.0,True,0.008498471874347404,1000000.0,1002178.84426978
001299,1000000.0,1082420.9182379672,0.0,1082420.9182379672,82420.91823796718,15970.635162034003,9260.0,57,30,11,57,2,0.05767915402070468,False,美能能源,11.14,2026-09-08,2022-10-31,2026-09-08,,True,False,False,ok,4,0,1082420.9182379672,0.0,True,0.010386776541917614,1000000.0,991817.5904479302
001300,1000000.0,1065821.5487697015,0.0,1065821.5487697015,65821.5487697015,12144.790230299997,0.0,51,20,16,51,1,0.07016293006915843,False,三柏硕,12.52,2026-09-08,2022-10-19,2026-09-08,,True,False,False,ok,2,0,1065821.5487697015,0.0,True,0.00751684923460798,1000000.0,1027469.44171704
001301,1000000.0,970831.9442588525,0.0,970831.9442588525,-29168.055741147487,13283.531641148998,1520.0,64,26,8,64,1,0.06984379970447228,False,尚太科技,53.02,2026-09-08,2022-12-28,2026-09-08,,True,False,False,ok,4,0,970831.9442588525,0.0,True,0.009564297960254849,1000000.0,1000000.0
001306,1000000.0,928648.5078809756,0.0,928648.5078809756,-71351.49211902439,8028.663619024999,0.0,33,9,1,33,0,0.08062388337039125,False,夏厦精密,55.09,2026-09-08,2023-11-16,2026-09-08,,True,False,False,ok,3,0,928648.5078809756,0.0,True,0.004140134334854839,1000000.0,1000000.0
001308,1000000.0,985741.498405645,0.0,985741.498405645,-14258.50159435498,23486.913394357995,6423.2,66,16,15,66,0,0.10807663502142789,False,康冠科技,17.95,2026-09-08,2022-03-18,2026-09-08,,True,False,False,ok,7,0,985741.498405645,0.0,True,0.013205357639084685,1000000.0,992008.9392986527
001309,1000000.0,967970.3959897271,0.0,967970.3959897271,-32029.604010272888,17787.237510275012,0.0,102,20,6,102,2,0.10222108174309175,False,德明利,416.82,2026-09-08,2022-07-01,2026-09-08,,True,False,False,ok,4,0,967970.3959897271,0.0,True,0.01147170559112488,1000000.0,999859.0137864153
001311,1000000.0,949154.741001416,0.0,949154.741001416,-50845.258998584,8528.437498584999,0.0,33,6,2,33,0,0.06815490846524243,False,多利科技,17.98,2026-09-08,2023-02-27,2026-09-08,,True,False,False,ok,4,0,949154.741001416,0.0,True,0.004327865799757749,1000000.0,1000000.0
001312,1000000.0,1000000.0,0.0,1000000.0,0.0,0.0,0.0,0,0,0,0,0,0.0,False,福恩股份,17.65,2026-09-08,2026-04-21,2026-09-08,,True,False,False,ok,1,0,1000000.0,0.0,True,0.0,1000000.0,1000000.0
001313,1000000.0,971479.2836303229,0.0,971479.2836303229,-28520.716369677102,28400.57236967999,2167.114,82,25,15,82,0,0.08288045050765946,False,粤海饲料,8.19,2026-09-08,2022-02-16,2026-09-08,,True,False,False,ok,4,0,971479.2836303229,0.0,True,0.01505494330943894,1000000.0,933481.0816433057
001314,1000000.0,1027968.8262727708,0.0,1027968.8262727708,27968.826272770762,12259.342567229996,1192.19184,56,16,15,56,1,0.042791064300684654,False,亿道信息,50.1,2026-09-08,2023-02-14,2026-09-08,,True,False,False,ok,4,0,1027968.8262727708,0.0,True,0.00818556212566295,1000000.0,1000000.0
001316,1000000.0,849987.4294594266,0.0,849987.4294594266,-150012.57054057345,14940.833040574993,0.0,60,15,3,60,0,0.16072637611267862,False,润贝航科,29.57,2026-09-08,2022-06-24,2026-09-08,,True,False,False,ok,6,0,849987.4294594266,0.0,True,0.008639769785369306,1000000.0,947555.4346153203
001317,1000000.0,898103.4679528467,0.0,898103.4679528467,-101896.53204715333,20440.116547155005,580.0,80,27,8,80,0,0.10501023135645894,False,三羊马,52.74,2026-09-08,2021-11-30,2026-09-08,,True,False,False,ok,4,0,898103.4679528467,0.0,True,0.0122248818035091,1000000.0,949347.5807629158
001318,1000000.0,1017747.1766733067,0.0,1017747.1766733067,17747.176673306734,16718.174826694998,0.0,53,20,13,53,0,0.06334262946313196,False,阳光乳业,12.28,2026-09-08,2022-05-20,2026-09-08,,True,False,False,ok,4,0,1017747.1766733067,0.0,True,0.00924315510438044,1000000.0,1035515.7292550202
001319,1000000.0,887738.5037812663,0.0,887738.5037812663,-112261.49621873372,14686.420718735006,2652.0,55,9,6,55,0,0.12185455615163682,False,铭科精技,20.64,2026-09-08,2022-05-12,2026-09-08,,True,False,False,ok,5,0,887738.5037812663,0.0,True,0.007112399157035361,1000000.0,946232.5975690453
001322,1000000.0,937143.720739511,0.0,937143.720739511,-62856.27926048904,14261.452260490003,0.0,42,16,13,42,0,0.0729146832724823,False,箭牌家居,6.61,2026-09-08,2022-10-26,2026-09-08,,True,False,False,ok,4,0,937143.720739511,0.0,True,0.009438118627237263,1000000.0,1003396.2500849951
001323,1000000.0,959882.746863539,0.0,959882.746863539,-40117.25313646102,39056.14163646499,12750.0,92,19,16,92,0,0.11764451426055275,False,慕思股份,18.25,2026-09-08,2022-06-23,2026-09-08,,True,False,False,ok,7,0,959882.746863539,0.0,True,0.02324178538392603,1000000.0,1012353.841295221
001324,1000000.0,962835.2111165357,0.0,962835.2111165357,-37164.788883464294,9517.085383465,0.0,32,7,4,32,0,0.060087955173566306,False,长青科技,20.84,2026-09-08,2023-05-22,2026-09-08,,True,False,False,ok,5,0,962835.2111165357,0.0,True,0.00550696660011904,1000000.0,1000000.0
001325,1000000.0,1000000.0,0.0,1000000.0,0.0,0.0,0.0,0,0,0,0,0,0.0,False,元创股份,39.8,2026-09-08,2025-12-18,2026-09-08,,True,False,False,ok,1,0,1000000.0,0.0,True,0.0,1000000.0,1000000.0
001326,1000000.0,999598.8924869556,0.0,999598.8924869556,-401.1075130443787,8896.490013044997,0.0,35,7,2,35,0,0.07461045740338852,False,联域股份,70.82,2026-09-08,2023-11-09,2026-09-08,,True,False,False,ok,4,0,999598.8924869556,0.0,True,0.00504109186477911,1000000.0,1000000.0
001328,1000000.0,1034658.3227623266,0.0,1034658.3227623266,34658.32276232657,16547.733737674993,8715.0,58,22,10,58,0,0.06646504629224925,False,登康口腔,30.51,2026-09-08,2023-04-10,2026-09-08,,True,False,False,ok,4,0,1034658.3227623266,0.0,True,0.010759961099450589,1000000.0,1000000.0
001330,1000000.0,937157.7411506607,0.0,937157.7411506607,-62842.25884933933,13256.296849339993,0.0,65,43,25,65,4,0.07658879521814899,False,博纳影业,6.12,2026-09-08,2022-08-18,2026-09-08,,True,False,False,ok,0,0,937157.7411506607,0.0,True,0.009766030256566508,1000000.0,979986.734507455
001331,1000000.0,948689.3898614589,0.0,948689.3898614589,-51310.61013854109,11474.516338542002,0.0,56,22,10,56,2,0.07900790638454622,False,胜通能源,43.53,2026-09-08,2022-09-08,2026-09-08,,True,False,False,ok,4,0,948689.3898614589,0.0,True,0.007789727551025655,1000000.0,1028347.9265506653
001332,1000000.0,941750.3246648816,0.0,941750.3246648816,-58249.67533511843,11446.752335120002,0.0,49,9,5,49,1,0.0818914077693841,False,锡装股份,26.89,2026-09-08,2022-09-20,2026-09-08,,True,False,False,ok,7,0,941750.3246648816,0.0,True,0.007438493898623054,1000000.0,987516.36996712
001333,1000000.0,910693.6580134659,0.0,910693.6580134659,-89306.34198653407,9788.720486535001,0.0,38,13,5,38,0,0.08930634198653407,False,光华股份,20.18,2026-09-08,2022-12-08,2026-09-08,,True,False,False,ok,4,0,910693.6580134659,0.0,True,0.005377401637200624,1000000.0,997673.9767779249
001335,1000000.0,947347.3547372404,0.0,947347.3547372404,-52652.645262759645,1862.3152627600002,0.0,8,4,1,8,0,0.053085181707209675,False,信凯科技,32.56,2026-09-08,2025-04-15,2026-09-08,,True,False,False,ok,2,0,947347.3547372404,0.0,True,0.0012134889490175804,1000000.0,1000000.0
001336,1000000.0,951525.8008255265,0.0,951525.8008255265,-48474.19917447353,16185.224674475006,0.0,52,13,5,52,2,0.08280003948972468,False,楚环科技,18.68,2026-09-08,2022-07-25,2026-09-08,,True,False,False,ok,6,0,951525.8008255265,0.0,True,0.009049276605314916,1000000.0,1015712.7199929259
001337,1000000.0,1004729.4839365715,0.0,1004729.4839365715,4729.483936571516,18537.889063429982,1500.0,76,28,19,76,3,0.06939560243913591,False,四川黄金,50.4,2026-09-08,2023-03-03,2026-09-08,,True,False,False,ok,5,0,1004729.4839365715,0.0,True,0.012485117128870777,1000000.0,1000000.0
001338,1000000.0,946960.5151532212,0.0,946960.5151532212,-53039.484846778796,11998.37884678,0.0,33,6,2,33,0,0.06248355927613556,False,永顺泰,9.86,2026-09-08,2022-11-16,2026-09-08,,True,False,False,ok,4,0,946960.5151532212,0.0,True,0.005791484783661854,1000000.0,1002469.9408454003
001339,1000000.0,1084610.6220862207,0.0,1084610.6220862207,84610.62208622065,15428.004913779994,496.0,73,20,8,73,2,0.0506119429200808,False,智微智能,75.3,2026-09-08,2022-08-15,2026-09-08,,True,False,False,ok,5,0,1084610.6220862207,0.0,True,0.008580795244008668,1000000.0,1010569.1795279001
001356,1000000.0,978343.8846305152,0.0,978343.8846305152,-21656.11536948476,3071.698869485,0.0,6,2,2,6,0,0.032003151889343016,False,富岭股份,9.61,2026-09-08,2025-01-23,2026-09-08,,True,False,False,ok,2,0,978343.8846305152,0.0,True,0.0027131042412595068,1000000.0,1000000.0
001358,1000000.0,1003953.734196381,0.0,1003953.734196381,3953.734196380945,7732.745803620002,0.0,25,5,4,25,0,0.03008221076500928,False,兴欣新材,24.79,2026-09-08,2023-12-21,2026-09-08,,True,False,False,ok,3,0,1003953.734196381,0.0,True,0.004282253677753685,1000000.0,1000000.0
001359,1000000.0,1084618.2608557905,0.0,1084618.2608557905,84618.26085579046,6178.96514421,0.0,30,8,5,30,0,0.018451569685428593,False,平安电工,82.28,2026-09-08,2024-03-28,2026-09-08,,True,False,False,ok,3,0,1084618.2608557905,0.0,True,0.003640700876828969,1000000.0,1000000.0
001360,1000000.0,931204.2175040911,0.0,931204.2175040911,-68795.7824959089,9959.823495910006,4110.0,40,14,5,40,1,0.08081165689429509,False,南矿集团,20.15,2026-09-08,2023-04-10,2026-09-08,,True,False,False,ok,3,0,931204.2175040911,0.0,True,0.005844075259866132,1000000.0,1000000.0
001365,1000000.0,1000000.0,0.0,1000000.0,0.0,0.0,0.0,0,0,0,0,0,0.0,False,天海电子,34.16,2026-09-08,2026-05-18,2026-09-08,,True,False,False,ok,0,0,1000000.0,0.0,True,0.0,1000000.0,1000000.0
001366,1000000.0,973512.6937019357,0.0,973512.6937019357,-26487.3062980643,12235.305798065,1008.0,49,20,12,49,0,0.048131030472050064,False,播恩集团,16.38,2026-09-08,2023-03-07,2026-09-08,,True,False,False,ok,2,0,973512.6937019357,0.0,True,0.007419393346990502,1000000.0,1000000.0
001367,1000000.0,914851.235854272,0.0,914851.235854272,-85148.76414572797,13519.421465729192,3100.0,43,15,8,43,0,0.09268853924983789,False,海森药业,20.61,2026-09-08,2023-04-10,2026-09-08,,True,False,False,ok,3,0,914851.235854272,0.0,True,0.008538816028848576,1000000.0,1000000.0
001368,1000000.0,988521.6278138766,0.0,988521.6278138766,-11478.372186123393,11921.536686125,9535.0,41,11,5,41,0,0.05453079928591739,False,通达创智,25.54,2026-09-08,2023-03-13,2026-09-08,,True,False,False,ok,6,0,988521.6278138766,0.0,True,0.00636044701009693,1000000.0,1000000.0
001369,1000000.0,1000000.0,0.0,1000000.0,0.0,0.0,0.0,0,0,0,0,0,0.0,False,双欣材料,12.57,2026-09-08,2025-12-30,2026-09-08,,True,False,False,ok,1,0,1000000.0,0.0,True,0.0,1000000.0,1000000.0
001373,1000000.0,960894.0064709355,0.0,960894.0064709355,-39105.993529064464,8378.734029064999,0.0,28,2,5,28,0,0.04748146888845958,False,翔腾新材,29.28,2026-09-08,2023-06-01,2026-09-08,,True,False,False,ok,3,0,960894.0064709355,0.0,True,0.004353522374729318,1000000.0,1000000.0
001376,1000000.0,917172.1928953561,0.0,917172.1928953561,-82827.8071046439,12540.068604645003,1590.0,42,18,12,42,0,0.09904538696069957,False,百通能源,11.96,2026-09-08,2023-11-03,2026-09-08,,True,False,False,ok,6,0,917172.1928953561,0.0,True,0.008633188390907452,1000000.0,1000000.0
001378,1000000.0,940250.1782199558,0.0,940250.1782199558,-59749.821780044236,10793.543280044996,0.0,31,4,2,31,0,0.08576782190334437,False,德冠新材,20.07,2026-09-08,2023-10-30,2026-09-08,,True,False,False,ok,5,0,940250.1782199558,0.0,True,0.00551952559690449,1000000.0,1000000.0
001379,1000000.0,992215.6261848205,0.0,992215.6261848205,-7784.373815179453,8009.20381518,0.0,28,5,4,28,0,0.04149384529024067,False,腾达科技,16.3,2026-09-08,2024-01-19,2026-09-08,,True,False,False,ok,5,0,992215.6261848205,0.0,True,0.00428118210981994,1000000.0,1000000.0
001380,1000000.0,924396.2900317209,0.0,924396.2900317209,-75603.70996827912,6555.770968279999,0.0,28,8,2,28,0,0.07612305845397921,False,华纬科技,18.03,2026-09-08,2023-05-16,2026-09-08,,True,False,False,ok,4,0,924396.2900317209,0.0,True,0.0035009419548242696,1000000.0,1000000.0
001382,1000000.0,1001060.9671290508,0.0,1001060.9671290508,1060.967129050754,4015.8118709499995,825.0,15,6,2,15,1,0.012614590627074589,False,新亚电缆,16.94,2026-09-08,2025-03-21,2026-09-08,,True,False,False,ok,2,0,1001060.9671290508,0.0,True,0.0023568534950152618,1000000.0,1000000.0
001386,1000000.0,1000000.0,0.0,1000000.0,0.0,0.0,0.0,0,0,0,0,0,0.0,False,马可波罗,16.43,2026-09-08,2025-10-22,2026-09-08,,True,False,False,ok,2,0,1000000.0,0.0,True,0.0,1000000.0,1000000.0
001387,1000000.0,980162.0368839649,0.0,980162.0368839649,-19837.9631160351,6502.458616035001,0.0,20,1,2,20,0,0.04393127929581813,False,雪祺电气,12.21,2026-09-08,2024-01-11,2026-09-08,,True,False,False,ok,4,0,980162.0368839649,0.0,True,0.002797294090435333,1000000.0,1000000.0
001388,1000000.0,1052350.2727928201,0.0,1052350.2727928201,52350.27279282012,1250.9782071799998,0.0,7,4,3,7,1,0.030502917592868946,False,信通电子,21.29,2026-09-08,2025-07-01,2026-09-08,,True,False,False,ok,2,0,1052350.2727928201,0.0,True,0.0008750311265695077,1000000.0,1000000.0
001389,1000000.0,977806.8399083203,0.0,977806.8399083203,-22193.16009167966,3357.1270916800013,0.0,19,4,2,19,0,0.03036794058531741,False,广合科技,169.19,2026-09-08,2024-04-02,2026-09-08,,True,False,False,ok,3,0,977806.8399083203,0.0,True,0.002122837733260393,1000000.0,1000000.0
001390,1000000.0,1013807.9534242153,0.0,1013807.9534242153,13807.953424215317,1851.0870757849998,2080.0,5,8,2,5,0,0.03342879944227357,False,古麒绒材,17.14,2026-09-08,2025-05-29,2026-09-08,,True,False,False,ok,1,0,1013807.9534242153,0.0,True,0.0021607161508487797,1000000.0,1000000.0
001391,1000000.0,889615.6511673059,0.0,889615.6511673059,-110384.34883269412,12149.555332694996,0.0,18,9,3,18,0,0.11826663374133409,False,国货航,4.17,2026-09-08,2024-12-30,2026-09-08,,True,False,False,ok,2,0,889615.6511673059,0.0,True,0.007874530324810237,1000000.0,1000000.0
001393,1000000.0,1000000.0,0.0,1000000.0,0.0,0.0,0.0,0,0,0,0,0,0.0,False,维通利,42.15,2026-09-08,2026-05-15,2026-09-08,,True,False,False,ok,0,0,1000000.0,0.0,True,0.0,1000000.0,1000000.0
001395,1000000.0,981467.6066619605,0.0,981467.6066619605,-18532.393338039517,4476.79733804,0.0,15,9,5,15,0,0.0316238966002266,False,亚联机械,30.58,2026-09-08,2025-01-27,2026-09-08,,True,False,False,ok,2,0,981467.6066619605,0.0,True,0.00361479014668885,1000000.0,1000000.0
001396,1000000.0,1000000.0,0.0,1000000.0,0.0,0.0,0.0,0,0,0,0,0,0.0,False,誉帆科技,32.82,2026-09-08,2025-12-30,2026-09-08,,True,False,False,ok,1,0,1000000.0,0.0,True,0.0,1000000.0,1000000.0
001399,1000000.0,1000000.0,0.0,1000000.0,0.0,0.0,0.0,0,0,0,0,0,0.0,False,惠科股份,21.34,2026-09-08,2026-06-26,2026-09-08,,True,False,False,ok,0,0,1000000.0,0.0,True,0.0,1000000.0,1000000.0
001400,1000000.0,965670.2054945149,0.0,965670.2054945149,-34329.7945054851,1423.3440054850003,0.0,11,4,1,11,0,0.0343297945054851,False,江顺科技,80.17,2026-09-08,2025-04-24,2026-09-08,,True,False,False,ok,3,0,965670.2054945149,0.0,True,0.0011620239811429857,1000000.0,1000000.0
001696,1000000.0,809813.6656207391,0.0,809813.6656207391,-190186.3343792609,52408.04937926498,17693.0,158,63,33,158,3,0.20670732030013383,False,宗申动力,16.7,2026-09-08,2016-02-01,2026-09-08,,False,False,False,ok,12,0,809813.6656207391,0.0,True,0.026715295919051273,914412.7941350524,852620.8055395681
001872,1000000.0,886768.6112144315,0.0,886768.6112144315,-113231.38878556853,61741.909785575015,15623.0,133,28,31,133,0,0.15909908719965513,False,招商港口,23.25,2026-09-08,2018-12-26,2026-09-08,,True,False,False,ok,12,0,886768.6112144315,0.0,True,0.03290865760967322,904000.0393327519,866620.3710397934
001896,1000000.0,936400.6228447298,0.0,936400.6228447298,-63599.377155270195,60265.73965527501,0.0,203,107,60,203,3,0.13817416635379307,False,豫能控股,11.76,2026-09-08,2016-04-26,2026-09-08,,False,False,False,ok,0,0,936400.6228447298,0.0,True,0.0314209677791834,921484.691732262,894264.7558964783
001914,1000000.0,775371.4862858504,0.0,775371.4862858504,-224628.5137141496,78140.77971415501,10589.0,215,81,30,215,0,0.2605354996322899,False,招商积余,9.21,2026-09-08,2016-01-26,2026-09-08,,False,False,False,ok,12,0,775371.4862858504,0.0,True,0.040579371799519134,982842.2028509622,860165.8494874483
001965,1000000.0,900200.4237160694,0.0,900200.4237160694,-99799.57628393057,114109.21228393995,0.0,204,61,43,204,0,0.12778682818528686,False,招商公路,9.62,2026-09-08,2017-12-25,2026-09-08,,True,False,False,ok,9,0,900200.4237160694,0.0,True,0.058574144197290005,913343.557032213,895372.2973026843
001979,1000000.0,778644.596977842,0.0,778644.596977842,-221355.40302215796,88353.68602216494,9287.01,228,94,41,228,1,0.26153595489183,False,招商蛇口,6.95,2026-09-08,2016-05-04,2026-09-08,,False,False,False,ok,11,0,778644.596977842,0.0,True,0.04784776833018591,849751.6759568134,830904.6096703392
002001,1000000.0,1000000.0,0.0,1000000.0,0.0,0.0,0.0,0,0,0,0,0,0.0,False,新 和 成,26.65,2026-09-08,2016-05-20,2026-09-08,,False,False,False,error,0,1,1000000.0,0.0,True,0.0,1000000.0,1000000.0
002002,1000000.0,1000000.0,0.0,1000000.0,0.0,0.0,0.0,0,0,0,0,0,0.0,False,ST鸿达,0.58,2026-09-08,2015-01-05,2024-01-18,,False,True,False,ok,0,1,1000000.0,0.0,True,0.0,1000000.0,1000000.0
002003,1000000.0,1000000.0,0.0,1000000.0,0.0,0.0,0.0,0,0,0,0,0,0.0,False,伟星股份,11.68,2026-09-08,2016-05-26,2026-09-08,,False,False,False,error,0,3,1000000.0,0.0,True,0.0,1000000.0,1000000.0
002004,1000000.0,1000000.0,0.0,1000000.0,0.0,0.0,0.0,0,0,0,0,0,0.0,False,华邦健康,4.57,2026-09-08,2016-03-02,2026-09-08,,False,False,False,error,0,0,1000000.0,0.0,True,0.0,1000000.0,1000000.0
002005,1000000.0,666812.517970166,0.0,666812.517970166,-333187.48202983395,77749.69202984005,0.0,236,114,58,236,6,0.34254302124551966,False,德豪润达,2.41,2026-09-08,2015-11-11,2026-09-08,,False,False,False,ok,1,0,666812.517970166,0.0,True,0.052723920812991903,733192.0261632537,691544.5519035596
002006,1000000.0,1000000.0,0.0,1000000.0,0.0,0.0,0.0,0,0,0,0,0,0.0,False,精工科技,14.03,2026-09-08,2015-08-03,2026-09-08,,False,False,False,error,0,0,1000000.0,0.0,True,0.0,1000000.0,1000000.0
002007,1000000.0,959407.8732572027,0.0,959407.8732572027,-40592.12674279732,116544.78974280511,30250.0,242,78,40,242,3,0.20917494221541635,False,华兰生物,13.34,2026-09-08,2016-05-26,2026-09-08,,False,False,False,ok,13,0,959407.8732572027,0.0,True,0.054351533688096566,1175879.3261636235,1089653.0928906547
002008,1000000.0,1000000.0,0.0,1000000.0,0.0,0.0,0.0,0,0,0,0,0,0.0,False,大族激光,95.72,2026-09-08,2016-05-26,2026-09-08,,False,False,False,error,0,0,1000000.0,0.0,True,0.0,1000000.0,1000000.0
002009,1000000.0,1042996.3055697305,0.0,1042996.3055697305,42996.305569730466,67216.36893027498,1685.6,201,72,32,201,3,0.10893245513863294,False,天奇股份,16.24,2026-09-08,2016-05-26,2026-09-08,,False,False,False,ok,11,0,1042996.3055697305,0.0,True,0.02778342009360105,1148586.2326715223,1115619.619845028
002010,1000000.0,1000000.0,0.0,1000000.0,0.0,0.0,0.0,0,0,0,0,0,0.0,False,传化智联,4.77,2026-09-08,2016-05-06,2026-09-08,,False,False,False,error,0,0,1000000.0,0.0,True,0.0,1000000.0,1000000.0
002011,1000000.0,876584.996583456,0.0,876584.996583456,-123415.00341654394,79801.86541655003,0.0,211,71,51,211,2,0.19630012233646002,False,盾安环境,11.95,2026-09-08,2015-10-19,2026-09-08,,False,False,False,ok,2,0,876584.996583456,0.0,True,0.03683167507733986,960306.556451173,937970.3621028496
002012,1000000.0,1000000.0,0.0,1000000.0,0.0,0.0,0.0,0,0,0,0,0,0.0,False,凯恩股份,7.41,2026-09-08,2015-01-08,2026-09-08,,False,False,False,error,0,0,1000000.0,0.0,True,0.0,1000000.0,1000000.0
002013,1000000.0,1000000.0,0.0,1000000.0,0.0,0.0,0.0,0,0,0,0,0,0.0,False,中航机电,10.78,2026-09-08,2015-01-05,2023-02-07,,False,True,False,ok,0,3,1000000.0,0.0,True,0.0,1000000.0,1000000.0
002014,1000000.0,1000000.0,0.0,1000000.0,0.0,0.0,0.0,0,0,0,0,0,0.0,False,永新股份,11.34,2026-09-08,2016-05-26,2026-09-08,,False,False,False,error,0,1,1000000.0,0.0,True,0.0,1000000.0,1000000.0
002015,1000000.0,787298.1988305241,0.0,787298.1988305241,-212701.8011694759,66271.24016948004,2235.0,219,105,52,219,2,0.3195609310753261,False,协鑫能科,16.92,2026-09-08,2016-01-11,2026-09-08,,False,False,False,ok,6,0,787298.1988305241,0.0,True,0.03846496220561598,860847.9565893023,780356.1924737929
002016,1000000.0,1000000.0,0.0,1000000.0,0.0,0.0,0.0,0,0,0,0,0,0.0,False,世荣兆业,4.84,2026-09-08,2016-05-20,2026-09-08,,False,False,False,error,0,0,1000000.0,0.0,True,0.0,1000000.0,1000000.0
002017,1000000.0,1000000.0,0.0,1000000.0,0.0,0.0,0.0,0,0,0,0,0,0.0,False,东信和平,17.12,2026-09-08,2016-05-06,2026-09-08,,False,False,True,error,0,0,1000000.0,0.0,True,0.0,1000000.0,1000000.0
002018,1000000.0,1000000.0,0.0,1000000.0,0.0,0.0,0.0,0,0,0,0,0,0.0,False,华信退,0.26,2026-09-08,2015-03-06,2019-10-31,,False,True,False,ok,0,1,1000000.0,0.0,True,0.0,1000000.0,1000000.0
002019,1000000.0,1000000.0,0.0,1000000.0,0.0,0.0,0.0,0,0,0,0,0,0.0,False,亿帆医药,9.83,2026-09-08,2016-05-26,2026-09-08,,False,False,False,error,0,0,1000000.0,0.0,True,0.0,1000000.0,1000000.0
002020,1000000.0,1000000.0,0.0,1000000.0,0.0,0.0,0.0,0,0,0,0,0,0.0,False,京新药业,11.98,2026-09-08,2016-05-26,2026-09-08,,False,False,False,error,0,0,1000000.0,0.0,True,0.0,1000000.0,1000000.0
002021,1000000.0,777089.6035524744,0.0,777089.6035524744,-222910.3964475256,64576.074947529996,0.0,190,84,37,190,14,0.24840941474911257,False,中捷资源,2.79,2026-09-08,2016-04-07,2026-09-08,,False,False,False,ok,0,0,777089.6035524744,0.0,True,0.03178167236006865,942174.9578578036,842564.869291899
002022,1000000.0,1000000.0,0.0,1000000.0,0.0,0.0,0.0,0,0,0,0,0,0.0,False,科华生物,5.9,2026-09-08,2016-05-17,2026-09-08,,False,False,False,error,0,0,1000000.0,0.0,True,0.0,1000000.0,1000000.0
002023,1000000.0,1000000.0,0.0,1000000.0,0.0,0.0,0.0,0,0,0,0,0,0.0,False,海特高新,9.74,2026-09-08,2016-05-26,2026-09-08,,False,False,False,error,0,0,1000000.0,0.0,True,0.0,1000000.0,1000000.0
002024,1000000.0,597467.5182549225,0.0,597467.5182549225,-402532.48174507753,94037.36324508503,0.0,218,94,51,218,2,0.42781575815289485,False,ST易购,1.19,2026-09-08,2016-04-28,2026-09-08,,False,False,False,ok,6,0,597467.5182549225,0.0,True,0.058165528527133435,765909.0023476444,689061.3682605107
002025,1000000.0,1157715.856396038,0.0,1157715.856396038,157715.85639603809,100091.6341039701,0.0,253,56,39,253,0,0.09042908940010809,False,航天电器,65.57,2026-09-08,2015-08-10,2026-09-08,,False,False,False,ok,12,0,1157715.856396038,0.0,True,0.041548082574024335,1120162.590409335,1169656.9125876664
002026,1000000.0,785525.9514514577,0.0,785525.9514514577,-214474.0485485423,45641.52104854502,0.0,139,56,35,139,3,0.21824176624864108,False,山东威达,12.25,2026-09-08,2016-05-12,2026-09-08,,False,False,False,ok,14,0,785525.9514514577,0.0,True,0.0240678297591038,877354.282932152,842495.2857475174
002027,1000000.0,825552.9899539293,0.0,825552.9899539293,-174447.01004607067,74432.06204607492,14680.5,212,72,34,212,3,0.21827747736050238,False,分众传媒,4.93,2026-09-08,2016-05-26,2026-09-08,,False,False,False,ok,17,0,825552.9899539293,0.0,True,0.03807686379491894,860036.4930912609,805482.1328663726
002028,1000000.0,1037243.9700009236,0.0,1037243.9700009236,37243.97000092361,89669.46461908497,1879.8101199999999,228,53,37,228,1,0.0753925890730803,False,思源电气,139.45,2026-09-08,2016-05-26,2026-09-08,,False,False,False,ok,12,0,1037243.9700009236,0.0,True,0.042231980271539835,1057729.102983024,1046014.1909362802
002029,1000000.0,818931.586001764,0.0,818931.586001764,-181068.41399823595,72490.94299823996,9970.0,142,35,25,142,0,0.18240078149568786,False,七 匹 狼,9.1,2026-09-08,2016-05-26,2026-09-08,,False,False,False,ok,10,0,818931.586001764,0.0,True,0.03215010830730616,883905.3021512929,837640.1251185487
002030,1000000.0,634770.3210646944,0.0,634770.3210646944,-365229.67893530556,78301.29893530994,814.5,224,90,50,224,3,0.4158289362870238,False,达安基因,5.62,2026-09-08,2016-05-26,2026-09-08,,False,False,False,ok,10,0,634770.3210646944,0.0,True,0.045558002629817226,904332.0533380528,750725.7244141083
002031,1000000.0,970612.651242324,0.0,970612.651242324,-29387.348757675965,55476.24625768004,0.0,167,66,32,167,2,0.10952744713318122,False,巨轮智能,5.51,2026-09-08,2016-05-26,2026-09-08,,False,False,False,ok,7,0,970612.651242324,0.0,True,0.02705659538158124,903511.1003692514,989955.656170308
002032,1000000.0,1038038.0868283276,0.0,1038038.0868283276,38038.08682832762,132150.23367168498,10774.0,253,81,55,253,2,0.16392478913815495,False,苏 泊 尔,39.42,2026-09-08,2016-05-25,2026-09-08,,False,False,False,ok,15,0,1038038.0868283276,0.0,True,0.07293354561656909,993215.6222313563,936566.6026722027
002033,1000000.0,760754.3758153757,0.0,760754.3758153757,-239245.6241846243,69452.08418463,13805.0,168,59,28,168,0,0.2549305004530846,False,丽江股份,9.44,2026-09-08,2016-03-03,2026-09-08,,False,False,False,ok,11,0,760754.3758153757,0.0,True,0.03770672862781174,827087.9566861631,807528.077289839
002034,1000000.0,957792.8923981566,0.0,957792.8923981566,-42207.107601843425,70653.80360185001,7500.0,169,44,20,169,1,0.16360631760754202,False,旺能环境,14.71,2026-09-08,2015-12-30,2026-09-08,,False,False,False,ok,12,0,957792.8923981566,0.0,True,0.0346332663778953,897046.5118560535,884709.2620772397
002035,1000000.0,867950.0571196508,0.0,867950.0571196508,-132049.94288034923,79752.80788035503,0.0,190,49,25,190,0,0.16986056120780624,False,华帝股份,4.67,2026-09-08,2016-05-12,2026-09-08,,False,False,False,ok,13,0,867950.0571196508,0.0,True,0.03475584496479791,960691.3624217727,920411.423655479
002036,1000000.0,957405.0433413332,0.0,957405.0433413332,-42594.95665866684,51675.44115866998,0.0,175,53,26,175,5,0.12304545478936602,False,联创电子,6.77,2026-09-08,2016-04-28,2026-09-08,,False,False,False,ok,9,0,957405.0433413332,0.0,True,0.023113622796429138,991875.1186056416,949294.9151276969
002037,1000000.0,795519.4658788445,0.0,795519.4658788445,-204480.5341211555,61521.42012115999,0.0,188,91,46,188,7,0.2044805341211555,False,保利联合,7.19,2026-09-08,2016-01-29,2026-09-08,,False,False,False,ok,8,0,795519.4658788445,0.0,True,0.033424754529138956,818635.0147533228,860511.662148579
002038,1000000.0,884431.1356841704,0.0,884431.1356841704,-115568.86431582959,66042.52731583502,216.0,180,63,44,180,2,0.23956000497960578,False,双鹭药业,6.07,2026-09-08,2016-05-26,2026-09-08,,False,False,False,ok,12,0,884431.1356841704,0.0,True,0.03200122014844037,898873.6857193022,873902.2396775584
002039,1000000.0,799229.8969509685,0.0,799229.8969509685,-200770.10304903146,124111.9185490399,18149.0,216,74,61,216,1,0.2481335697540087,False,黔源电力,19.19,2026-09-08,2016-05-26,2026-09-08,,False,False,False,ok,14,0,799229.8969509685,0.0,True,0.06641828113783134,841114.7494727061,765022.617468712
002040,1000000.0,921082.7173190488,0.0,921082.7173190488,-78917.28268095118,63088.055180954994,0.0,156,56,26,156,0,0.1577415233296798,False,南 京 港,9.07,2026-09-08,2016-05-18,2026-09-08,,False,False,False,ok,12,0,921082.7173190488,0.0,True,0.02842530194894022,893215.265310802,892812.7980100432
002041,1000000.0,864674.9325320445,0.0,864674.9325320445,-135325.06746795552,84321.77396795998,1742.1,239,95,49,239,5,0.15444300200131475,False,登海种业,12.02,2026-09-08,2016-05-26,2026-09-08,,False,False,False,ok,8,0,864674.9325320445,0.0,True,0.044568186045757165,949888.3861615915,894279.6978651127
002042,1000000.0,834575.0156120657,0.0,834575.0156120657,-165424.98438793432,75644.19788793997,6387.299999999999,205,101,68,205,7,0.20493369123054705,False,华孚时尚,4.07,2026-09-08,2016-05-26,2026-09-08,,False,False,False,ok,10,0,834575.0156120657,0.0,True,0.04269812657172593,868924.3481380135,863068.685762464
002043,1000000.0,1000000.0,0.0,1000000.0,0.0,0.0,0.0,0,0,0,0,0,0.0,False,兔 宝 宝,11.65,2026-09-08,2016-05-26,2026-09-08,,False,False,False,error,0,0,1000000.0,0.0,True,0.0,1000000.0,1000000.0
002044,1000000.0,920574.8963267144,0.0,920574.8963267144,-79425.10367328557,82606.00905329206,1688.43228,225,97,51,225,2,0.25078573130669773,False,美年健康,4.72,2026-09-08,2015-08-27,2026-09-08,,False,False,False,ok,8,0,920574.8963267144,0.0,True,0.04077686463574858,927401.5665940121,856752.5733587127
002045,1000000.0,805734.5508773467,0.0,805734.5508773467,-194265.44912265334,66738.50362266004,0.0,251,108,64,251,4,0.2509284561920451,False,国光电器,9.46,2026-09-08,2016-05-06,2026-09-08,,False,False,False,ok,7,0,805734.5508773467,0.0,True,0.03662651216621273,912337.7713298931,828919.2476431997
002046,1000000.0,950730.103390701,0.0,950730.103390701,-49269.896609299,56837.68660930498,2483.1,178,63,36,178,1,0.1322658661343661,False,国机精工,54.04,2026-09-08,2016-01-28,2026-09-08,,False,False,False,ok,11,0,950730.103390701,0.0,True,0.02615546761727924,938373.4339862736,907712.4090679847
002047,1000000.0,762253.0175486449,0.0,762253.0175486449,-237746.98245135508,82394.80745136006,1212.5,226,138,67,226,4,0.31319758126378716,False,宝鹰股份,3.55,2026-09-08,2016-01-12,2026-09-08,,False,False,False,ok,5,0,762253.0175486449,0.0,True,0.06189595070402595,796134.3785080637,778586.8788383593
002048,1000000.0,998996.2636736508,0.0,998996.2636736508,-1003.7363263492007,73472.1018263551,3525.0,188,45,27,188,1,0.07616197704487353,False,宁波华翔,19.06,2026-09-08,2016-05-06,2026-09-08,,False,False,False,ok,13,0,998996.2636736508,0.0,True,0.029666011050392682,1027635.381335563,997651.0558071801
002049,1000000.0,884349.255410235,0.0,884349.255410235,-115650.74458976497,70861.07908976996,145.0,226,35,28,226,1,0.17921128057091146,False,紫光国微,61.43,2026-09-08,2015-07-24,2026-09-08,,False,False,False,ok,11,0,884349.255410235,0.0,True,0.03424630270784938,988705.4161719125,946279.613763104
002050,1000000.0,963308.6928904403,0.0,963308.6928904403,-36691.30710955965,74689.93560956493,0.0,221,52,37,221,3,0.16310273094546,False,三花智控,36.22,2026-09-08,2016-03-31,2026-09-08,,False,False,False,ok,18,0,963308.6928904403,0.0,True,0.03271013697856646,958296.2420059445,973750.2301282753
002051,1000000.0,853482.1333855864,0.0,853482.1333855864,-146517.86661441356,85668.80891442101,3045.0,206,72,39,206,1,0.1726765685756008,False,中工国际,8.68,2026-09-08,2015-12-01,2026-09-08,,False,False,False,ok,11,0,853482.1333855864,0.0,True,0.0408172086497992,925865.3611981873,948681.3406373446
002052,1000000.0,770937.6975700811,0.0,770937.6975700811,-229062.3024299189,69373.12442992504,0.0,251,157,77,251,37,0.34279432027968854,False,同洲电子,8.88,2026-09-08,2015-04-28,2026-09-08,,False,False,False,ok,0,0,770937.6975700811,0.0,True,0.044418049967155974,860881.7494361033,709556.653547745
002053,1000000.0,895372.224295207,0.0,895372.224295207,-104627.77570479305,80293.52670479997,2570.0,226,95,56,226,1,0.23603739595500145,False,云南能投,9.94,2026-09-08,2015-05-15,2026-09-08,,False,False,False,ok,12,0,895372.224295207,0.0,True,0.04632672806505865,848001.7673121733,833648.6580019449
002054,1000000.0,640344.1208806905,0.0,640344.1208806905,-359655.8791193095,56819.887619315006,1349.6,179,69,41,179,10,0.4197544032529542,False,德美化工,7.37,2026-09-08,2016-05-26,2026-09-08,,False,False,False,ok,12,0,640344.1208806905,0.0,True,0.03728371636356456,662991.4143345235,660772.0549136947
002055,1000000.0,792878.8391293094,0.0,792878.8391293094,-207121.1608706906,59783.61537069502,745.0,188,62,31,188,4,0.22278386966987151,False,ST得润,6.32,2026-09-08,2016-02-05,2026-09-08,,False,False,False,ok,4,0,792878.8391293094,0.0,True,0.027659254482781243,967018.9830277826,861066.0744045132
002056,1000000.0,802467.9357031011,0.0,802467.9357031011,-197532.0642968989,62755.625796904984,0.0,200,37,20,200,1,0.22670698628577435,False,横店东磁,20.11,2026-09-08,2016-05-26,2026-09-08,,False,False,False,ok,13,0,802467.9357031011,0.0,True,0.02469283339308232,951855.128555684,845330.5022379301
002057,1000000.0,842171.7976166331,0.0,842171.7976166331,-157828.20238336688,54255.219883370024,9476.0,159,69,26,159,7,0.17556555993887143,False,中钢天源,8.98,2026-09-08,2016-01-22,2026-09-08,,False,False,False,ok,14,0,842171.7976166331,0.0,True,0.025355217196082674,936376.7591775416,874388.8856951724
002058,1000000.0,846382.1507277548,0.0,846382.1507277548,-153617.8492722452,77235.31927225013,0.0,245,98,50,245,10,0.19304875463779828,False,威尔泰,16.32,2026-09-08,2016-04-08,2026-09-08,,False,False,False,ok,4,0,846382.1507277548,0.0,True,0.04478184677975405,842100.8095723628,882051.343607644
002059,1000000.0,910073.7065248904,0.0,910073.7065248904,-89926.29347510962,82471.54197511503,246.0,218,82,58,218,1,0.14738409488097406,False,云南旅游,6.28,2026-09-08,2015-05-25,2026-09-08,,False,False,False,ok,7,0,910073.7065248904,0.0,True,0.04177385506974624,963545.8429096421,890768.4776738232
002060,1000000.0,777512.2596642245,0.0,777512.2596642245,-222487.74033577554,70883.28833578002,0.0,163,66,27,163,2,0.2651645078632435,False,广东建工,3.24,2026-09-08,2016-05-12,2026-09-08,,False,False,False,ok,12,0,777512.2596642245,0.0,True,0.034511514556061614,875509.6872560629,772552.0278032538
002061,1000000.0,873869.5492673785,0.0,873869.5492673785,-126130.45073262148,66111.61049262501,22663.99226,149,57,31,149,4,0.20164235652751988,False,浙江交科,3.51,2026-09-08,2015-07-28,2026-09-08,,False,False,False,ok,9,0,873869.5492673785,0.0,True,0.030863168901032516,878055.5790796515,879826.0796603323
002062,1000000.0,929748.1891206101,0.0,929748.1891206101,-70251.81087938987,89096.88987939511,9190.0,208,101,45,208,2,0.08310225609144378,False,宏润建设,8.78,2026-09-08,2016-05-13,2026-09-08,,False,False,False,ok,12,0,929748.1891206101,0.0,True,0.040996056509687046,933687.7098025926,961689.7298518588
002063,1000000.0,955345.0087044633,0.0,955345.0087044633,-44654.99129553675,53734.43779554001,1488.0,146,34,25,146,3,0.10218532454990255,False,远光软件,5.52,2026-09-08,2016-05-12,2026-09-08,,False,False,False,ok,12,0,955345.0087044633,0.0,True,0.02230481809827503,962718.7858399316,957233.0500512719
002064,1000000.0,879790.4323249658,0.0,879790.4323249658,-120209.56767503417,85403.19767503993,10943.0,203,72,26,203,0,0.16284238314928307,False,华峰化学,10.91,2026-09-08,2016-05-05,2026-09-08,,False,False,False,ok,12,0,879790.4323249658,0.0,True,0.037850368805370606,926336.181303024,933348.8326036748
002065,1000000.0,942522.0759945192,0.0,942522.0759945192,-57477.92400548083,57268.478505484985,1930.0,146,51,28,146,3,0.08493588912275524,False,东华软件,6.93,2026-09-08,2015-11-03,2026-09-08,,False,False,False,ok,12,0,942522.0759945192,0.0,True,0.02578301586927737,956659.7822309629,1005937.7232144137
002066,1000000.0,873574.1031549885,0.0,873574.1031549885,-126425.8968450115,51613.34884501501,0.0,155,57,32,155,2,0.20943340540064606,False,瑞泰科技,21.2,2026-09-08,2016-05-11,2026-09-08,,False,False,False,ok,3,0,873574.1031549885,0.0,True,0.025991764742925163,870447.6652371726,871500.7059678782
002067,1000000.0,942943.4579009559,0.0,942943.4579009559,-57056.542099044076,60897.31459904999,501.0,139,51,20,139,3,0.12501968066178903,False,景兴纸业,4.23,2026-09-08,2016-05-26,2026-09-08,,False,False,False,ok,6,0,942943.4579009559,0.0,True,0.026946753174399676,1000172.2693209021,1072191.8778182692
002068,1000000.0,1000000.0,0.0,1000000.0,0.0,0.0,0.0,0,0,0,0,0,0.0,False,黑猫股份,9.1,2026-09-08,2016-05-20,2026-09-08,,False,False,True,ok,7,0,1000000.0,0.0,True,0.0,1000000.0,1000000.0
002069,1000000.0,758831.0926463939,0.0,758831.0926463939,-241168.90735360608,58581.31985361002,0.0,188,75,31,188,3,0.25671810917861326,False,獐子岛,3.95,2026-09-08,2016-03-29,2026-09-08,,False,False,False,ok,0,0,758831.0926463939,0.0,True,0.029191923770714046,824811.0041588126,828997.1412166327
002070,1000000.0,703223.805189771,0.0,703223.805189771,-296776.194810229,11834.307310229995,0.0,33,42,28,33,32,0.30239087423585964,False,众和退,0.71,2026-09-08,2015-03-11,2019-07-08,,False,True,False,ok,0,0,703223.805189771,0.0,True,0.012510654338102941,703223.805189771,703223.805189771
002071,1000000.0,876849.345188024,0.0,876849.345188024,-123150.65481197601,47406.63581198002,0.0,115,53,30,115,14,0.17119810888597797,False,长城退,0.31,2026-09-08,2015-02-16,2021-05-06,,False,True,False,ok,0,0,876849.345188024,0.0,True,0.022520656843630457,876849.345188024,876849.345188024
002072,1000000.0,1006424.8975535365,0.0,1006424.8975535365,6424.897553536459,93435.86944646992,0.0,243,104,66,243,10,0.12348962008565126,False,凯瑞德,8.5,2026-09-08,2015-02-10,2026-09-08,,False,False,False,ok,0,0,1006424.8975535365,0.0,True,0.05613581386106323,933649.9101535032,980578.3510316953
002073,1000000.0,879527.0507654981,0.0,879527.0507654981,-120472.94923450192,51543.978234505,2310.0,145,33,32,145,2,0.1666774675938112,False,软控股份,5.88,2026-09-08,2016-05-12,2026-09-08,,False,False,False,ok,8,0,879527.0507654981,0.0,True,0.023638429542740164,911887.0448052612,913360.3948289069
002074,1000000.0,1000000.0,0.0,1000000.0,0.0,0.0,0.0,0,0,0,0,0,0.0,False,国轩高科,25.85,2026-09-08,2016-04-22,2026-09-08,,False,False,True,ok,9,0,1000000.0,0.0,True,0.0,1000000.0,1000000.0
002075,1000000.0,845975.644009646,0.0,845975.644009646,-154024.35599035397,47035.048490354995,1567.0,162,76,42,162,2,0.16553867539847986,False,沙钢股份,3.75,2026-09-08,2015-01-05,2026-09-08,,False,False,False,ok,12,0,845975.644009646,0.0,True,0.07252582142925669,879799.6451820098,840205.0506665407
002076,1000000.0,670609.4342690706,0.0,670609.4342690706,-329390.5657309294,70808.71923093504,582.0,265,135,75,265,17,0.35168141708347705,False,星光股份,2.2,2026-09-08,2015-05-21,2026-09-08,,False,False,False,ok,3,0,670609.4342690706,0.0,True,0.061523883319554815,806358.4970166724,746217.0477662388
002077,1000000.0,749651.1397058923,0.0,749651.1397058923,-250348.8602941077,68596.294794115,0.0,242,98,73,242,3,0.3025386091594263,False,大港股份,12.49,2026-09-08,2016-05-10,2026-09-08,,False,False,False,ok,1,0,749651.1397058923,0.0,True,0.0364637316278443,887876.9560641642,859082.711513926
002078,1000000.0,806059.5091232259,0.0,806059.5091232259,-193940.49087677407,84169.19487677999,4470.0,210,54,29,210,0,0.27287254474600214,False,太阳纸业,14.41,2026-09-08,2016-05-16,2026-09-08,,False,False,False,ok,13,0,806059.5091232259,0.0,True,0.03804588782155244,859737.3883667219,814431.3938180592
002079,1000000.0,969192.7614704843,0.0,969192.7614704843,-30807.238529515686,51070.220529519975,0.0,164,53,17,164,0,0.1032551288493586,False,苏州固锝,8.94,2026-09-08,2016-05-11,2026-09-08,,False,False,False,ok,12,0,969192.7614704843,0.0,True,0.021125597012851802,984403.4128598823,1001045.6921075433
002080,1000000.0,1087683.2860708474,0.0,1087683.2860708474,87683.28607084742,65306.59042915499,0.0,191,37,23,191,0,0.09047317152456477,False,中材科技,49.87,2026-09-08,2016-05-10,2026-09-08,,False,False,False,ok,12,0,1087683.2860708474,0.0,True,0.024119304038840064,1108241.7375007921,1057143.0740448826
002081,1000000.0,861075.6977277088,0.0,861075.6977277088,-138924.30227229116,63205.56677229504,2015.0,137,83,29,137,1,0.23752061918692674,False,金 螳 螂,5.56,2026-09-08,2016-05-26,2026-09-08,,False,False,False,ok,11,0,861075.6977277088,0.0,True,0.031657587199120665,900924.0865529823,816601.5972873529
002082,1000000.0,815598.3573484162,0.0,815598.3573484162,-184401.64265158377,64901.83815159003,2275.0,202,103,67,202,13,0.285905178519012,False,ST万邦,9.39,2026-09-08,2015-01-05,2026-09-08,,False,False,False,ok,7,0,815598.3573484162,0.0,True,0.04378153166004068,901438.9189101632,868407.6683565194
002083,1000000.0,697832.4651448554,0.0,697832.4651448554,-302167.53485514456,92046.7768551501,6100.0,205,94,54,205,6,0.3370604377831046,False,孚日股份,9.9,2026-09-08,2016-05-26,2026-09-08,,False,False,False,ok,12,0,697832.4651448554,0.0,True,0.0526530192781843,752369.1312347443,714866.3977530149
002084,1000000.0,786448.1901866021,0.0,786448.1901866021,-213551.80981339794,52322.54786340109,0.0,167,79,53,167,1,0.2288771360276137,False,海鸥住工,6.8,2026-09-08,2016-05-19,2026-09-08,,False,False,False,ok,8,0,786448.1901866021,0.0,True,0.027794486531597978,929430.373787035,808065.716606111
002085,1000000.0,733220.4641279058,0.0,733220.4641279058,-266779.5358720942,82096.42383210013,12972.94496,224,104,54,224,3,0.2721450705385086,False,万丰奥威,10.41,2026-09-08,2016-03-15,2026-09-08,,False,False,False,ok,12,0,733220.4641279058,0.0,True,0.052315863824141745,797939.6345311131,762664.864375934
002086,1000000.0,602844.0386001179,0.0,602844.0386001179,-397155.9613998821,83691.39539989013,0.0,275,177,79,275,19,0.42403271719195823,False,东方海洋,2.27,2026-09-08,2016-01-04,2026-09-08,,False,False,False,ok,1,0,602844.0386001179,0.0,True,0.06890692446286101,759985.0409327148,650356.0021886313
002087,1000000.0,593963.7721070949,0.0,593963.7721070949,-406036.2278929051,66500.06239290997,0.0,160,65,43,160,7,0.40646555234437326,False,新纺退,0.16,2026-09-08,2015-01-05,2024-06-27,,False,True,False,ok,0,1,593963.7721070949,0.0,True,0.03471880562135831,778429.2662660636,667568.7839835047
002088,1000000.0,871323.8520917192,0.0,871323.8520917192,-128676.14790828084,68785.84190828503,38790.0,188,66,24,188,1,0.189273598553603,False,鲁阳节能,8.07,2026-09-08,2016-05-20,2026-09-08,,False,False,False,ok,14,0,871323.8520917192,0.0,True,0.03421703838072423,973107.8303023815,855203.3267274927
002089,1000000.0,978928.1424092504,0.0,978928.1424092504,-21071.857590749627,12449.401090749994,0.0,29,23,13,29,0,0.046127699535105676,False,新海退,0.24,2026-09-08,2015-01-05,2024-04-17,,False,True,False,ok,0,2,978928.1424092504,0.0,True,0.007776141415491746,978928.1424092504,978928.1424092504
002090,1000000.0,761217.8935776615,0.0,761217.8935776615,-238782.10642233852,61887.394922345025,3639.0,194,66,37,194,0,0.2642481442445896,False,金智科技,9.33,2026-09-08,2016-05-17,2026-09-08,,False,False,False,ok,14,0,761217.8935776615,0.0,True,0.02918060984934848,825964.5172989442,778919.4959116702
002091,1000000.0,937007.9480714248,0.0,937007.9480714248,-62992.05192857515,56324.68992857998,0.0,139,39,19,139,2,0.10658677528103279,False,江苏国泰,7.73,2026-09-08,2016-05-18,2026-09-08,,False,False,False,ok,15,0,937007.9480714248,0.0,True,0.022581064498908114,976921.6833827125,925145.313359644
002092,1000000.0,859883.0557172853,0.0,859883.0557172853,-140116.94428271474,71976.4502827199,0.0,189,68,50,189,2,0.16722745787805504,False,中泰化学,4.97,2026-09-08,2016-04-26,2026-09-08,,False,False,False,ok,9,0,859883.0557172853,0.0,True,0.036300839076553064,886282.3803045226,882506.6096406337
002093,1000000.0,964939.6561714244,0.0,964939.6561714244,-35060.34382857557,57614.733828580014,0.0,160,43,34,160,1,0.08995387880663477,False,国脉科技,7.69,2026-09-08,2016-05-26,2026-09-08,,False,False,False,ok,13,0,964939.6561714244,0.0,True,0.024357675211767352,947988.2247256825,980772.3380387933
002094,1000000.0,764231.1214229453,0.0,764231.1214229453,-235768.8785770547,62409.44307705999,0.0,191,70,38,191,1,0.2642037890306452,False,青岛金王,5.93,2026-09-08,2016-01-28,2026-09-08,,False,False,False,ok,2,0,764231.1214229453,0.0,True,0.028955869543845075,946219.2821210737,870136.5808376195
002095,1000000.0,777690.8086416004,0.0,777690.8086416004,-222309.19135839958,59480.64735840503,0.0,191,68,39,191,1,0.25803117984059926,False,生 意 宝,16.31,2026-09-08,2016-05-26,2026-09-08,,False,False,False,ok,10,0,777690.8086416004,0.0,True,0.029263475733134738,938484.0715015233,897271.9864213442
002096,1000000.0,886716.9935964765,0.0,886716.9935964765,-113283.0064035235,70458.46690353003,608.0,204,89,64,204,8,0.17270768054334046,False,易普力,9.77,2026-09-08,2016-05-11,2026-09-08,,False,False,False,ok,12,0,886716.9935964765,0.0,True,0.03908545610574975,923121.5708224126,926756.9787904293
002097,1000000.0,854166.3571518643,0.0,854166.3571518643,-145833.64284813567,60906.73884813993,1122.4,158,54,26,158,2,0.16442782215133286,False,山河智能,7.6,2026-09-08,2016-05-23,2026-09-08,,False,False,False,ok,9,0,854166.3571518643,0.0,True,0.028009582378216154,963279.9350076617,897182.4843739775
002098,1000000.0,717612.0624594332,0.0,717612.0624594332,-282387.9375405668,56466.889040570015,1702.0,208,92,60,208,9,0.2974138223379803,False,浔兴股份,8.17,2026-09-08,2015-03-04,2026-09-08,,False,False,False,ok,7,0,717612.0624594332,0.0,True,0.0740629225830856,758196.8013701013,747629.0323883821
002099,1000000.0,836206.6396876366,0.0,836206.6396876366,-163793.36031236337,88364.69431237006,518.0,222,62,44,222,2,0.2770370404643828,False,海翔药业,5.46,2026-09-08,2016-04-27,2026-09-08,,False,False,False,ok,9,0,836206.6396876366,0.0,True,0.04063265304889594,903855.3189705036,753273.850150371
002100,1000000.0,685573.6496979648,0.0,685573.6496979648,-314426.3503020352,76244.97130204,1860.0,216,105,39,216,3,0.3242278276691297,False,天康生物,8.31,2026-09-08,2016-05-12,2026-09-08,,False,False,False,ok,10,0,685573.6496979648,0.0,True,0.0505000418971908,763097.1925830834,737555.8790872244
002101,1000000.0,1000000.0,0.0,1000000.0,0.0,0.0,0.0,0,0,0,0,0,0.0,False,广东鸿图,8.86,2026-09-08,2015-12-16,2026-09-08,,False,False,True,ok,9,0,1000000.0,0.0,True,0.0,1000000.0,1000000.0
002102,1000000.0,691180.314247207,0.0,691180.314247207,-308819.685752793,103210.11725279993,0.0,262,123,69,262,10,0.35363151934687465,False,ST能特,2.57,2026-09-08,2015-06-04,2026-09-08,,False,False,False,ok,2,0,691180.314247207,0.0,True,0.06541734265083878,736586.9719652841,711813.0339102512
002103,1000000.0,927053.8734101802,0.0,927053.8734101802,-72946.12658981979,69425.4915898251,0.0,239,103,60,239,7,0.1815753100277708,False,广博股份,6.95,2026-09-08,2015-06-05,2026-09-08,,False,False,False,ok,4,0,927053.8734101802,0.0,True,0.040651448797999507,850220.7118064135,916618.4744168381
002104,1000000.0,878410.2893750201,0.0,878410.2893750201,-121589.71062497993,58930.65762498501,727.08,192,83,43,192,3,0.18428053680734316,False,恒宝股份,13.28,2026-09-08,2016-05-20,2026-09-08,,False,False,False,ok,6,0,878410.2893750201,0.0,True,0.02885281011527303,1005234.0789775713,879340.0279806436
002105,1000000.0,849701.5412352132,0.0,849701.5412352132,-150298.45876478683,56919.31126478996,5400.0,169,94,68,169,5,0.24719860044908787,False,信隆健康,6.32,2026-09-08,2016-05-26,2026-09-08,,False,False,False,ok,7,0,849701.5412352132,0.0,True,0.03445234325615142,877676.380624841,792958.4799161477
002106,1000000.0,1050261.307390494,0.0,1050261.307390494,50261.30739049404,53662.43910950997,9505.0,132,35,21,132,0,0.06958827271153353,False,莱宝高科,10.75,2026-09-08,2016-05-26,2026-09-08,,False,False,False,ok,11,0,1050261.307390494,0.0,True,0.02133977704354823,1035911.868561662,1083593.119708368
002107,1000000.0,823302.8593404047,0.0,823302.8593404047,-176697.14065959526,67938.23365959997,7774.0,162,62,24,162,0,0.21975283345140117,False,沃华医药,7.18,2026-09-08,2016-05-26,2026-09-08,,False,False,False,ok,10,0,823302.8593404047,0.0,True,0.029325332066803572,925806.6891787528,861243.218947124
002108,1000000.0,897836.1212446275,0.0,897836.1212446275,-102163.87875537248,62853.82835537695,10955.0,169,83,46,169,0,0.17389655630720025,False,沧州明珠,4.4,2026-09-08,2016-05-26,2026-09-08,,False,False,False,ok,12,0,897836.1212446275,0.0,True,0.03202593835384936,944288.1180447098,933643.9464321512
002109,1000000.0,659722.0910934942,0.0,659722.0910934942,-340277.9089065058,55289.42440651003,0.0,179,79,38,179,4,0.35547161760662405,False,ST兴化,2.91,2026-09-08,2016-05-03,2026-09-08,,False,False,False,ok,4,0,659722.0910934942,0.0,True,0.031397453210685405,794319.5758718621,675346.2173492187
002110,1000000.0,788284.3109945261,0.0,788284.3109945261,-211715.68900547386,83657.43800547995,14895.0,195,103,57,195,1,0.27451697571086275,False,三钢闽光,3.08,2026-09-08,2015-09-11,2026-09-08,,False,False,False,ok,9,0,788284.3109945261,0.0,True,0.044194590699487245,943781.6860012339,795609.6513515804
002111,1000000.0,835969.3227850348,0.0,835969.3227850348,-164030.67721496522,54778.65671496997,0.0,136,46,24,136,2,0.18429703653038168,False,威海广泰,10.08,2026-09-08,2016-05-26,2026-09-08,,False,False,False,ok,14,0,835969.3227850348,0.0,True,0.02779191927399159,891522.4643443325,818700.4181159288
002112,1000000.0,750946.3199248897,0.0,750946.3199248897,-249053.6800751103,56622.39807511503,0.0,206,57,40,206,6,0.29386915744630887,False,三变科技,15.08,2026-09-08,2015-04-13,2026-09-08,,False,False,False,ok,7,0,750946.3199248897,0.0,True,0.028155401984802774,805259.7446667321,762825.8010723433
002113,1000000.0,1000000.0,0.0,1000000.0,0.0,0.0,0.0,0,0,0,0,0,0.0,False,*ST天润,0.41,2026-09-08,2015-01-05,2023-06-12,,False,True,False,ok,0,2,1000000.0,0.0,True,0.0,1000000.0,1000000.0
002114,1000000.0,921438.2477402929,0.0,921438.2477402929,-78561.75225970708,57826.52225971,0.0,162,46,32,162,1,0.1512931629974098,False,罗平锌电,7.8,2026-09-08,2016-05-20,2026-09-08,,False,False,False,ok,0,0,921438.2477402929,0.0,True,0.024643003160508173,940771.387398582,887179.7717558075
002115,1000000.0,1053380.190107278,0.0,1053380.190107278,53380.19010727806,56538.04689272491,1390.0,177,77,47,177,0,0.07981313236497388,False,三维通信,10.78,2026-09-08,2015-10-28,2026-09-08,,False,False,False,ok,5,0,1053380.190107278,0.0,True,0.027358428380032645,952170.7816266427,954190.2387418784
002116,1000000.0,983280.0845420598,0.0,983280.0845420598,-16719.915457940195,67209.6299579451,9579.250000000002,179,71,43,179,0,0.18083362666449623,False,中国海诚,7.56,2026-09-08,2016-05-26,2026-09-08,,False,False,False,ok,12,0,983280.0845420598,0.0,True,0.03171595237400595,885374.2153164219,1065747.5531714032
002117,1000000.0,872561.6438822995,0.0,872561.6438822995,-127438.35611770046,72891.03311770497,7140.0,188,56,30,188,1,0.21484339211193593,False,东港股份,8.27,2026-09-08,2016-05-26,2026-09-08,,False,False,False,ok,13,0,872561.6438822995,0.0,True,0.03019420786380078,1085395.0458093518,932062.3063190132
002118,1000000.0,868899.9048947901,0.0,868899.9048947901,-131100.09510520985,2136.02410521,0.0,5,3,3,5,1,0.14135521787784844,False,*ST紫鑫,0.37,2026-09-08,2015-01-05,2023-06-15,,False,True,False,ok,0,1,868899.9048947901,0.0,True,0.0014300054517361307,868899.9048947901,868899.9048947901
002119,1000000.0,757385.5338128151,0.0,757385.5338128151,-242614.4661871849,56715.95568718998,232.0,212,92,44,212,2,0.28134998623797625,False,康强电子,23.06,2026-09-08,2016-05-26,2026-09-08,,False,False,False,ok,10,0,757385.5338128151,0.0,True,0.03178532489867692,827145.1780262825,723855.4302069538
002120,1000000.0,814584.6595434409,0.0,814584.6595434409,-185415.3404565591,109931.0711565691,4664.8,253,116,48,253,3,0.3222156270012501,False,韵达股份,6.86,2026-09-08,2016-03-23,2026-09-08,,False,False,False,ok,12,0,814584.6595434409,0.0,True,0.05523923716332758,1084583.744515174,905608.8122936788
002121,1000000.0,678779.4760386697,0.0,678779.4760386697,-321220.5239613303,64254.23146133504,0.0,222,107,56,222,3,0.3728162053563362,False,科陆电子,4.97,2026-09-08,2015-11-25,2026-09-08,,False,False,False,ok,4,0,678779.4760386697,0.0,True,0.05237225374289053,677576.8608122334,652725.3059807494
002122,1000000.0,835693.4870411414,0.0,835693.4870411414,-164306.51295885863,96659.17845886509,0.0,258,183,96,258,6,0.24275701300349847,False,ST汇洲,2.82,2026-09-08,2015-09-10,2026-09-08,,False,False,False,ok,2,0,835693.4870411414,0.0,True,0.0692215899870906,989639.718962984,932274.3774517863
002123,1000000.0,911207.5769717486,0.0,911207.5769717486,-88792.42302825139,63131.95752825495,0.0,213,82,50,213,5,0.17440364486764626,False,梦网科技,8.21,2026-09-08,2016-03-31,2026-09-08,,False,False,False,ok,2,0,911207.5769717486,0.0,True,0.03408263427033565,895508.8104264023,880549.8139106478
002124,1000000.0,792285.4291771126,0.0,792285.4291771126,-207714.57082288736,92862.26032289502,16220.0,249,126,65,249,1,0.23681508628074024,False,天邦食品,2.52,2026-09-08,2016-05-06,2026-09-08,,False,False,False,ok,5,0,792285.4291771126,0.0,True,0.050114151549813094,960274.0022715939,894242.418760876
002125,1000000.0,926419.4457161528,0.0,926419.4457161528,-73580.55428384722,63680.93328385003,1020.0,199,75,39,199,2,0.1483641540124328,False,湘潭电化,12.36,2026-09-08,2016-05-13,2026-09-08,,False,False,False,ok,8,0,926419.4457161528,0.0,True,0.028982749315066947,1072416.0908950418,981897.2451217875
002126,1000000.0,887550.6824295936,0.0,887550.6824295936,-112449.31757040636,65246.70507041003,0.0,182,65,26,182,0,0.15636101142597192,False,银轮股份,40.1,2026-09-08,2016-05-26,2026-09-08,,False,False,False,ok,12,0,887550.6824295936,0.0,True,0.02974123381268247,925453.4280122211,937692.1961030473
002127,1000000.0,1072088.8220577466,0.0,1072088.8220577466,72088.82205774658,80393.67644226001,7946.0,213,90,38,213,0,0.07049127371721235,False,南极电商,3.09,2026-09-08,2016-01-19,2026-09-08,,False,False,False,ok,8,0,1072088.8220577466,0.0,True,0.033043244672028835,1069260.0781687538,1092605.0776640058
002128,1000000.0,964264.1174956121,0.0,964264.1174956121,-35735.882504387875,99231.59300439498,28160.0,227,87,39,227,1,0.13404627288621193,False,电投能源,28.15,2026-09-08,2015-11-20,2026-09-08,,False,False,False,ok,14,0,964264.1174956121,0.0,True,0.04685653693982065,985406.9831984827,1003483.2445324246
002129,1000000.0,793890.3823252937,0.0,793890.3823252937,-206109.61767470627,62060.06417470999,0.0,212,65,33,212,2,0.245645389496508,False,TCL中环,9.28,2026-09-08,2015-01-05,2026-09-08,,False,False,False,ok,10,0,793890.3823252937,0.0,True,0.02946998234008521,1038591.9570980116,886193.732804518
002130,1000000.0,853577.1782337435,0.0,853577.1782337435,-146422.82176625647,59594.64876625995,0.0,176,63,34,176,3,0.1672049353937073,False,沃尔核材,16.93,2026-09-08,2016-04-22,2026-09-08,,False,False,False,ok,11,0,853577.1782337435,0.0,True,0.030150610041442,857239.884172052,863293.779204288
002131,1000000.0,742124.0281454243,0.0,742124.0281454243,-257875.97185457568,74177.16985457987,5082.0,218,106,43,218,3,0.3070934699084184,False,利欧股份,4.78,2026-09-08,2016-05-23,2026-09-08,,False,False,False,ok,11,0,742124.0281454243,0.0,True,0.037947579392464174,877415.0479606527,805818.1770263736
002132,1000000.0,1000000.0,0.0,1000000.0,0.0,0.0,0.0,0,0,0,0,0,0.0,False,恒星科技,4.22,2026-09-08,2016-02-05,2026-09-08,,False,False,True,ok,10,0,1000000.0,0.0,True,0.0,1000000.0,1000000.0
002133,1000000.0,936098.4631850941,0.0,936098.4631850941,-63901.536814905936,55212.86881491003,4100.0,127,28,20,127,1,0.11455862600863041,False,广宇集团,2.99,2026-09-08,2016-05-26,2026-09-08,,False,False,False,ok,11,0,936098.4631850941,0.0,True,0.021895506005984482,941672.7730639328,972396.383575269
002134,1000000.0,818698.4809869301,0.0,818698.4809869301,-181301.51901306992,51291.031013075,0.0,187,97,37,187,6,0.2035012062303908,False,天津普林,21.88,2026-09-08,2015-11-04,2026-09-08,,False,False,False,ok,0,0,818698.4809869301,0.0,True,0.027883405678190965,895932.5866713421,813887.6291976941
002135,1000000.0,838468.7747224753,0.0,838468.7747224753,-161531.22527752467,63537.59927753001,3191.3,179,56,32,179,1,0.21950708299910632,False,东南网架,6.26,2026-09-08,2016-05-26,2026-09-08,,False,False,False,ok,12,0,838468.7747224753,0.0,True,0.02795580176653687,938541.0611536728,826991.7617951196
002136,1000000.0,857353.9874362432,0.0,857353.9874362432,-142646.01256375678,56786.70156375998,0.0,166,46,25,166,1,0.1944942619456508,False,安 纳 达,12.78,2026-09-08,2016-05-24,2026-09-08,,False,False,False,ok,7,0,857353.9874362432,0.0,True,0.024300015110580726,999462.5348902518,924182.2301744127
002137,1000000.0,1022103.9865835886,0.0,1022103.9865835886,22103.986583588645,53522.80091641508,0.0,184,86,65,184,3,0.20017921801681596,False,实益达,7.78,2026-09-08,2016-05-24,2026-09-08,,False,False,False,ok,1,0,1022103.9865835886,0.0,True,0.02791822678392864,910910.6078225423,876381.1657113528
002138,1000000.0,1092582.1958535584,0.0,1092582.1958535584,92582.19585355837,81725.72764644997,3750.0,193,59,26,193,0,0.10543017334128225,False,顺络电子,48.1,2026-09-08,2016-05-26,2026-09-08,,False,False,False,ok,12,0,1092582.1958535584,0.0,True,0.032598230322024246,1179831.4910814944,1132008.497918482
002139,1000000.0,824171.4727378287,0.0,824171.4727378287,-175828.52726217126,60683.43726217499,1350.0,185,49,22,185,1,0.20743076086800352,False,拓邦股份,9.33,2026-09-08,2016-05-26,2026-09-08,,False,False,False,ok,12,0,824171.4727378287,0.0,True,0.027448299935887772,978676.8082205115,901619.8224985772
002140,1000000.0,761733.8397943227,0.0,761733.8397943227,-238266.16020567727,53643.546505680955,1270.0,166,53,34,166,5,0.24701546450061582,False,东华科技,9.36,2026-09-08,2016-05-26,2026-09-08,,False,False,False,ok,12,0,761733.8397943227,0.0,True,0.02679538193682208,932899.1756019866,848335.9866171223
002141,1000000.0,892525.6569275409,0.0,892525.6569275409,-107474.3430724591,75365.41007246509,0.0,273,146,73,273,7,0.16828093596786728,False,贤丰控股,6.71,2026-09-08,2015-11-25,2026-09-08,,False,False,False,ok,3,0,892525.6569275409,0.0,True,0.04257119030026707,935564.1702768833,867213.6776298238
002142,1000000.0,1000000.0,0.0,1000000.0,0.0,0.0,0.0,0,0,0,0,0,0.0,False,宁波银行,34.66,2026-09-08,2016-05-18,2026-09-08,,False,False,True,ok,13,0,1000000.0,0.0,True,0.0,1000000.0,1000000.0
002143,1000000.0,1176615.4461289605,0.0,1176615.4461289605,176615.44612896047,8631.531371039999,0.0,18,24,29,18,0,0.0254240553177301,False,印纪退,0.25,2026-09-08,2015-01-05,2019-11-28,,False,True,False,ok,0,1,1176615.4461289605,0.0,True,0.010935675366825368,1176615.4461289605,1176615.4461289605
002144,1000000.0,765454.7665938793,0.0,765454.7665938793,-234545.23340612068,58539.935406125005,5100.0,121,29,17,121,2,0.23550740369823575,False,宏达高科,11.31,2026-09-08,2016-05-26,2026-09-08,,False,False,False,ok,12,0,765454.7665938793,0.0,True,0.025521471640236458,843563.411357362,782321.2707316836
002145,1000000.0,711809.0438097046,0.0,711809.0438097046,-288190.9561902954,56635.74069029995,2417.796,170,35,17,170,0,0.29290395979086087,False,钛能化学,4.32,2026-09-08,2016-04-19,2026-09-08,,False,False,False,ok,11,0,711809.0438097046,0.0,True,0.02497595208360274,785665.8394107327,751663.3339000042
002146,1000000.0,788917.3863751611,0.0,788917.3863751611,-211082.61362483888,89744.77612484492,26210.0,245,112,45,245,6,0.27284475993400215,False,荣盛发展,1.25,2026-09-08,2016-05-12,2026-09-08,,False,False,False,ok,7,0,788917.3863751611,0.0,True,0.04261923059369147,999424.0946589336,838067.3247566402
002147,1000000.0,965174.0021245615,0.0,965174.0021245615,-34825.99787543854,22921.691375439987,0.0,35,24,20,35,0,0.10437500163931222,False,新光退,0.37,2026-09-08,2015-01-05,2022-06-22,,False,True,False,ok,0,2,965174.0021245615,0.0,True,0.014450342880588567,965174.0021245615,965174.0021245615
002148,1000000.0,824815.4166831309,0.0,824815.4166831309,-175184.5833168691,61498.74781687498,1002.0,191,48,22,191,0,0.19302071820059943,False,北纬科技,6.6,2026-09-08,2016-05-26,2026-09-08,,False,False,False,ok,9,0,824815.4166831309,0.0,True,0.02478516348487255,979070.6863463834,934246.9442650549
002149,1000000.0,988973.1619595989,0.0,988973.1619595989,-11026.838040401111,61179.89254040497,3800.0,190,71,39,190,3,0.08156186253581638,False,西部材料,34.0,2026-09-08,2016-05-26,2026-09-08,,False,False,False,ok,12,0,988973.1619595989,0.0,True,0.028111435264019415,953964.1275246422,1031550.274647248
002150,1000000.0,776584.2632674804,0.0,776584.2632674804,-223415.73673251958,55574.446232524984,804.9999999999999,204,100,48,204,7,0.26775270231195597,False,正泰电源,20.42,2026-09-08,2016-05-10,2026-09-08,,False,False,False,ok,11,0,776584.2632674804,0.0,True,0.03532090025949913,833728.5418068224,800780.1299411936
002151,1000000.0,952137.1595099169,0.0,952137.1595099169,-47862.840490083094,80917.03849009,0.0,199,46,26,199,1,0.09382355149617502,False,北斗星通,28.71,2026-09-08,2016-03-16,2026-09-08,,False,False,False,ok,7,0,952137.1595099169,0.0,True,0.03330323019060436,971514.5806679239,973548.1630506455
002152,1000000.0,954297.3434707439,0.0,954297.3434707439,-45702.65652925614,58102.78502926,0.0,143,44,25,143,0,0.07961859797246354,False,广电运通,9.65,2026-09-08,2016-05-17,2026-09-08,,False,False,False,ok,13,0,954297.3434707439,0.0,True,0.024538246400800306,1015228.4557842426,1008321.6189276436
002153,1000000.0,1028018.6216924874,0.0,1028018.6216924874,28018.621692487388,85945.00680751988,193.0,246,83,47,246,1,0.1461676604130499,False,石基信息,8.05,2026-09-08,2016-05-09,2026-09-08,,False,False,False,ok,12,0,1028018.6216924874,0.0,True,0.034930036013326664,1114160.4196516941,1061589.0434496005
002154,1000000.0,1165554.741608399,0.0,1165554.741608399,165554.74160839897,94075.32939161008,48220.0,199,65,41,199,0,0.08980156192390808,False,报 喜 鸟,4.09,2026-09-08,2016-05-26,2026-09-08,,False,False,False,ok,14,0,1165554.741608399,0.0,True,0.03750915258672325,1102439.8328357646,1178526.0786879712
002155,1000000.0,781150.7948917414,0.0,781150.7948917414,-218849.20510825864,87844.7981082651,1040.0,267,99,63,267,10,0.25390683249009294,False,湖南黄金,25.86,2026-09-08,2016-05-05,2026-09-08,,False,False,False,ok,8,0,781150.7948917414,0.0,True,0.047497753055958006,772461.4453773937,830221.976700249
002156,1000000.0,909871.9848714399,0.0,909871.9848714399,-90128.01512856013,67794.40062856501,0.0,230,73,44,230,3,0.1806829110979161,False,通富微电,58.32,2026-09-08,2016-03-04,2026-09-08,,False,False,False,ok,8,0,909871.9848714399,0.0,True,0.03219170155091488,933327.8251484134,886844.3229875539
002157,1000000.0,854261.3528981517,0.0,854261.3528981517,-145738.64710184827,74690.9451018549,594.9999999999999,236,110,42,236,4,0.2452902817762223,False,正邦科技,3.26,2026-09-08,2016-05-19,2026-09-08,,False,False,False,ok,8,0,854261.3528981517,0.0,True,0.03910516287632717,886172.483576373,864893.85922341
002158,1000000.0,801355.6071887637,0.0,801355.6071887637,-198644.39281123632,58456.015311239935,3774.0,208,72,25,208,2,0.24737539412982687,False,汉钟精机,27.03,2026-09-08,2016-05-26,2026-09-08,,False,False,False,ok,12,0,801355.6071887637,0.0,True,0.03114159972321409,888067.6358227421,869293.5116271175
002159,1000000.0,920915.4140391344,0.0,920915.4140391344,-79084.5859608656,75417.20696087,0.0,193,57,35,193,3,0.13832488006904908,False,三特索道,14.35,2026-09-08,2016-04-27,2026-09-08,,False,False,False,ok,3,0,920915.4140391344,0.0,True,0.036552909319307006,913720.6155510733,901166.0636950738
002160,1000000.0,893787.8961029692,0.0,893787.8961029692,-106212.10389703081,48261.46489703498,0.0,163,77,48,163,3,0.1903955780855628,False,常铝股份,4.13,2026-09-08,2015-11-26,2026-09-08,,False,False,False,ok,3,0,893787.8961029692,0.0,True,0.025083073734089564,880065.0880574731,900708.3727126138
002161,1000000.0,933761.3248256242,0.0,933761.3248256242,-66238.67517437576,49814.329674379995,0.0,154,49,33,154,2,0.14330240249633883,False,远 望 谷,7.05,2026-09-08,2016-01-13,2026-09-08,,False,False,False,ok,6,0,933761.3248256242,0.0,True,0.021371811035257773,981447.5318008624,1007916.3763281639
002162,1000000.0,814572.6071967684,0.0,814572.6071967684,-185427.3928032316,65613.22930323498,0.0,204,110,68,204,1,0.19782943845933162,False,悦心健康,4.1,2026-09-08,2015-11-11,2026-09-08,,False,False,False,ok,2,0,814572.6071967684,0.0,True,0.037869355948978715,893613.4665125819,924642.4690978476
002163,1000000.0,743959.3547570398,0.0,743959.3547570398,-256040.6452429602,57168.12824296502,0.0,200,92,51,200,3,0.2801238255883748,False,海南发展,8.97,2026-09-08,2015-12-02,2026-09-08,,False,False,False,ok,0,0,743959.3547570398,0.0,True,0.03222624214224227,812155.5798420723,794671.1440172277
002164,1000000.0,817805.9279140694,0.0,817805.9279140694,-182194.07208593062,62050.773585934985,0.0,215,89,36,215,6,0.21957790121140097,False,宁波东力,10.86,2026-09-08,2015-11-09,2026-09-08,,False,False,False,ok,2,0,817805.9279140694,0.0,True,0.03193246485057387,856306.0974007634,790425.831486604
002165,1000000.0,885866.1412859873,0.0,885866.1412859873,-114133.85871401266,71203.59871401504,2936.0,218,65,52,218,4,0.1545700758140633,False,红 宝 丽,8.44,2026-09-08,2016-02-26,2026-09-08,,False,False,False,ok,12,0,885866.1412859873,0.0,True,0.03249301018844631,907535.6774273812,874960.3342734568
002166,1000000.0,1000000.0,0.0,1000000.0,0.0,0.0,0.0,0,0,0,0,0,0.0,False,莱茵生物,7.25,2026-09-08,2016-05-04,2026-09-08,,False,False,True,ok,10,0,1000000.0,0.0,True,0.0,1000000.0,1000000.0
002167,1000000.0,825294.1343576399,0.0,825294.1343576399,-174705.86564236006,45114.59614236497,0.0,156,38,25,156,3,0.2620172371402725,False,东方锆业,15.33,2026-09-08,2016-05-25,2026-09-08,,False,False,False,ok,1,0,825294.1343576399,0.0,True,0.020143348313364912,848376.8377975225,803282.7740614037
002168,1000000.0,863802.9077730783,0.0,863802.9077730783,-136197.0922269217,65900.49272692515,0.0,232,144,99,232,10,0.2719501037736633,False,ST惠程,3.83,2026-09-08,2015-01-28,2026-09-08,,False,False,False,ok,0,0,863802.9077730783,0.0,True,0.08945421086732626,826637.5599611923,824172.8333376626
002169,1000000.0,992563.6007245952,0.0,992563.6007245952,-7436.39927540475,62403.15527540993,0.0,185,52,27,185,5,0.09158520154406784,False,智光电气,12.38,2026-09-08,2016-05-16,2026-09-08,,False,False,False,ok,12,0,992563.6007245952,0.0,True,0.02440943955754479,1013459.1446258529,979929.9733770546
002170,1000000.0,1025084.1965211362,0.0,1025084.1965211362,25084.19652113621,73892.91697886997,11172.000000000002,175,50,26,175,1,0.05843554390822934,False,芭田股份,11.97,2026-09-08,2016-05-26,2026-09-08,,False,False,False,ok,10,0,1025084.1965211362,0.0,True,0.029383596057346147,1053041.6408843228,1041633.7442584247
002171,1000000.0,838235.6428511352,0.0,838235.6428511352,-161764.35714886477,59111.77064887004,0.0,169,34,32,169,0,0.17197308597633182,False,楚江新材,10.3,2026-09-08,2016-03-01,2026-09-08,,False,False,False,ok,12,0,838235.6428511352,0.0,True,0.02444656657771011,930090.2105687329,843028.2782388187
002172,1000000.0,909146.6961983542,0.0,909146.6961983542,-90853.30380164576,63528.89380164998,0.0,188,109,69,188,4,0.1428729002855125,False,澳洋健康,5.09,2026-09-08,2016-05-19,2026-09-08,,False,False,False,ok,0,0,909146.6961983542,0.0,True,0.035653539555539314,899268.8526051919,889978.1394234332
002173,1000000.0,825769.919444699,0.0,825769.919444699,-174230.08055530104,62285.78505530502,0.0,227,80,53,227,7,0.2283711737459365,False,创新医疗,18.46,2026-09-08,2016-05-24,2026-09-08,,False,False,False,ok,1,0,825769.919444699,0.0,True,0.032006703121241285,837617.9530516826,813957.1498911635
002174,1000000.0,778689.0265823947,0.0,778689.0265823947,-221310.97341760527,59506.13591761004,518.0,214,88,50,214,4,0.2513579385554428,False,游族网络,12.59,2026-09-08,2016-05-26,2026-09-08,,False,False,False,ok,7,0,778689.0265823947,0.0,True,0.03406447957223675,827569.8902091237,759207.1055406689
002175,1000000.0,593632.802301015,0.0,593632.802301015,-406367.197698985,58490.59069899001,0.0,248,168,80,248,14,0.4267622314437965,False,*ST东智,2.57,2026-09-08,2015-04-21,2026-09-08,,False,False,False,ok,2,0,593632.802301015,0.0,True,0.055395206606599225,648464.9209621225,633711.4152381393
002176,1000000.0,861278.0239638439,0.0,861278.0239638439,-138721.97603615606,65539.7555361599,400.0,214,84,37,214,2,0.20364902351813577,False,江特电机,9.13,2026-09-08,2016-05-06,2026-09-08,,False,False,False,ok,4,0,861278.0239638439,0.0,True,0.029648796105258664,1015611.575130362,967214.4620965479
002177,1000000.0,857259.2334462384,0.0,857259.2334462384,-142740.76655376155,56748.29155376496,0.0,217,101,59,217,7,0.15796345978555879,False,御银股份,6.05,2026-09-08,2016-05-24,2026-09-08,,False,False,False,ok,9,0,857259.2334462384,0.0,True,0.02967804605821881,956615.6514455816,959270.9691094572
002178,1000000.0,765412.577567846,0.0,765412.577567846,-234587.42243215395,67374.87943216006,0.0,227,117,64,227,9,0.31300514227631876,False,延华智能,4.77,2026-09-08,2016-04-28,2026-09-08,,False,False,False,ok,3,0,765412.577567846,0.0,True,0.03892276113952862,760535.0887343745,754304.7070059503
002179,1000000.0,1131011.4421739418,0.0,1131011.4421739418,131011.44217394176,104120.76632606497,828.0,214,46,37,214,2,0.10628397200005485,False,中航光电,34.01,2026-09-08,2016-05-26,2026-09-08,,False,False,False,ok,12,0,1131011.4421739418,0.0,True,0.04328561140200856,1127452.1421574645,1045442.2573599108
002180,1000000.0,761582.9574948201,0.0,761582.9574948201,-238417.04250517988,78695.29500518499,1504.0,256,98,36,256,1,0.2561524253019934,False,奔图科技,16.72,2026-09-08,2015-12-16,2026-09-08,,False,False,False,ok,9,0,761582.9574948201,0.0,True,0.04563318587288192,887134.247573053,849822.4419874084
002181,1000000.0,962601.7656626703,0.0,962601.7656626703,-37398.23433732975,68581.96783733503,0.0,198,107,83,198,3,0.11528086185257096,False,粤 传 媒,10.29,2026-09-08,2016-05-26,2026-09-08,,False,False,False,ok,10,0,962601.7656626703,0.0,True,0.034748910856319044,1057216.4488900132,1038497.30506963
002182,1000000.0,858300.816999677,0.0,858300.816999677,-141699.183000323,52175.52110032595,5021.0,172,24,20,172,1,0.15377181320303387,True,宝武镁业,12.3,2026-09-08,2016-05-24,2026-09-08,,False,False,False,ok,11,0,858300.816999677,0.0,True,0.02017034148514725,953382.1528261916,924861.2474938924
002183,1000000.0,793258.6628033799,0.0,793258.6628033799,-206741.33719662006,61381.70669662497,2521.6,177,55,39,177,1,0.23622806935147056,False,怡 亚 通,4.53,2026-09-08,2016-04-06,2026-09-08,,False,False,False,ok,10,0,793258.6628033799,0.0,True,0.029486039387692467,877226.0208571631,769096.3288233543
002184,1000000.0,962142.6949910794,0.0,962142.6949910794,-37857.30500892061,58850.059008925025,790.0,198,77,44,198,3,0.09958141993365215,False,海得控制,9.99,2026-09-08,2016-05-12,2026-09-08,,False,False,False,ok,9,0,962142.6949910794,0.0,True,0.027138124864831685,997769.1273927531,1013486.3907951241
002185,1000000.0,1000000.0,0.0,1000000.0,0.0,0.0,0.0,0,0,0,0,0,0.0,False,华天科技,15.97,2026-09-08,2016-05-04,2026-09-08,,False,False,True,ok,12,0,1000000.0,0.0,True,0.0,1000000.0,1000000.0
002186,1000000.0,859434.878457584,0.0,859434.878457584,-140565.12154241605,62798.979042420004,4628.0,153,61,38,153,1,0.19034776127859396,False,全 聚 德,10.16,2026-09-08,2016-05-19,2026-09-08,,False,False,False,ok,6,0,859434.878457584,0.0,True,0.030891003602661903,892742.4290443824,907480.9655654932
002187,1000000.0,815789.3861385774,0.0,815789.3861385774,-184210.61386142264,77643.87036143005,0.0,203,63,38,203,2,0.26878124406150655,False,广百股份,5.98,2026-09-08,2016-05-18,2026-09-08,,False,False,False,ok,10,0,815789.3861385774,0.0,True,0.03999442045483175,820948.2728222746,748135.6481982961
002188,1000000.0,601697.2561366931,0.0,601697.2561366931,-398302.74386330694,56597.84886331006,0.0,193,104,58,193,15,0.47263958433899633,False,中天服务,5.77,2026-09-08,2016-04-06,2026-09-08,,False,False,False,ok,0,0,601697.2561366931,0.0,True,0.05632734114019478,547398.6272558923,583842.241851038
002189,1000000.0,876841.3443406293,0.0,876841.3443406293,-123158.6556593707,52239.14590937497,3031.39825,176,40,30,176,3,0.1444908975831757,False,中光学,19.29,2026-09-08,2015-11-24,2026-09-08,,False,False,False,ok,8,0,876841.3443406293,0.0,True,0.026032727500366476,921697.1062088022,916376.208888823
002190,1000000.0,1007301.6471845862,0.0,1007301.6471845862,7301.647184586152,59381.49081541996,0.0,180,57,40,180,3,0.09742612345995078,False,成飞集成,26.24,2026-09-08,2016-03-04,2026-09-08,,False,False,False,ok,8,0,1007301.6471845862,0.0,True,0.028373643431087028,994719.4509963833,933309.3985429292
002191,1000000.0,864145.5293070278,0.0,864145.5293070278,-135854.4706929722,69464.08469297997,6230.0,175,70,32,175,2,0.16393241876243467,False,劲嘉股份,3.67,2026-09-08,2016-05-13,2026-09-08,,False,False,False,ok,10,0,864145.5293070278,0.0,True,0.03350304245287684,1023781.7196411643,991632.1186460007
002192,1000000.0,1121991.2585244447,0.0,1121991.2585244447,121991.25852444465,77723.83447556001,2940.0000000000005,264,84,51,264,2,0.10953366984548492,False,融捷股份,64.86,2026-09-08,2016-05-10,2026-09-08,,False,False,False,ok,5,0,1121991.2585244447,0.0,True,0.03585878442362065,1125860.3418941726,1127832.8135842183
002193,1000000.0,729395.4232109195,0.0,729395.4232109195,-270604.5767890805,67804.23178908502,4170.0,210,99,39,210,1,0.2863230436349304,False,ST如意,5.25,2026-09-08,2016-03-10,2026-09-08,,False,False,False,ok,7,0,729395.4232109195,0.0,True,0.040646976473061855,843456.2374076426,750090.820561279
002194,1000000.0,833994.6921458133,0.0,833994.6921458133,-166005.30785418674,59192.925354189974,450.0,211,89,44,211,12,0.2180533568092939,False,武汉凡谷,11.08,2026-09-08,2016-04-29,2026-09-08,,False,False,False,ok,9,0,833994.6921458133,0.0,True,0.03167667121864527,891855.5199165418,830843.8631713775
002195,1000000.0,875323.8438588136,0.0,875323.8438588136,-124676.15614118637,55995.10914119002,1728.0,167,38,30,167,1,0.13676079749362718,False,岩山科技,6.33,2026-09-08,2016-05-26,2026-09-08,,False,False,False,ok,10,0,875323.8438588136,0.0,True,0.025280234028799815,916492.7218767812,894333.8324467622
002196,1000000.0,1004851.0072316062,0.0,1004851.0072316062,4851.0072316061705,66959.34926840004,2610.0,199,65,50,199,3,0.12673746382370835,False,方正电机,10.96,2026-09-08,2016-05-12,2026-09-08,,False,False,False,ok,4,0,1004851.0072316062,0.0,True,0.02866464025728876,1059860.174961083,982945.6005929797
002197,1000000.0,849218.1487060791,0.0,849218.1487060791,-150781.8512939209,58476.35029392501,0.0,199,62,36,199,10,0.16358088642160595,False,证通电子,7.05,2026-09-08,2016-05-10,2026-09-08,,False,False,False,ok,4,0,849218.1487060791,0.0,True,0.028049916279154336,860271.7959376829,929428.2021195535
002198,1000000.0,753538.6486600614,0.0,753538.6486600614,-246461.35133993858,95587.91333994489,2608.0,223,120,57,223,2,0.2610371815696693,False,ST嘉应,3.82,2026-09-08,2016-01-13,2026-09-08,,False,False,False,ok,2,0,753538.6486600614,0.0,True,0.07082842878170803,833710.747517744,796592.94212116
002199,1000000.0,607306.5807102943,0.0,607306.5807102943,-392693.4192897057,55833.15678971003,0.0,246,126,65,246,15,0.40712239335825073,False,*ST东晶,12.4,2026-09-08,2015-12-10,2026-09-08,,False,False,False,ok,0,0,607306.5807102943,0.0,True,0.0372998526608843,725193.9114734622,706734.8712146682
002200,1000000.0,949370.5866842918,0.0,949370.5866842918,-50629.41331570817,91508.2433157149,0.0,216,79,45,216,4,0.1235012204811753,False,交投生态,7.06,2026-09-08,2016-05-19,2026-09-08,,False,False,False,ok,0,0,949370.5866842918,0.0,True,0.04505095264814138,940504.2901841039,945859.3315708099
002201,1000000.0,908260.3820616881,0.0,908260.3820616881,-91739.61793831189,65149.55793831504,240.0,221,74,26,221,7,0.22595313448832482,False,九鼎新材,9.3,2026-09-08,2016-05-18,2026-09-08,,False,False,False,ok,11,0,908260.3820616881,0.0,True,0.02921464241785288,926646.6783627117,859164.0282831427
002202,1000000.0,1000000.0,0.0,1000000.0,0.0,0.0,0.0,0,0,0,0,0,0.0,False,金风科技,17.75,2026-09-08,2016-05-18,2026-09-08,,False,False,True,ok,12,0,1000000.0,0.0,True,0.0,1000000.0,1000000.0
002203,1000000.0,1115673.6774955844,0.0,1115673.6774955844,115673.67749558436,132589.3290744251,2004.6455699999997,226,81,73,226,2,0.07639201710910004,False,海亮股份,19.35,2026-09-08,2016-05-18,2026-09-08,,False,False,False,ok,13,0,1115673.6774955844,0.0,True,0.061196269898143384,1121161.6671205857,1145034.640539534
002204,1000000.0,850102.1191678313,0.0,850102.1191678313,-149897.88083216874,86366.87133217492,1648.0,208,105,56,208,1,0.20457715141393704,False,大连重工,5.31,2026-09-08,2016-05-26,2026-09-08,,False,False,False,ok,12,0,850102.1191678313,0.0,True,0.04952795899379926,878330.4286760137,854858.9926623199
002205,1000000.0,726538.7571388199,0.0,726538.7571388199,-273461.2428611801,57031.20436118506,184.0,199,113,47,199,4,0.2966701945710588,False,国统股份,11.24,2026-09-08,2016-05-03,2026-09-08,,False,False,False,ok,5,0,726538.7571388199,0.0,True,0.03373991263971338,901091.025273382,799307.4217308635
002206,1000000.0,719203.9602738394,0.0,719203.9602738394,-280796.0397261606,62171.228726165056,5440.0,153,52,16,153,1,0.29383059664447964,False,海 利 得,5.32,2026-09-08,2016-05-20,2026-09-08,,False,False,False,ok,12,0,719203.9602738394,0.0,True,0.027902676925115208,881385.0484408336,803329.674805844
002207,1000000.0,899740.6455762865,0.0,899740.6455762865,-100259.35442371352,82720.77192371998,0.0,226,115,69,226,12,0.18896170341885743,False,*ST准油,6.1,2026-09-08,2015-04-02,2026-09-08,,False,False,False,ok,1,0,899740.6455762865,0.0,True,0.04095809358095402,944332.8575550645,921692.5125207856
002208,1000000.0,886457.8550768704,0.0,886457.8550768704,-113542.14492312958,68993.90057313499,9933.74565,218,82,40,218,0,0.1623299132084057,False,合肥城建,10.5,2026-09-08,2016-04-26,2026-09-08,,False,False,False,ok,10,0,886457.8550768704,0.0,True,0.03258866409166056,894159.2948187819,894614.9856606284
002209,1000000.0,839656.5699652048,0.0,839656.5699652048,-160343.4300347952,55639.289534799966,0.0,184,73,26,184,1,0.19760129374008067,False,达 意 隆,13.74,2026-09-08,2015-11-04,2026-09-08,,False,False,False,ok,9,0,839656.5699652048,0.0,True,0.029525155654063877,891889.2722662726,847946.0566362086
002210,1000000.0,707107.05431494,0.0,707107.05431494,-292892.94568506,83104.83868506491,0.0,262,170,105,262,17,0.3948705758917181,False,飞马国际,2.33,2026-09-08,2015-06-16,2026-09-08,,False,False,False,ok,4,0,707107.05431494,0.0,True,0.06730867920878984,761061.1932521927,676914.7809334991
002211,1000000.0,870305.5238136789,0.0,870305.5238136789,-129694.47618632112,64098.726686325026,0.0,215,109,77,215,13,0.17406917079691053,False,ST宏达,3.99,2026-09-08,2016-01-06,2026-09-08,,False,False,False,ok,0,0,870305.5238136789,0.0,True,0.03468948605651291,949913.2463360523,1005010.8348285183
002212,1000000.0,734313.7371797,0.0,734313.7371797,-265686.26282029995,74698.51882030502,326.0,224,86,53,224,4,0.30525358718364,False,天融信,6.67,2026-09-08,2015-11-24,2026-09-08,,False,False,False,ok,8,0,734313.7371797,0.0,True,0.052264254229989066,802598.7888077628,749982.920703924
002213,1000000.0,675457.6949673891,0.0,675457.6949673891,-324542.3050326109,61799.981532615,230.0,226,91,56,226,6,0.3552196073395625,False,大为股份,27.97,2026-09-08,2016-03-22,2026-09-08,,False,False,False,ok,4,0,675457.6949673891,0.0,True,0.044209762291162434,705922.9452159225,670457.6339813385
002214,1000000.0,802162.1835946279,0.0,802162.1835946279,-197837.8164053721,51312.56340537503,0.0,165,73,43,165,7,0.21213312334725848,False,*ST大立,17.28,2026-09-08,2016-05-24,2026-09-08,,False,False,False,ok,10,0,802162.1835946279,0.0,True,0.03154535622222853,877347.9969026508,830565.5258696114
002215,1000000.0,792579.6035508208,0.0,792579.6035508208,-207420.39644917916,66662.21944918505,0.0,182,76,28,182,3,0.22268777148182128,False,诺 普 信,10.72,2026-09-08,2016-05-26,2026-09-08,,False,False,False,ok,10,0,792579.6035508208,0.0,True,0.03526902950017275,850387.9733678533,847698.2673980346
002216,1000000.0,983395.7160618028,0.0,983395.7160618028,-16604.283938197186,92577.77543820496,0.0,204,75,36,204,1,0.1232886237460573,False,三全食品,12.12,2026-09-08,2016-05-26,2026-09-08,,False,False,False,ok,12,0,983395.7160618028,0.0,True,0.04118154094804029,1075925.213832704,1062022.0994676654
002217,1000000.0,790571.3750889905,0.0,790571.3750889905,-209428.62491100945,74158.22741101518,1050.0,253,127,49,253,9,0.22112891006258426,False,ST合力泰,1.48,2026-09-08,2016-03-23,2026-09-08,,False,False,False,ok,6,0,790571.3750889905,0.0,True,0.040724422083299995,894830.2403292628,877687.3327096642
002218,1000000.0,1108707.2227115561,0.0,1108707.2227115561,108707.22271155613,67565.58028844994,1818.0,196,58,34,196,4,0.09674490258307981,False,拓日新能,4.05,2026-09-08,2016-05-26,2026-09-08,,False,False,False,ok,10,0,1108707.2227115561,0.0,True,0.02598198879861624,1139580.7509628334,1039609.2103510185
002219,1000000.0,715813.4217898758,0.0,715813.4217898758,-284186.57821012416,72366.76321012992,0.0,248,141,77,248,20,0.34664646933149496,False,新里程,2.26,2026-09-08,2015-01-05,2026-09-08,,False,False,False,ok,1,0,715813.4217898758,0.0,True,0.05351137168562375,771451.2061727042,725262.1736265197
002220,1000000.0,950240.6229486122,0.0,950240.6229486122,-49759.3770513878,28016.439051390018,0.0,48,22,23,48,0,0.15855992937472846,False,天宝退,0.26,2026-09-08,2015-01-05,2020-08-10,,False,True,False,ok,0,1,950240.6229486122,0.0,True,0.017316322694041774,950240.6229486122,950240.6229486122
002221,1000000.0,974644.0240693523,0.0,974644.0240693523,-25355.97593064769,104545.15193065516,1605.0,222,81,53,222,0,0.2010671773701255,False,东华能源,6.19,2026-09-08,2016-05-16,2026-09-08,,False,False,False,ok,8,0,974644.0240693523,0.0,True,0.04575556785369853,1135156.5937789045,1065293.6142932402
002222,1000000.0,908664.9575519686,0.0,908664.9575519686,-91335.04244803137,53907.99354803598,4360.0,191,46,20,191,0,0.19584866995711575,False,福晶科技,66.49,2026-09-08,2016-05-26,2026-09-08,,False,False,False,ok,14,0,908664.9575519686,0.0,True,0.023866981637692505,934575.3182212724,885679.0696591083
002223,1000000.0,1011398.9370775557,0.0,1011398.9370775557,11398.937077555689,98673.54442244994,1960.0,207,61,30,207,1,0.09469097346021772,False,鱼跃医疗,25.65,2026-09-08,2016-05-19,2026-09-08,,False,False,False,ok,16,0,1011398.9370775557,0.0,True,0.04441366500463115,1015896.4727854127,1029166.4925343748
002224,1000000.0,850351.1947143981,0.0,850351.1947143981,-149648.80528560188,59186.559285605006,0.0,134,36,27,134,1,0.1560064021722318,False,三 力 士,4.15,2026-09-08,2016-05-18,2026-09-08,,False,False,False,ok,12,0,850351.1947143981,0.0,True,0.02664770391215423,916911.1014286117,898046.5844720781
002225,1000000.0,882891.3254445854,0.0,882891.3254445854,-117108.67455541459,67292.37655541998,7366.0,178,77,52,178,0,0.15891007024099768,False,濮耐股份,3.71,2026-09-08,2016-05-05,2026-09-08,,False,False,False,ok,11,0,882891.3254445854,0.0,True,0.03364062678733175,1002018.279502333,973398.0811632093
002226,1000000.0,748954.7492608177,0.0,748954.7492608177,-251045.25073918235,62685.67623918495,1677.0,166,70,31,166,3,0.2703819818941845,False,江南化工,5.19,2026-09-08,2015-02-16,2026-09-08,,False,False,False,ok,11,0,748954.7492608177,0.0,True,0.04420773294952723,805052.4363187717,772228.8952765877
002227,1000000.0,739630.6206795888,0.0,739630.6206795888,-260369.37932041124,51727.412820415055,0.0,183,63,23,183,5,0.27779854691100037,False,*ST特迅,6.88,2026-09-08,2016-05-25,2026-09-08,,False,False,False,ok,6,0,739630.6206795888,0.0,True,0.026174521664928615,828263.1435098613,765859.9454651824
002228,1000000.0,1071295.740989041,0.0,1071295.740989041,71295.74098904105,74413.64401096506,0.0,152,59,34,152,1,0.07939395704963943,False,合兴包装,3.29,2026-09-08,2016-05-26,2026-09-08,,False,False,False,ok,13,0,1071295.740989041,0.0,True,0.0294784971685906,1082660.9722067337,1047592.3503163999
002229,1000000.0,998878.0700676059,0.0,998878.0700676059,-1121.929932394065,60261.35093239997,627.0,212,100,62,212,8,0.16764908687023475,False,鸿博股份,12.16,2026-09-08,2016-05-26,2026-09-08,,False,False,False,ok,3,0,998878.0700676059,0.0,True,0.02981472838239012,995613.5528842222,1139644.2647172548
002230,1000000.0,928066.8589745513,0.0,928066.8589745513,-71933.14102544868,82022.06452545489,610.0,233,55,33,233,0,0.1776799647086608,False,科大讯飞,39.27,2026-09-08,2016-05-19,2026-09-08,,False,False,False,ok,12,0,928066.8589745513,0.0,True,0.03745755134089743,1006219.0146260527,986134.9267271844
002231,1000000.0,707115.9644741245,0.0,707115.9644741245,-292884.0355258755,69176.28902588,0.0,237,117,80,237,17,0.3491029736468782,False,*ST奥维,0.6,2026-09-08,2015-06-04,2026-01-29,,False,True,False,ok,0,0,707115.9644741245,0.0,True,0.03778250459022687,864497.7244606835,865671.6205673335
002232,1000000.0,896077.7250511545,0.0,896077.7250511545,-103922.2749488455,62552.39644884996,4172.2,207,80,52,207,7,0.1804122166235042,False,启明信息,14.48,2026-09-08,2016-05-26,2026-09-08,,False,False,False,ok,12,0,896077.7250511545,0.0,True,0.030839855682564452,1031993.3885554022,993543.7856832781
002233,1000000.0,749679.1071621813,0.0,749679.1071621813,-250320.8928378187,84235.84483782493,21636.0,191,67,38,191,1,0.29081714236927136,False,塔牌集团,7.19,2026-09-08,2016-05-26,2026-09-08,,False,False,False,ok,15,0,749679.1071621813,0.0,True,0.044267885099423886,782500.9949500838,747349.7582243744
002234,1000000.0,779498.1793313754,0.0,779498.1793313754,-220501.8206686246,67288.63516863002,0.0,220,83,47,220,2,0.22390838428994478,False,民和股份,8.47,2026-09-08,2016-05-26,2026-09-08,,False,False,False,ok,2,0,779498.1793313754,0.0,True,0.036897673751918644,866510.219862692,817720.4927509986
002235,1000000.0,1021755.9051846289,0.0,1021755.9051846289,21755.905184628908,56654.884815374964,0.0,232,86,52,232,6,0.16523601403164903,False,安妮股份,8.69,2026-09-08,2016-05-11,2026-09-08,,False,False,False,ok,2,0,1021755.9051846289,0.0,True,0.027572488641117995,901437.8544222926,985289.9965926735
002236,1000000.0,886729.2310825088,0.0,886729.2310825088,-113270.7689174912,71933.06941749505,10011.2,207,76,30,207,2,0.15006268884554752,False,大华股份,16.2,2026-09-08,2016-05-24,2026-09-08,,False,False,False,ok,15,0,886729.2310825088,0.0,True,0.03370009813113452,982129.6883016619,908532.6804639534
002237,1000000.0,710060.0671971154,0.0,710060.0671971154,-289939.9328028846,80586.81830289004,1522.6000000000001,229,78,59,229,1,0.31260658300913174,False,恒邦股份,14.7,2026-09-08,2016-05-25,2026-09-08,,False,False,False,ok,8,0,710060.0671971154,0.0,True,0.04350998836472116,884224.7876303333,806138.7206694842
002238,1000000.0,787381.745902871,0.0,787381.745902871,-212618.254097129,54162.799597135025,9620.0,188,93,36,188,4,0.21843008522930984,False,天威视讯,6.83,2026-09-08,2016-05-12,2026-09-08,,False,False,False,ok,11,0,787381.745902871,0.0,True,0.03022814356125787,884081.4501955125,865566.9674997586
002239,1000000.0,829300.1936151634,0.0,829300.1936151634,-170699.80638483656,65177.380384839926,0.0,195,103,46,195,13,0.18956459364428846,False,奥特佳,2.58,2026-09-08,2015-01-05,2026-09-08,,False,False,False,ok,7,0,829300.1936151634,0.0,True,0.04534979887361833,882163.1044637122,851876.2158343871
002240,1000000.0,1048299.681155924,0.0,1048299.681155924,48299.68115592399,67461.33134407998,0.0,225,60,34,225,2,0.12067598796179227,False,盛新锂能,28.98,2026-09-08,2016-05-18,2026-09-08,,False,False,False,ok,3,0,1048299.681155924,0.0,True,0.029536438100652936,1044844.9046876926,1028495.9399425332
002241,1000000.0,926230.3164479334,0.0,926230.3164479334,-73769.68355206656,69052.86705207001,5750.0,221,70,41,221,3,0.21405192263999528,False,歌尔股份,23.68,2026-09-08,2016-05-26,2026-09-08,,False,False,False,ok,15,0,926230.3164479334,0.0,True,0.03456646122691758,998856.4714649916,854940.6119967471
002242,1000000.0,788975.584686891,0.0,788975.584686891,-211024.41531310906,79386.53181311498,6600.0,200,59,23,200,1,0.24038393733978783,False,九阳股份,8.71,2026-09-08,2016-05-26,2026-09-08,,False,False,False,ok,14,0,788975.584686891,0.0,True,0.03804397309507337,884697.1105234637,853578.265309435
002243,1000000.0,813071.2648442641,0.0,813071.2648442641,-186928.73515573586,50431.10915573999,0.0,158,73,54,158,4,0.23433974918839495,False,力合科创,7.58,2026-09-08,2016-05-11,2026-09-08,,False,False,False,ok,10,0,813071.2648442641,0.0,True,0.024488534321788696,917652.1656082626,896123.0152658835
002244,1000000.0,800728.2845746716,0.0,800728.2845746716,-199271.71542532835,84508.72992533493,6078.8,234,94,38,234,2,0.19927171542532834,False,滨江集团,8.6,2026-09-08,2016-05-26,2026-09-08,,False,False,False,ok,12,0,800728.2845746716,0.0,True,0.04346806233896717,845763.8978873242,832731.6164279003
002245,1000000.0,942441.6365353928,0.0,942441.6365353928,-57558.36346460716,55682.684464610014,0.0,180,41,24,180,1,0.10616474154007596,False,蔚蓝锂芯,18.11,2026-09-08,2016-05-16,2026-09-08,,False,False,False,ok,12,0,942441.6365353928,0.0,True,0.02131296762798345,991437.5101176018,963773.2640942275
002246,1000000.0,930992.3216796484,0.0,930992.3216796484,-69007.67832035164,65622.42582035498,192.5,220,87,52,220,1,0.16759298881124132,False,北化股份,22.74,2026-09-08,2015-09-02,2026-09-08,,False,False,False,ok,14,0,930992.3216796484,0.0,True,0.03448410303042229,875667.0155683614,875882.7468964523
002247,1000000.0,944415.0577280851,0.0,944415.0577280851,-55584.942271914915,69962.28827192006,0.0,192,60,39,192,1,0.10851572250833606,False,聚力文化,2.53,2026-09-08,2016-05-24,2026-09-08,,False,False,False,ok,4,0,944415.0577280851,0.0,True,0.02896643894721313,976155.1538762436,927877.9981324195
002248,1000000.0,858152.0363420043,0.0,858152.0363420043,-141847.9636579957,73250.25215799993,0.0,224,111,51,224,10,0.22379005709831637,False,华东数控,9.92,2026-09-08,2016-01-06,2026-09-08,,False,False,False,ok,0,0,858152.0363420043,0.0,True,0.03752129985653444,866935.4424963129,929445.551134689
002249,1000000.0,881954.857779108,0.0,881954.857779108,-118045.14222089201,53813.497220895006,6036.8,145,37,18,145,0,0.15061348646425826,False,大洋电机,6.72,2026-09-08,2016-04-07,2026-09-08,,False,False,False,ok,16,0,881954.857779108,0.0,True,0.02102135269296378,1023220.8538577317,980798.3493547124
002250,1000000.0,755689.0551784085,0.0,755689.0551784085,-244310.9448215915,63884.21032159506,184.0,176,72,46,176,1,0.27237626521733693,False,联化科技,14.74,2026-09-08,2016-05-26,2026-09-08,,False,False,False,ok,12,0,755689.0551784085,0.0,True,0.03701809747874963,839463.3893474822,734520.479928793
002251,1000000.0,702368.3935017503,0.0,702368.3935017503,-297631.6064982497,76164.31299825512,5820.0,236,93,53,236,5,0.3431950883508122,False,步步高,4.06,2026-09-08,2016-04-14,2026-09-08,,False,False,False,ok,8,0,702368.3935017503,0.0,True,0.040822099251817304,841530.0864251236,670321.682805829
002252,1000000.0,524212.16262675426,0.0,524212.16262675426,-475787.83737324574,105712.03107325405,1989.09,203,69,49,203,15,0.4877032104022334,False,上海莱士,5.06,2026-09-08,2015-02-09,2026-09-08,,False,False,False,ok,15,0,524212.16262675426,0.0,True,0.11378716464073824,644996.1662726601,603433.5218085321
002253,1000000.0,831988.1473020337,0.0,831988.1473020337,-168011.85269796627,54440.73519796999,0.0,186,69,32,186,4,0.2124763511543769,False,川大智胜,10.37,2026-09-08,2016-05-24,2026-09-08,,False,False,False,ok,6,0,831988.1473020337,0.0,True,0.027422157402820987,945994.1103807519,944536.4311872923
002254,1000000.0,821052.9419496685,0.0,821052.9419496685,-178947.05805033154,105973.10005034009,9210.0,207,84,43,207,2,0.2146800634361616,False,泰和新材,12.62,2026-09-08,2016-04-11,2026-09-08,,False,False,False,ok,10,0,821052.9419496685,0.0,True,0.05761135688350064,1021473.2586871858,888984.7200275871
002255,1000000.0,781702.2277573894,0.0,781702.2277573894,-218297.77224261058,61648.701742615005,0.0,190,59,28,190,9,0.2653076046828869,False,海陆重工,7.88,2026-09-08,2015-11-18,2026-09-08,,False,False,False,ok,4,0,781702.2277573894,0.0,True,0.030013321700051283,785715.4709434825,805431.3640456237
002256,1000000.0,875774.2023401778,0.0,875774.2023401778,-124225.79765982216,65608.90815982505,7807.5,246,112,64,246,18,0.3046897395482918,False,兆新股份,3.39,2026-09-08,2015-06-12,2026-09-08,,False,False,False,ok,4,0,875774.2023401778,0.0,True,0.04835934745659693,789075.7756225219,832485.6054482274
002258,1000000.0,1000000.0,0.0,1000000.0,0.0,0.0,0.0,0,0,0,0,0,0.0,False,利尔化学,15.55,2026-09-08,2016-05-26,2026-09-08,,False,False,True,ok,9,0,1000000.0,0.0,True,0.0,1000000.0,1000000.0
002259,1000000.0,774862.2194849869,0.0,774862.2194849869,-225137.78051501315,109445.37601502016,498.4000000000001,258,135,59,258,6,0.2720854187142731,False,升达林业,4.41,2026-09-08,2015-06-24,2026-09-08,,False,False,False,ok,1,0,774862.2194849869,0.0,True,0.06109235241318165,1050725.9059097639,816254.4242604552
002260,1000000.0,1000000.0,0.0,1000000.0,0.0,0.0,0.0,0,0,0,0,0,0.0,False,德奥退,0.53,2026-09-08,2015-01-05,2022-06-16,,False,True,False,ok,0,1,1000000.0,0.0,True,0.0,1000000.0,1000000.0
002261,1000000.0,753928.6865872204,0.0,753928.6865872204,-246071.3134127796,60659.346412785024,0.0,249,97,38,249,4,0.27999255222556374,False,拓维信息,25.79,2026-09-08,2016-05-26,2026-09-08,,False,False,False,ok,5,0,753928.6865872204,0.0,True,0.031474188255316164,833858.5490962031,793875.4150183888
002262,1000000.0,989746.1144332906,0.0,989746.1144332906,-10253.885566709447,94184.59856671497,4560.0,232,73,49,232,0,0.12720283873260543,False,恩华药业,22.22,2026-09-08,2016-05-26,2026-09-08,,False,False,False,ok,12,0,989746.1144332906,0.0,True,0.045783566855456585,932629.1807526636,982676.401573404
002263,1000000.0,957119.4343971699,0.0,957119.4343971699,-42880.565602830146,66754.690602835,0.0,157,87,43,157,7,0.14369551255365473,False,大东南,3.21,2026-09-08,2015-01-05,2026-09-08,,False,False,False,ok,2,0,957119.4343971699,0.0,True,0.0343051262246456,1030906.749348323,973649.1985178089
002264,1000000.0,656607.4744494738,0.0,656607.4744494738,-343392.5255505262,59527.10805053002,0.0,215,110,46,215,5,0.3486330989474804,False,新 华 都,7.71,2026-09-08,2015-12-10,2026-09-08,,False,False,False,ok,2,0,656607.4744494738,0.0,True,0.035105295716407504,776572.7499276418,707196.5699549685
002265,1000000.0,797301.5902633241,0.0,797301.5902633241,-202698.4097366759,58206.34923668003,1026.0,215,94,48,215,6,0.25129625108002046,False,建设工业,21.09,2026-09-08,2016-05-03,2026-09-08,,False,False,False,ok,2,0,797301.5902633241,0.0,True,0.03215825874771728,836369.8542651108,816110.5183451327
002266,1000000.0,890371.8428323906,0.0,890371.8428323906,-109628.15716760943,82271.96766761495,3993.0,166,56,38,166,0,0.13714695757197776,False,浙富控股,4.82,2026-09-08,2015-12-29,2026-09-08,,False,False,False,ok,12,0,890371.8428323906,0.0,True,0.03890297905834432,917524.2543739827,899124.8971446189
002267,1000000.0,962658.1892757285,0.0,962658.1892757285,-37341.81072427146,106213.66922427999,38950.0,179,55,36,179,0,0.09372492399580634,False,陕天然气,7.53,2026-09-08,2016-05-23,2026-09-08,,False,False,False,ok,14,0,962658.1892757285,0.0,True,0.05218825505538126,1018577.0172195041,991986.7801943102
002268,1000000.0,808046.7871497945,0.0,808046.7871497945,-191953.21285020548,60785.25335021005,370.0,197,63,33,197,3,0.2458250795998559,False,电科网安,14.14,2026-09-08,2016-05-26,2026-09-08,,False,False,False,ok,12,0,808046.7871497945,0.0,True,0.03006910894203619,970627.7981902035,889639.0780172993
002269,1000000.0,863680.627679116,0.0,863680.627679116,-136319.37232088402,60748.27482089004,0.0,224,103,64,224,5,0.274089542230805,False,美邦服饰,1.53,2026-09-08,2016-05-26,2026-09-08,,False,False,False,ok,1,0,863680.627679116,0.0,True,0.034542791991615675,821007.5378317727,746471.5077807441
002270,1000000.0,971777.264059089,0.0,971777.264059089,-28222.735940910992,69575.43344091502,11899.8,193,71,39,193,1,0.10603588210868847,False,华明装备,19.81,2026-09-08,2016-02-04,2026-09-08,,False,False,False,ok,19,0,971777.264059089,0.0,True,0.03318457332883758,1054897.731515152,963302.4160140032
002271,1000000.0,744930.2161485744,0.0,744930.2161485744,-255069.78385142563,69722.41885142997,2910.0,215,60,35,215,2,0.2602263544344499,False,东方雨虹,10.98,2026-09-08,2016-05-26,2026-09-08,,False,False,False,ok,14,0,744930.2161485744,0.0,True,0.03568020502747033,885532.079539942,779589.2474093583
002272,1000000.0,829790.4787274649,0.0,829790.4787274649,-170209.5212725351,54221.180272540005,0.0,195,96,34,195,9,0.22543399292032246,False,川润股份,16.58,2026-09-08,2016-03-01,2026-09-08,,False,False,False,ok,2,0,829790.4787274649,0.0,True,0.026325297202388548,935069.5133414228,913780.4725282736
002273,1000000.0,883392.2036739283,0.0,883392.2036739283,-116607.79632607172,46364.78832607502,7790.0,165,39,19,165,4,0.19209049816762236,False,水晶光电,25.22,2026-09-08,2016-05-26,2026-09-08,,False,False,False,ok,15,0,883392.2036739283,0.0,True,0.02071254592605774,903168.513517372,840857.5620304525
002274,1000000.0,691736.6321178694,0.0,691736.6321178694,-308263.36788213055,68582.87038213508,10770.0,190,72,30,190,6,0.3199606492066184,False,华昌化工,6.69,2026-09-08,2016-04-22,2026-09-08,,False,False,False,ok,11,0,691736.6321178694,0.0,True,0.03604663772296487,839526.5199147318,784793.6207907527
002275,1000000.0,906450.0643718466,0.0,906450.0643718466,-93549.93562815338,89511.37762815996,16280.0,173,45,37,173,1,0.1477364508585235,False,桂林三金,12.45,2026-09-08,2016-05-26,2026-09-08,,False,False,False,ok,17,0,906450.0643718466,0.0,True,0.04507883458054508,962761.5220267745,942066.4977373906
002276,1000000.0,911700.3231584596,0.0,911700.3231584596,-88299.67684154038,55248.59034154501,1902.1,148,52,33,148,2,0.1332306971573345,False,万马股份,10.26,2026-09-08,2016-05-26,2026-09-08,,False,False,False,ok,11,0,911700.3231584596,0.0,True,0.02365158227424743,1035762.7440863326,990064.0633769736
002277,1000000.0,876214.1104958634,0.0,876214.1104958634,-123785.88950413663,57401.252004139955,4022.0,176,61,32,176,3,0.19599533528702695,False,友阿股份,6.15,2026-09-08,2016-05-10,2026-09-08,,False,False,False,ok,10,0,876214.1104958634,0.0,True,0.02661733343621527,864219.035060972,853058.3691161027
002278,1000000.0,757361.203006622,0.0,757361.203006622,-242638.79699337797,52378.96849338006,1026.0,187,97,43,187,3,0.2843068228939937,False,神开股份,8.52,2026-09-08,2015-11-11,2026-09-08,,False,False,False,ok,8,0,757361.203006622,0.0,True,0.03172789882426909,770207.4209335612,770103.7614467269
002279,1000000.0,939075.3908174388,0.0,939075.3908174388,-60924.609182561166,52398.641182565036,0.0,160,55,35,160,1,0.10628487854341061,False,久其软件,7.1,2026-09-08,2016-05-19,2026-09-08,,False,False,False,ok,4,0,939075.3908174388,0.0,True,0.022427164434660057,1028313.7264749724,999783.6735665535
002280,1000000.0,1000000.0,0.0,1000000.0,0.0,0.0,0.0,0,0,0,0,0,0.0,False,ST联络,0.37,2026-09-08,2015-01-05,2024-06-26,,False,True,False,ok,0,2,1000000.0,0.0,True,0.0,1000000.0,1000000.0
002281,1000000.0,926430.9886342079,0.0,926430.9886342079,-73569.01136579213,58555.84386579501,1359.9999999999998,194,75,40,194,2,0.1889117839224941,False,光迅科技,179.92,2026-09-08,2016-05-26,2026-09-08,,False,False,False,ok,11,0,926430.9886342079,0.0,True,0.029832323585686667,979807.4192932524,947022.820971528
002282,1000000.0,736231.8993715746,0.0,736231.8993715746,-263768.10062842537,61420.73762843002,2440.0,184,81,38,184,2,0.2637681006284254,False,博深股份,6.23,2026-09-08,2015-10-09,2026-09-08,,False,False,False,ok,12,0,736231.8993715746,0.0,True,0.03514440760503947,799523.0069431132,788784.4933439095
002283,1000000.0,895448.2299694146,0.0,895448.2299694146,-104551.77003058535,58405.04653058998,2750.0000000000005,159,50,30,159,0,0.15825727901016629,False,天润工业,7.95,2026-09-08,2015-11-10,2026-09-08,,False,False,False,ok,14,0,895448.2299694146,0.0,True,0.02623955715879006,915347.012002462,880467.2147598531
002284,1000000.0,843750.7495929783,0.0,843750.7495929783,-156249.25040702173,57819.62290702506,2945.0,182,67,26,182,0,0.20292079287900622,False,亚太股份,10.33,2026-09-08,2016-05-26,2026-09-08,,False,False,False,ok,8,0,843750.7495929783,0.0,True,0.028062515336321293,921765.001090042,966178.1055405923
002285,1000000.0,871187.944557693,0.0,871187.944557693,-128812.05544230703,67048.51544231008,1984.0,212,98,53,212,5,0.23906895173584228,False,世联行,2.6,2026-09-08,2016-04-27,2026-09-08,,False,False,False,ok,7,0,871187.944557693,0.0,True,0.0334158015861669,930985.3677167624,897536.9231380979
002286,1000000.0,869628.1327385337,0.0,869628.1327385337,-130371.86726146634,69778.68426147001,3033.0,193,110,56,193,4,0.14320783269638385,False,保龄宝,9.25,2026-09-08,2016-05-05,2026-09-08,,False,False,False,ok,13,0,869628.1327385337,0.0,True,0.035927689857298564,977085.235513282,924841.720332873
002287,1000000.0,862363.9073152912,0.0,862363.9073152912,-137636.09268470877,77958.44118471493,7022.0,186,55,46,186,0,0.15423002665536029,False,奇正藏药,20.21,2026-09-08,2016-05-26,2026-09-08,,False,False,False,ok,13,0,862363.9073152912,0.0,True,0.04323071039870478,1001663.0817702742,961312.2876692294
002288,1000000.0,1000000.0,0.0,1000000.0,0.0,0.0,0.0,0,0,0,0,0,0.0,False,*ST超华,0.37,2026-09-08,2015-01-05,2024-06-26,,False,True,False,ok,0,1,1000000.0,0.0,True,0.0,1000000.0,1000000.0
002289,1000000.0,739250.3263455393,0.0,739250.3263455393,-260749.6736544607,62537.66965446501,0.0,236,124,62,236,30,0.2858160061048707,False,宇顺电子,35.95,2026-09-08,2015-01-05,2026-09-08,,False,False,False,ok,1,0,739250.3263455393,0.0,True,0.0406678633043281,826220.6666034032,809587.2795446588
002290,1000000.0,894999.9756947043,0.0,894999.9756947043,-105000.02430529566,63229.170805299975,0.0,212,71,42,212,14,0.2561620232223488,False,禾盛新材,67.62,2026-09-08,2016-05-09,2026-09-08,,False,False,False,ok,4,0,894999.9756947043,0.0,True,0.03499556521326011,812238.3671368618,832808.0967129779
002291,1000000.0,855201.2671997848,0.0,855201.2671997848,-144798.73280021525,54642.8383002201,0.0,222,111,69,222,5,0.23581461239587853,False,遥望科技,5.88,2026-09-08,2015-12-01,2026-09-08,,False,False,False,ok,1,0,855201.2671997848,0.0,True,0.039829609433196224,886730.3244530421,831331.2264562638
002292,1000000.0,947086.9052574306,0.0,947086.9052574306,-52913.094742569374,54967.977242574954,0.0,191,66,35,191,4,0.10345013481581433,False,奥飞娱乐,8.79,2026-09-08,2016-05-26,2026-09-08,,False,False,False,ok,3,0,947086.9052574306,0.0,True,0.024177223163616285,947405.3453535527,975927.1628949998
002293,1000000.0,998681.5001220873,0.0,998681.5001220873,-1318.4998779126909,106526.5048779201,6160.0,212,70,40,212,0,0.11474601947535304,False,罗莱生活,11.22,2026-09-08,2016-05-26,2026-09-08,,False,False,False,ok,16,0,998681.5001220873,0.0,True,0.04960922314389384,996487.1170113035,969431.7521838155
002294,1000000.0,959873.8446600281,0.0,959873.8446600281,-40126.15533997188,86932.07983997997,12065.0,227,81,31,227,1,0.1777909020263616,False,信立泰,31.08,2026-09-08,2016-05-26,2026-09-08,,False,False,False,ok,11,0,959873.8446600281,0.0,True,0.04628315907397027,898839.5808521844,878361.5134114359
002295,1000000.0,883324.6289014452,0.0,883324.6289014452,-116675.37109855481,59243.1880985601,0.0,149,51,22,149,1,0.17470031685820614,False,精艺股份,10.53,2026-09-08,2016-05-12,2026-09-08,,False,False,False,ok,7,0,883324.6289014452,0.0,True,0.025139948289278517,931396.3621456033,897255.1284976741
002296,1000000.0,1011813.2457958134,0.0,1011813.2457958134,11813.24579581339,57680.74770419004,0.0,149,37,18,149,0,0.13469472356716433,False,辉煌科技,9.19,2026-09-08,2016-05-26,2026-09-08,,False,False,False,ok,7,0,1011813.2457958134,0.0,True,0.02192021834238226,1025289.8661898018,951293.925792458
002297,1000000.0,809358.9949779044,0.0,809358.9949779044,-190641.00502209563,42942.573022100056,0.0,156,38,25,156,6,0.2385744978757467,False,博云新材,22.32,2026-09-08,2015-06-26,2026-09-08,,False,False,False,ok,0,0,809358.9949779044,0.0,True,0.019898116743075598,882709.2260513325,829982.6349410233
002298,1000000.0,992646.72355691,0.0,992646.72355691,-7353.276443090057,54110.000943095016,0.0,159,35,31,159,6,0.10879784616057395,False,中电鑫龙,8.43,2026-09-08,2016-05-26,2026-09-08,,False,False,False,ok,6,0,992646.72355691,0.0,True,0.022628999050624966,1026916.318959892,1019523.0591755535
002299,1000000.0,790954.0662876616,0.0,790954.0662876616,-209045.93371233845,81370.27221234498,13300.0,225,81,28,225,0,0.23784776612212177,False,圣农发展,17.12,2026-09-08,2016-03-07,2026-09-08,,False,False,False,ok,11,0,790954.0662876616,0.0,True,0.0416986774424339,834322.6871928535,835663.7541932248
002300,1000000.0,738027.7523620198,0.0,738027.7523620198,-261972.24763798015,74148.413637985,7905.0,236,87,46,236,1,0.3333010451279687,False,太阳电缆,8.08,2026-09-08,2016-05-24,2026-09-08,,False,False,False,ok,12,0,738027.7523620198,0.0,True,0.03720340249429905,856558.1233571832,717810.8282407592
002301,1000000.0,721846.5208182449,0.0,721846.5208182449,-278153.4791817551,71798.73968176002,0.0,177,89,47,177,2,0.3126440249643406,False,齐心集团,7.95,2026-09-08,2015-06-23,2026-09-08,,False,False,False,ok,10,0,721846.5208182449,0.0,True,0.04639887035481095,794363.7412204342,713154.0543226599
002302,1000000.0,955612.7587248208,0.0,955612.7587248208,-44387.2412751792,77857.64177518505,0.0,192,69,44,192,3,0.1583142829634988,False,西部建设,4.87,2026-09-08,2016-05-26,2026-09-08,,False,False,False,ok,11,0,955612.7587248208,0.0,True,0.03473244532260199,985960.3840266925,983731.5027424789
002303,1000000.0,844449.8599479779,0.0,844449.8599479779,-155550.14005202206,49568.12805202505,15599.0,129,42,23,129,1,0.18020762230848364,False,美盈森,5.57,2026-09-08,2016-05-24,2026-09-08,,False,False,False,ok,15,0,844449.8599479779,0.0,True,0.023087028713082696,865667.4701106413,866515.375559442
002304,1000000.0,795965.767935713,0.0,795965.767935713,-204034.23206428695,102790.94706429499,16914.100000000002,243,28,16,243,2,0.23511213071257384,False,洋河股份,39.68,2026-09-08,2016-05-26,2026-09-08,,False,False,False,ok,13,0,795965.767935713,0.0,True,0.05437665623667429,939079.5025326036,957132.7560781001
002305,1000000.0,868051.883527459,0.0,868051.883527459,-131948.116472541,70438.90897254502,1545.0,219,134,76,219,5,0.21275185686747522,False,*ST南置,2.12,2026-09-08,2016-05-11,2026-09-08,,False,False,False,ok,4,0,868051.883527459,0.0,True,0.03901706829635886,943762.532908521,956374.0314092976
002306,1000000.0,878066.9485764308,0.0,878066.9485764308,-121933.05142356921,91282.88492357523,0.0,252,125,76,252,10,0.1687358949834228,False,ST云网,2.37,2026-09-08,2015-04-08,2026-09-08,,False,False,False,ok,0,0,878066.9485764308,0.0,True,0.04735475561087029,979153.5117576028,1037148.7027699441
002307,1000000.0,835519.1255405303,0.0,835519.1255405303,-164480.8744594697,73393.41545947496,0.0,229,111,53,229,2,0.2562410972405046,False,北新路桥,3.19,2026-09-08,2016-05-11,2026-09-08,,False,False,False,ok,3,0,835519.1255405303,0.0,True,0.039246959574010046,848274.2333886819,823659.6502082184
002308,1000000.0,833481.8271445886,0.0,833481.8271445886,-166518.17285541142,60313.686855415035,0.0,156,65,40,156,10,0.22240529092305025,False,*ST威创,0.37,2026-09-08,2015-02-04,2024-08-22,,False,True,False,ok,0,0,833481.8271445886,0.0,True,0.033815219764154913,815840.3935086735,877044.4104361635
002309,1000000.0,745113.4534395452,0.0,745113.4534395452,-254886.54656045476,85250.42256045998,3320.0,247,126,92,247,9,0.3347602977075031,False,中利集团,3.07,2026-09-08,2015-08-11,2026-09-08,,False,False,False,ok,4,0,745113.4534395452,0.0,True,0.0778400219594272,775856.5876206039,678575.8734509847
002310,1000000.0,986795.017369515,0.0,986795.017369515,-13204.98263048497,81977.72863048989,0.0,222,118,53,222,7,0.2784460328207635,False,东方新能,2.35,2026-09-08,2016-01-26,2026-09-08,,False,False,False,ok,5,0,986795.017369515,0.0,True,0.04180306398287992,802857.3868281239,844923.75253105
002311,1000000.0,1045656.9838638506,0.0,1045656.9838638506,45656.98386385059,130887.47013616009,12130.0,251,83,46,251,0,0.14069537690599174,False,海大集团,44.43,2026-09-08,2016-05-26,2026-09-08,,False,False,False,ok,14,0,1045656.9838638506,0.0,True,0.05957225588658074,1164071.323401796,1098067.7449090937
002312,1000000.0,915388.8471841614,0.0,915388.8471841614,-84611.15281583858,82992.12181584499,13980.100000000002,231,114,66,231,2,0.1449326545180673,False,川发龙蟒,9.34,2026-09-08,2015-03-19,2026-09-08,,False,False,False,ok,6,0,915388.8471841614,0.0,True,0.04716463693976791,1005545.5494504526,948574.1691134545
002313,1000000.0,919551.9974567345,0.0,919551.9974567345,-80448.00254326547,73551.77354327003,483.0,215,74,41,215,5,0.13907839623141052,False,日海智能,8.73,2026-09-08,2016-04-25,2026-09-08,,False,False,False,ok,3,0,919551.9974567345,0.0,True,0.03227483408151858,929804.9640731914,1009899.3845412781
002314,1000000.0,855468.3298087486,0.0,855468.3298087486,-144531.67019125144,63743.80769125499,16201.199999999999,188,105,52,188,1,0.21230527785213005,False,南山控股,2.32,2026-09-08,2015-12-09,2026-09-08,,False,False,False,ok,5,0,855468.3298087486,0.0,True,0.035508428361493316,869847.0009524425,838612.7885348483
002315,1000000.0,775802.042355394,0.0,775802.042355394,-224197.957644606,60945.68464461002,4425.0,222,75,30,222,4,0.26347343886269214,False,焦点科技,25.98,2026-09-08,2016-05-26,2026-09-08,,False,False,False,ok,15,0,775802.042355394,0.0,True,0.02837036846106099,977565.3007143824,924809.0520288127
002316,1000000.0,898315.1507503353,0.0,898315.1507503353,-101684.8492496647,62009.47274966996,226.5,229,115,41,229,8,0.1498477462656595,False,亚联发展,4.68,2026-09-08,2015-01-06,2026-09-08,,False,False,False,ok,3,0,898315.1507503353,0.0,True,0.031739201029415645,880004.8662976922,943897.630431334
002317,1000000.0,911378.4587220066,0.0,911378.4587220066,-88621.54127799335,82231.23977799996,1180.0,258,100,78,258,4,0.201439547890279,False,众生药业,25.91,2026-09-08,2016-05-26,2026-09-08,,False,False,False,ok,13,0,911378.4587220066,0.0,True,0.044531222084912905,877308.568528254,867405.5723428051
002318,1000000.0,1129749.8820950752,0.0,1129749.8820950752,129749.88209507521,90461.05890493495,28087.0,209,55,31,209,2,0.06238928551317186,False,久立特材,19.14,2026-09-08,2016-05-13,2026-09-08,,False,False,False,ok,13,0,1129749.8820950752,0.0,True,0.04035713489242703,1024522.6093951339,1002315.0556037499
002319,1000000.0,711419.7671369266,0.0,711419.7671369266,-288580.23286307335,91174.61186307993,609.12,252,142,93,252,3,0.31028340389780074,False,乐通股份,10.73,2026-09-08,2015-12-11,2026-09-08,,False,False,False,ok,3,0,711419.7671369266,0.0,True,0.06610621385496739,811703.2268877445,826902.955162631
002320,1000000.0,962671.2836950606,0.0,962671.2836950606,-37328.71630493936,94474.53160494601,8800.0,228,108,66,228,3,0.14572066555102187,False,海峡股份,7.22,2026-09-08,2016-04-27,2026-09-08,,False,False,False,ok,12,0,962671.2836950606,0.0,True,0.04493085869457811,1020755.4304475966,975895.8165177585
002321,1000000.0,597346.6538775503,0.0,597346.6538775503,-402653.34612244973,65202.54062245498,0.0,207,81,39,207,12,0.4139673142134657,False,华英农业,2.25,2026-09-08,2016-03-25,2026-09-08,,False,False,False,ok,1,0,597346.6538775503,0.0,True,0.040304184679708706,684275.8589132633,633619.1224692494
002322,1000000.0,734585.8945434972,0.0,734585.8945434972,-265414.10545650276,71246.26645650995,16464.0,199,56,35,199,6,0.2890659777277603,False,理工能科,12.71,2026-09-08,2016-05-26,2026-09-08,,False,False,False,ok,17,0,734585.8945434972,0.0,True,0.037304609990736155,751722.9649947641,778871.0393193658
002323,1000000.0,867722.7303893729,0.0,867722.7303893729,-132277.2696106271,41291.039110629965,0.0,120,91,73,120,18,0.28687964604813404,False,*ST雅博,1.28,2026-09-08,2015-01-21,2026-09-08,,False,False,False,ok,2,1,867722.7303893729,0.0,True,0.05634009905652183,867722.7303893729,867722.7303893729
002324,1000000.0,835684.8412531519,0.0,835684.8412531519,-164315.15874684812,89078.87374685501,775.0,208,83,46,208,2,0.1870992914563728,False,普利特,9.73,2026-09-08,2016-05-13,2026-09-08,,False,False,False,ok,13,0,835684.8412531519,0.0,True,0.0458184548559839,947520.267754186,852748.4523348318
002325,1000000.0,1000000.0,0.0,1000000.0,0.0,0.0,0.0,0,0,0,0,0,0.0,False,*ST洪涛,0.38,2026-09-08,2015-01-05,2024-06-28,,False,True,False,ok,0,1,1000000.0,0.0,True,0.0,1000000.0,1000000.0
002326,1000000.0,829682.3908257184,0.0,829682.3908257184,-170317.6091742816,58410.23217428498,0.0,204,57,26,204,2,0.17220078767128183,False,永太科技,17.68,2026-09-08,2016-05-12,2026-09-08,,False,False,False,ok,6,0,829682.3908257184,0.0,True,0.025365997998575654,941346.9851274327,893624.3221480879
002327,1000000.0,799127.9580757814,0.0,799127.9580757814,-200872.04192421865,107664.74392422498,26855.0,222,60,32,222,0,0.25238827457906465,False,富安娜,6.37,2026-09-08,2016-05-26,2026-09-08,,False,False,False,ok,12,0,799127.9580757814,0.0,True,0.05451659669281609,887577.7914850027,875198.7996568179
002328,1000000.0,979474.1487251301,0.0,979474.1487251301,-20525.85127486987,58932.61927487497,8442.599999999999,157,64,36,157,2,0.11655763988832916,False,新朋股份,9.31,2026-09-08,2016-05-26,2026-09-08,,False,False,False,ok,14,0,979474.1487251301,0.0,True,0.025753983202439046,977680.5699631124,1001628.4916572788
002329,1000000.0,772743.8596330698,0.0,772743.8596330698,-227256.14036693017,52921.127866935,2112.0,180,76,31,180,2,0.24958209794432903,False,皇氏集团,4.06,2026-09-08,2016-05-26,2026-09-08,,False,False,False,ok,5,0,772743.8596330698,0.0,True,0.027620783966058486,867141.6136610922,835623.698454864
002330,1000000.0,728091.489294625,0.0,728091.489294625,-271908.510705375,69874.34270538003,0.0,206,131,64,206,2,0.30025439670147547,False,得利斯,4.38,2026-09-08,2016-05-23,2026-09-08,,False,False,False,ok,5,0,728091.489294625,0.0,True,0.04361001718694777,852836.8950822331,714700.9997039295
002331,1000000.0,875092.4661828564,0.0,875092.4661828564,-124907.53381714365,64124.84481714994,633.0,208,110,66,208,2,0.1740533930494686,False,皖通科技,7.21,2026-09-08,2015-09-18,2026-09-08,,False,False,False,ok,6,0,875092.4661828564,0.0,True,0.05154023726699189,907253.8219057746,895511.7900877756
002332,1000000.0,845101.882357276,0.0,845101.882357276,-154898.11764272396,84371.82014273001,0.0,206,61,31,206,0,0.19949374398170566,False,仙琚制药,8.85,2026-09-08,2016-05-25,2026-09-08,,False,False,False,ok,13,0,845101.882357276,0.0,True,0.0368241925934137,1036427.5227156531,1011209.7236026741
002333,1000000.0,751437.5952963348,0.0,751437.5952963348,-248562.40470366518,87275.93020366995,6260.0,251,129,68,251,15,0.3885347743915039,False,罗普斯金,5.6,2026-09-08,2016-05-06,2026-09-08,,False,False,False,ok,7,0,751437.5952963348,0.0,True,0.05719641236763528,755845.0673765932,651461.858352514
002334,1000000.0,872096.3137332225,0.0,872096.3137332225,-127903.68626677745,48581.25926677996,0.0,150,59,25,150,0,0.170283428489751,False,英威腾,6.72,2026-09-08,2016-05-26,2026-09-08,,False,False,False,ok,9,0,872096.3137332225,0.0,True,0.02131917304720539,936024.5729579111,901708.9069697915
002335,1000000.0,804892.8994583224,0.0,804892.8994583224,-195107.10054167756,57554.17154167998,0.0,204,41,21,204,4,0.22870665646696162,False,科华数据,30.18,2026-09-08,2016-02-23,2026-09-08,,False,False,False,ok,13,0,804892.8994583224,0.0,True,0.024538957264954257,973381.4342750707,839554.1474965065
002336,1000000.0,885094.9731614068,0.0,885094.9731614068,-114905.02683859318,103810.08533859992,0.0,257,143,94,257,21,0.27019468884222164,False,人乐退,0.36,2026-09-08,2015-01-05,2025-07-03,,False,True,False,ok,0,1,885094.9731614068,0.0,True,0.05574805187420107,1018855.1611169548,1153093.9919950815
002337,1000000.0,811038.9705761345,0.0,811038.9705761345,-188961.0294238655,56064.30092387,0.0,168,95,33,168,5,0.20184925560127448,False,赛象科技,4.82,2026-09-08,2016-05-26,2026-09-08,,False,False,False,ok,6,0,811038.9705761345,0.0,True,0.03143444055259212,885776.0993488524,851221.7450283787
002338,1000000.0,797477.3222681051,0.0,797477.3222681051,-202522.6777318949,61324.771731900015,1095.0,222,68,23,222,7,0.24853656859045525,False,奥普光电,40.8,2026-09-08,2016-03-14,2026-09-08,,False,False,False,ok,13,0,797477.3222681051,0.0,True,0.028549546708880977,929212.2236203827,880511.0405241487
002339,1000000.0,824241.4745487582,0.0,824241.4745487582,-175758.52545124176,49288.57845124501,570.0,162,49,30,162,3,0.2022142779859241,False,积成电子,7.53,2026-09-08,2016-04-01,2026-09-08,,False,False,False,ok,10,0,824241.4745487582,0.0,True,0.029180469739553648,854732.6975762921,837312.1022409878
002340,1000000.0,912047.3561513294,0.0,912047.3561513294,-87952.64384867065,56275.61184867505,1572.9,154,35,14,154,3,0.11817505418007869,False,格林美,6.42,2026-09-08,2016-05-19,2026-09-08,,False,False,False,ok,13,0,912047.3561513294,0.0,True,0.022143480371297795,949281.7253200621,904170.8997824183
002341,1000000.0,986156.8143902229,0.0,986156.8143902229,-13843.185609777109,25714.476609780017,0.0,51,25,17,51,0,0.09199934100052795,False,ST新纶,0.61,2026-09-08,2015-01-05,2024-07-02,,False,True,False,ok,0,1,986156.8143902229,0.0,True,0.014510885290139814,986156.8143902229,986156.8143902229
002342,1000000.0,801506.4032120953,0.0,801506.4032120953,-198493.59678790474,56017.941287909984,40.0,178,103,42,178,5,0.23200242242209976,False,巨力索具,8.03,2026-09-08,2016-05-12,2026-09-08,,False,False,False,ok,9,0,801506.4032120953,0.0,True,0.03118901760353749,885888.734518263,834943.4036734649
002343,1000000.0,731224.7393454295,0.0,731224.7393454295,-268775.26065457053,52294.936654574994,771.9,196,73,42,196,2,0.2917038832399575,False,慈文传媒,6.19,2026-09-08,2016-05-19,2026-09-08,,False,False,False,ok,2,0,731224.7393454295,0.0,True,0.029299532292651725,806783.0544929934,760773.166477994
002344,1000000.0,1001804.4987674045,0.0,1001804.4987674045,1804.4987674044678,59292.15723260003,1605.0,118,41,33,118,0,0.08149637978727454,False,海宁皮城,4.17,2026-09-08,2016-02-17,2026-09-08,,False,False,False,ok,12,0,1001804.4987674045,0.0,True,0.029699587898745723,955546.341627483,963470.7900954783
002345,1000000.0,868386.6600976004,0.0,868386.6600976004,-131613.33990239957,80685.787402405,14630.0,216,92,36,216,1,0.15581303339127586,False,潮宏基,9.58,2026-09-08,2016-01-29,2026-09-08,,False,False,False,ok,13,0,868386.6600976004,0.0,True,0.04058730123032634,958880.406378503,930474.1322640788
002346,1000000.0,884299.7971491604,0.0,884299.7971491604,-115700.20285083959,58599.36749084498,6410.41764,191,88,33,191,6,0.20119584289355896,False,柘中股份,18.5,2026-09-08,2016-05-10,2026-09-08,,False,False,False,ok,12,0,884299.7971491604,0.0,True,0.03134224515786366,856782.6036373731,846816.0948395339
002347,1000000.0,967535.7588435807,0.0,967535.7588435807,-32464.241156419273,61119.719156424966,438.0,178,81,40,178,4,0.10374650047631871,False,泰尔股份,6.32,2026-09-08,2016-01-19,2026-09-08,,False,False,False,ok,5,0,967535.7588435807,0.0,True,0.030568104737034113,989642.9671102935,1012562.5623110842
002348,1000000.0,756237.2608563399,0.0,756237.2608563399,-243762.73914366006,65664.10564366495,1200.0,240,115,61,240,4,0.2680032474815126,False,高乐股份,10.75,2026-09-08,2016-03-01,2026-09-08,,False,False,False,ok,3,0,756237.2608563399,0.0,True,0.046336046076427544,755221.300693562,757889.8730750438
002349,1000000.0,801132.1323172606,0.0,801132.1323172606,-198867.8676827394,66723.27568274493,342.0,192,89,41,192,1,0.2500420655847804,False,精华制药,8.42,2026-09-08,2015-11-13,2026-09-08,,False,False,False,ok,11,0,801132.1323172606,0.0,True,0.03641254996075418,841435.1105246635,838230.9886692591
002350,1000000.0,1000000.0,0.0,1000000.0,0.0,0.0,0.0,0,0,0,0,0,0.0,False,北京科锐,14.61,2026-09-08,2016-05-10,2026-09-08,,False,False,True,ok,10,0,1000000.0,0.0,True,0.0,1000000.0,1000000.0
002351,1000000.0,941341.3323108393,0.0,941341.3323108393,-58658.66768916068,60183.80368916501,5850.0,188,60,36,188,3,0.09788098169166204,False,漫步者,10.09,2026-09-08,2016-05-26,2026-09-08,,False,False,False,ok,13,0,941341.3323108393,0.0,True,0.027550836243593276,941970.8913920026,955985.5551746779
002352,1000000.0,958932.1595943158,0.0,958932.1595943158,-41067.8404056842,129631.02640569497,1722.0000000000002,252,56,30,252,2,0.16849686543906006,False,顺丰控股,31.84,2026-09-08,2016-03-17,2026-09-08,,False,False,False,ok,15,0,958932.1595943158,0.0,True,0.05891966930405063,1043874.9365865444,980701.3486028013
002353,1000000.0,935631.2455365708,0.0,935631.2455365708,-64368.75446342921,71012.88796343491,984.0,217,73,58,217,4,0.12331628725875038,False,杰瑞股份,125.78,2026-09-08,2016-05-26,2026-09-08,,False,False,False,ok,14,0,935631.2455365708,0.0,True,0.03553903003410431,965942.9567248328,921897.0688921246
002354,1000000.0,736842.9554967145,0.0,736842.9554967145,-263157.04450328555,60902.58650329008,0.0,239,95,36,239,14,0.2652200595104456,False,天娱数科,8.26,2026-09-08,2015-12-17,2026-09-08,,False,False,False,ok,4,0,736842.9554967145,0.0,True,0.03172556014588202,829521.2183325826,826976.4245432392
002355,1000000.0,875839.2467414876,0.0,875839.2467414876,-124160.75325851236,71352.15925852,74.4,237,78,47,237,2,0.17751342392428565,False,兴民智通,4.92,2026-09-08,2015-12-09,2026-09-08,,False,False,False,ok,5,0,875839.2467414876,0.0,True,0.03420986200084316,887318.5863995336,877192.9558715554
002356,1000000.0,958811.7667981826,0.0,958811.7667981826,-41188.23320181738,100166.15895182495,2670.0,294,189,92,294,20,0.20234771954331915,False,鹏飞绿能,2.9,2026-09-08,2015-11-16,2026-09-08,,False,False,False,ok,4,0,958811.7667981826,0.0,True,0.07852668979421264,978351.4230868544,982913.4749386014
002357,1000000.0,706825.9824112945,0.0,706825.9824112945,-293174.0175887055,62447.964088710025,3120.0,203,80,44,203,4,0.3021749359058222,False,富临运业,12.6,2026-09-08,2015-11-13,2026-09-08,,False,False,False,ok,11,0,706825.9824112945,0.0,True,0.05373555254460269,751392.3751997021,740503.9787128185
002358,1000000.0,737430.5317608649,0.0,737430.5317608649,-262569.4682391351,70974.86623913998,0.0,197,74,65,197,1,0.29191243103782716,False,森源电气,5.41,2026-09-08,2015-12-14,2026-09-08,,False,False,False,ok,8,0,737430.5317608649,0.0,True,0.0414720833025456,773790.482334323,739028.1573085287
002359,1000000.0,950141.7192188215,0.0,950141.7192188215,-49858.2807811785,22687.760281180006,0.0,38,28,24,38,0,0.09033821942090749,False,北讯退,0.35,2026-09-08,2015-07-03,2021-07-22,,False,True,False,ok,0,1,950141.7192188215,0.0,True,0.017849955147737732,950141.7192188215,950141.7192188215
002360,1000000.0,786508.251742995,0.0,786508.251742995,-213491.748257005,49840.61475701,3160.0,148,60,25,148,3,0.23912424608847807,False,ST同德,5.55,2026-09-08,2016-05-25,2026-09-08,,False,False,False,ok,8,0,786508.251742995,0.0,True,0.0258080088928896,868497.9112469135,815676.9382232787
002361,1000000.0,928109.165878153,0.0,928109.165878153,-71890.83412184694,49854.69312185,0.0,140,46,28,140,2,0.11644020251968683,False,神剑股份,10.27,2026-09-08,2016-05-26,2026-09-08,,False,False,False,ok,10,0,928109.165878153,0.0,True,0.02040956210426231,1033768.0403236328,1002309.2921049732
002362,1000000.0,833391.0900107884,0.0,833391.0900107884,-166608.9099892116,52543.153989215025,0.0,182,62,31,182,3,0.17700379608326117,False,汉王科技,16.21,2026-09-08,2016-05-26,2026-09-08,,False,False,False,ok,0,0,833391.0900107884,0.0,True,0.02591481456061483,902586.7389570909,938780.3763251326
002363,1000000.0,1000000.0,0.0,1000000.0,0.0,0.0,0.0,0,0,0,0,0,0.0,False,隆基机械,6.96,2026-09-08,2016-05-26,2026-09-08,,False,False,True,ok,14,0,1000000.0,0.0,True,0.0,1000000.0,1000000.0
002364,1000000.0,1024335.1758939427,0.0,1024335.1758939427,24335.17589394271,68291.14710606501,1940.0,202,59,40,202,6,0.09470016798284554,False,中恒电气,36.81,2026-09-08,2016-05-26,2026-09-08,,False,False,False,ok,11,0,1024335.1758939427,0.0,True,0.02871967995996235,1057470.0806726348,1036502.7860293657
002365,1000000.0,847787.3167695003,0.0,847787.3167695003,-152212.68323049974,75499.84523050494,2850.0,205,60,42,205,1,0.16406663363750432,False,永安药业,16.08,2026-09-08,2016-05-26,2026-09-08,,False,False,False,ok,11,0,847787.3167695003,0.0,True,0.03542894117876708,958996.333600093,968497.2168646036
002366,1000000.0,894839.5070445543,0.0,894839.5070445543,-105160.49295544566,64052.695455450004,2433.6,229,95,49,229,8,0.25316654833098,False,融发核电,5.94,2026-09-08,2015-11-30,2026-09-08,,False,False,False,ok,4,0,894839.5070445543,0.0,True,0.03700522741760705,799882.0520668731,851521.654623589
002367,1000000.0,684917.9269401748,0.0,684917.9269401748,-315082.0730598252,60383.88955982998,10300.0,148,57,28,148,2,0.3192514171217608,False,康力电梯,5.85,2026-09-08,2016-05-26,2026-09-08,,False,False,False,ok,15,0,684917.9269401748,0.0,True,0.03367468387802123,802027.5790052621,764587.6353165938
002368,1000000.0,833566.3508603403,0.0,833566.3508603403,-166433.6491396597,67797.70463966504,0.0,215,52,23,215,1,0.19620391662870212,False,太极股份,13.99,2026-09-08,2016-04-29,2026-09-08,,False,False,False,ok,11,0,833566.3508603403,0.0,True,0.02870358412639098,993448.5320605728,917794.1899582841
002369,1000000.0,923054.3647829405,0.0,923054.3647829405,-76945.63521705952,67788.84621706502,0.0,233,104,57,233,5,0.20030381038167633,False,卓翼科技,6.17,2026-09-08,2015-11-04,2026-09-08,,False,False,False,ok,1,0,923054.3647829405,0.0,True,0.03662943977989888,851965.3780303627,860925.9367961043
002370,1000000.0,757364.2002237318,0.0,757364.2002237318,-242635.7997762682,72941.66677627499,0.0,241,129,86,241,10,0.2721874073663582,False,亚太药业,5.75,2026-09-08,2016-05-06,2026-09-08,,False,False,False,ok,6,0,757364.2002237318,0.0,True,0.0466422182469094,876159.2585891839,840969.4463144152
002371,1000000.0,1015885.231562371,0.0,1015885.231562371,15885.231562371016,83328.9269376349,0.0,284,59,40,284,2,0.10230859336559259,False,北方华创,647.87,2026-09-08,2016-05-26,2026-09-08,,False,False,False,ok,11,0,1015885.231562371,0.0,True,0.04190390912644498,1090227.9955148227,1021294.2093818685
002372,1000000.0,860920.2938938183,0.0,860920.2938938183,-139079.70610618172,94161.64330618894,26810.0,230,94,62,230,1,0.18889615640992286,False,伟星新材,8.56,2026-09-08,2016-05-26,2026-09-08,,False,False,False,ok,14,0,860920.2938938183,0.0,True,0.05348912621030006,889976.0633812993,918759.7245782708
002373,1000000.0,887707.5011634448,0.0,887707.5011634448,-112292.49883655517,59215.88333656002,0.0,162,36,40,162,0,0.14795152359121702,False,千方科技,7.68,2026-09-08,2015-09-30,2026-09-08,,False,False,False,ok,10,0,887707.5011634448,0.0,True,0.024891178282609623,983183.8947957532,988476.3448436093
002374,1000000.0,812129.7005667894,0.0,812129.7005667894,-187870.29943321063,56199.187433214975,0.0,188,113,57,188,5,0.2433413369959753,False,中锐股份,3.18,2026-09-08,2016-05-12,2026-09-08,,False,False,False,ok,2,0,812129.7005667894,0.0,True,0.03449467215903148,822562.5820813413,784226.0975184881
002375,1000000.0,947661.133207683,0.0,947661.133207683,-52338.866792317014,52458.61629232004,0.0,134,77,35,134,0,0.1729720042872816,False,亚厦股份,3.93,2026-09-08,2016-05-26,2026-09-08,,False,False,False,ok,12,0,947661.133207683,0.0,True,0.02648791053580685,946919.8154408616,916010.9164407328
002376,1000000.0,862417.1413244104,0.0,862417.1413244104,-137582.85867558955,82880.73017559503,20405.0,180,65,36,180,0,0.1564796411583349,False,新北洋,6.65,2026-09-08,2016-05-17,2026-09-08,,False,False,False,ok,12,0,862417.1413244104,0.0,True,0.036248088223114115,933550.3030046844,889585.4076024451
002377,1000000.0,804597.7934983893,0.0,804597.7934983893,-195402.2065016107,75404.44300161496,1746.0,236,101,58,236,2,0.30124181664049665,False,国创高新,2.86,2026-09-08,2015-11-06,2026-09-08,,False,False,False,ok,2,0,804597.7934983893,0.0,True,0.03919985281548715,839986.3924378324,864632.297801858
002378,1000000.0,1020739.3266893562,0.0,1020739.3266893562,20739.32668935624,49085.14831064997,2094.0,167,63,38,167,1,0.08286503831497756,False,章源钨业,23.87,2026-09-08,2016-05-26,2026-09-08,,False,False,False,ok,9,0,1020739.3266893562,0.0,True,0.022738934946472528,983907.8361369132,978220.5023013392
002379,1000000.0,917131.6374704305,0.0,917131.6374704305,-82868.36252956954,79144.14652957501,1575.0,220,126,62,220,1,0.17647802247501,False,宏桥控股,19.01,2026-09-08,2015-01-05,2026-09-08,,False,False,False,ok,1,0,917131.6374704305,0.0,True,0.04277196610250556,929833.9159855319,953648.1725643391
002380,1000000.0,919950.9334691042,0.0,919950.9334691042,-80049.06653089577,54961.641530900015,2637.0,176,37,22,176,0,0.14510585421043573,False,科远智慧,27.91,2026-09-08,2016-05-26,2026-09-08,,False,False,False,ok,11,0,919950.9334691042,0.0,True,0.02292537509690732,885648.7893444917,1003846.8996125883
002381,1000000.0,938302.9429665576,0.0,938302.9429665576,-61697.05703344243,85126.15103344998,9920.0,166,44,33,166,1,0.13065570776634786,False,双箭股份,5.75,2026-09-08,2016-05-12,2026-09-08,,False,False,False,ok,13,0,938302.9429665576,0.0,True,0.03604652741634589,1005753.9341335745,989832.9677475011
002382,1000000.0,921368.3818989653,0.0,921368.3818989653,-78631.61810103466,83838.06260103996,25800.0,217,87,58,217,2,0.12241164462234685,False,蓝帆医疗,6.09,2026-09-08,2015-12-01,2026-09-08,,False,False,False,ok,8,0,921368.3818989653,0.0,True,0.039717367131663704,972503.2618909136,901652.0467923046
002383,1000000.0,914687.1081710495,0.0,914687.1081710495,-85312.8918289505,64757.94332895499,685.0,206,85,48,206,2,0.12577152766527,False,合众思壮,7.81,2026-09-08,2015-12-01,2026-09-08,,False,False,False,ok,2,0,914687.1081710495,0.0,True,0.032404374133517266,943768.8606389321,934662.4804683132
002384,1000000.0,1035432.2947098506,0.0,1035432.2947098506,35432.29470985057,72150.88779015496,0.0,220,54,31,220,3,0.12422105470824157,False,东山精密,186.42,2026-09-08,2016-01-27,2026-09-08,,False,False,False,ok,10,0,1035432.2947098506,0.0,True,0.02838377037188509,1077341.0997043243,980953.5034016998
002385,1000000.0,756033.0681662764,0.0,756033.0681662764,-243966.93183372356,78220.82685372999,5794.89352,224,128,46,224,3,0.29401184829134447,False,大北农,3.61,2026-09-08,2016-05-19,2026-09-08,,False,False,False,ok,12,0,756033.0681662764,0.0,True,0.0478139168858738,778645.5160398337,742743.5692743745
002386,1000000.0,867082.3895135086,0.0,867082.3895135086,-132917.61048649135,48787.90448649501,0.0,132,50,20,132,0,0.17049538011010404,False,天原股份,5.97,2026-09-08,2016-04-13,2026-09-08,,False,False,False,ok,7,0,867082.3895135086,0.0,True,0.020653602720271315,971999.258946232,918599.2895750082
002387,1000000.0,805632.7054575208,0.0,805632.7054575208,-194367.2945424792,76218.24054248497,0.0,223,95,48,223,6,0.26554829463368174,False,维信诺,7.03,2026-09-08,2016-01-11,2026-09-08,,False,False,False,ok,1,0,805632.7054575208,0.0,True,0.040038765486804656,946873.0272633538,850506.6420009698
002388,1000000.0,976750.761802999,0.0,976750.761802999,-23249.238197001047,57798.82119700501,688.0,168,60,36,168,5,0.153634881643154,False,新亚制程,6.28,2026-09-08,2016-05-03,2026-09-08,,False,False,False,ok,5,0,976750.761802999,0.0,True,0.023560753862148807,1062604.3685278315,1067791.136470207
002389,1000000.0,763084.8080612649,0.0,763084.8080612649,-236915.19193873508,65610.93393873997,576.0,205,48,24,205,2,0.2713006772075243,False,航天彩虹,19.76,2026-09-08,2015-07-30,2026-09-08,,False,False,False,ok,12,0,763084.8080612649,0.0,True,0.030697772878693515,850695.0728786231,807637.9647718444
002390,1000000.0,766574.9362853663,0.0,766574.9362853663,-233425.0637146337,75521.41421463991,5226.0,202,89,43,202,1,0.24293164548959398,False,信邦制药,3.13,2026-09-08,2016-05-05,2026-09-08,,False,False,False,ok,11,0,766574.9362853663,0.0,True,0.04081450587479684,824467.7932914242,780071.4430686506
002391,1000000.0,951717.0192350413,0.0,951717.0192350413,-48282.98076495866,76852.654764965,6630.0,148,29,16,148,0,0.1677408111059745,False,长青股份,5.58,2026-09-08,2016-05-26,2026-09-08,,False,False,False,ok,11,0,951717.0192350413,0.0,True,0.030663170178512677,899784.9028949238,865500.5394063753
002392,1000000.0,967875.3381431809,0.0,967875.3381431809,-32124.66185681906,72255.121856825,6640.5,165,51,31,165,0,0.17548061085515657,False,北京利尔,7.76,2026-09-08,2016-05-12,2026-09-08,,False,False,False,ok,9,0,967875.3381431809,0.0,True,0.02788610876015697,1150954.5651619327,1033996.4021017193
002393,1000000.0,784342.4771627435,0.0,784342.4771627435,-215657.52283725655,66367.20643726108,12000.0,154,39,14,154,0,0.22495614407639108,False,力生制药,14.3,2026-09-08,2016-05-26,2026-09-08,,False,False,False,ok,13,0,784342.4771627435,0.0,True,0.03077114635716989,848791.7079377922,866235.7121841927
002394,1000000.0,893804.4462933893,0.0,893804.4462933893,-106195.55370661069,66625.49320661505,24660.0,122,28,34,122,0,0.1379502178537763,False,联发股份,10.8,2026-09-08,2016-05-26,2026-09-08,,False,False,False,ok,16,0,893804.4462933893,0.0,True,0.03153669105935422,914975.8614649628,871565.7564952944
002395,1000000.0,1220741.4973211035,0.0,1220741.4973211035,220741.49732110347,82337.89217890006,1170.0,222,86,70,222,4,0.09972100646677334,False,双象股份,13.36,2026-09-08,2016-05-26,2026-09-08,,False,False,False,ok,9,0,1220741.4973211035,0.0,True,0.03777250918759843,950517.253382463,1130248.319740098
002396,1000000.0,992982.748939991,0.0,992982.748939991,-7017.251060009003,60368.340310012485,2585.0,181,35,18,181,0,0.11952423568326757,False,星网锐捷,37.33,2026-09-08,2015-12-16,2026-09-08,,False,False,False,ok,12,0,992982.748939991,0.0,True,0.024556208331732127,968585.3575254316,913700.7106550726
002397,1000000.0,831651.3676117392,0.0,831651.3676117392,-168348.6323882608,69459.42638826504,2424.0,190,92,54,190,3,0.1917566556326959,False,梦洁股份,3.91,2026-09-08,2016-05-26,2026-09-08,,False,False,False,ok,7,0,831651.3676117392,0.0,True,0.037060812468225866,952363.4232223826,833798.0346010041
002398,1000000.0,692591.2142814703,0.0,692591.2142814703,-307408.7857185297,69455.91271853496,2928.0,187,63,26,187,2,0.3413640714685442,False,垒知集团,4.34,2026-09-08,2015-12-24,2026-09-08,,False,False,False,ok,12,0,692591.2142814703,0.0,True,0.034246660092881125,788648.1399493031,700373.4010253993
002399,1000000.0,852022.5663370674,0.0,852022.5663370674,-147977.4336629326,101635.04266293999,2259.0,210,87,59,210,1,0.2538912854807448,False,海普瑞,10.03,2026-09-08,2015-12-15,2026-09-08,,False,False,False,ok,11,0,852022.5663370674,0.0,True,0.04952552110427792,937627.919690865,948883.073173471
002400,1000000.0,986598.7454390242,0.0,986598.7454390242,-13401.254560975824,66759.78856097994,333.29999999999995,224,91,42,224,5,0.11430723842537897,False,省广集团,6.96,2026-09-08,2015-12-01,2026-09-08,,False,False,False,ok,11,0,986598.7454390242,0.0,True,0.03078163116320308,998252.9290471721,955428.4730338675
002401,1000000.0,903456.4449982385,0.0,903456.4449982385,-96543.55500176153,48567.07250176497,1053.0,167,40,26,167,2,0.1788461138758027,False,中远海科,12.42,2026-09-08,2016-05-26,2026-09-08,,False,False,False,ok,12,0,903456.4449982385,0.0,True,0.0230277459183881,873462.8284797319,911731.5308964826
002402,1000000.0,959505.9348309503,0.0,959505.9348309503,-40494.06516904966,57996.74866905505,1380.0,170,42,28,170,5,0.12136626763580927,False,和而泰,18.66,2026-09-08,2016-05-06,2026-09-08,,False,False,False,ok,12,0,959505.9348309503,0.0,True,0.024041377836815828,1057764.6060609827,997458.5937068737
002403,1000000.0,744759.0278308205,0.0,744759.0278308205,-255240.97216917947,70534.25216918506,3169.2,189,91,43,189,2,0.2799896197769347,False,爱仕达,13.65,2026-09-08,2016-05-26,2026-09-08,,False,False,False,ok,7,0,744759.0278308205,0.0,True,0.04015171716343607,833115.8157900842,872031.6548601094
002404,1000000.0,858534.8496788447,0.0,858534.8496788447,-141465.15032115532,66811.68432116,0.0,159,52,22,159,2,0.18103114792381553,False,嘉欣丝绸,6.05,2026-09-08,2016-05-16,2026-09-08,,False,False,False,ok,12,0,858534.8496788447,0.0,True,0.028234198878099005,927172.835201473,895147.7426206184
002405,1000000.0,733537.0451000686,0.0,733537.0451000686,-266462.95489993144,59316.165399934966,0.0,189,56,32,189,0,0.293495296860667,False,四维图新,6.33,2026-09-08,2016-03-07,2026-09-08,,False,False,False,ok,7,0,733537.0451000686,0.0,True,0.027982518820212434,941820.450286233,895715.2909515034
002406,1000000.0,958436.6095366032,0.0,958436.6095366032,-41563.39046339679,52991.04096340003,0.0,138,38,18,138,3,0.09783545922685966,False,远东传动,6.82,2026-09-08,2016-05-26,2026-09-08,,False,False,False,ok,13,0,958436.6095366032,0.0,True,0.022928483312656026,942602.3422052822,921828.4499211175
002407,1000000.0,975127.8433137194,0.0,975127.8433137194,-24872.15668628062,50025.42618628499,0.0,165,52,28,165,4,0.11139013220560087,False,多氟多,33.52,2026-09-08,2016-05-18,2026-09-08,,False,False,False,ok,13,0,975127.8433137194,0.0,True,0.021759424871699736,1006965.1419602125,956258.0828187934
002408,1000000.0,717340.6488263255,0.0,717340.6488263255,-282659.35117367445,81922.5511736799,5802.0,194,102,56,194,3,0.35033867566359594,False,齐翔腾达,5.62,2026-09-08,2015-11-27,2026-09-08,,False,False,False,ok,12,0,717340.6488263255,0.0,True,0.07713154692941655,778132.291059833,743897.4247794049
002409,1000000.0,738215.3229795364,0.0,738215.3229795364,-261784.67702046363,58316.94202047,0.0,224,70,44,224,5,0.30086094863210006,False,雅克科技,132.12,2026-09-08,2015-03-11,2026-09-08,,False,False,False,ok,14,0,738215.3229795364,0.0,True,0.03580337188034776,807636.2565834237,796340.1777152598
002410,1000000.0,842448.0907883617,0.0,842448.0907883617,-157551.90921163827,72127.20091164205,3710.0,215,70,36,215,4,0.19182134154247335,False,广联达,8.87,2026-09-08,2016-05-26,2026-09-08,,False,False,False,ok,12,0,842448.0907883617,0.0,True,0.03614024364764601,931875.9838200018,878819.484226906
002411,1000000.0,543966.7494227798,0.0,543966.7494227798,-456033.2505772202,78503.66807722513,0.0,193,145,69,193,23,0.5117799614665235,False,必康退,0.62,2026-09-08,2015-04-21,2023-07-11,,False,True,False,ok,0,1,543966.7494227798,0.0,True,0.08642892464006424,738122.3898668145,543966.7494227798
002412,1000000.0,1008454.9480356401,0.0,1008454.9480356401,8454.94803564006,96965.48246436502,0.0,170,96,52,170,1,0.12955204460004507,False,汉森制药,9.88,2026-09-08,2016-05-26,2026-09-08,,False,False,False,ok,5,0,1008454.9480356401,0.0,True,0.07008412345960903,939270.1781942041,945569.7897325596
002413,1000000.0,833741.1760765895,0.0,833741.1760765895,-166258.8239234105,59962.97492341499,0.0,172,52,33,172,4,0.19259612893387296,False,雷科防务,8.18,2026-09-08,2016-02-15,2026-09-08,,False,False,False,ok,3,0,833741.1760765895,0.0,True,0.03767256318435687,914409.9921079819,873697.2332898382
002414,1000000.0,965479.5877475652,0.0,965479.5877475652,-34520.41225243476,69275.40775244,1500.0,193,59,30,193,1,0.14753670392226378,False,高德红外,12.56,2026-09-08,2016-05-26,2026-09-08,,False,False,False,ok,10,0,965479.5877475652,0.0,True,0.03211446576775821,1015927.4622942931,925786.5128818091
002415,1000000.0,916131.4538749629,0.0,916131.4538749629,-83868.54612503713,91015.22412504499,6995.0,214,58,34,214,4,0.13890255813758245,False,海康威视,33.65,2026-09-08,2016-05-24,2026-09-08,,False,False,False,ok,14,0,916131.4538749629,0.0,True,0.04949321887543549,916773.8767982831,947646.4664482248
002416,1000000.0,950577.690833735,0.0,950577.690833735,-49422.30916626495,65904.84966627006,8400.0,206,86,43,206,0,0.1529326371503877,False,爱施德,9.72,2026-09-08,2016-05-26,2026-09-08,,False,False,False,ok,10,0,950577.690833735,0.0,True,0.033705523762798346,1026021.2237562715,976527.5593220972
002417,1000000.0,662548.9814218988,0.0,662548.9814218988,-337451.0185781012,48549.23607810502,0.0,168,111,55,168,20,0.35158694150785214,False,深南退,0.45,2026-09-08,2015-01-05,2023-07-07,,False,True,False,ok,0,1,662548.9814218988,0.0,True,0.041208675859695496,853530.9749339634,662548.9814218988
002418,1000000.0,925541.2431034254,0.0,925541.2431034254,-74458.75689657463,80939.70239658006,0.0,250,100,60,250,7,0.15018032520136465,False,康盛股份,5.51,2026-09-08,2016-01-26,2026-09-08,,False,False,False,ok,3,0,925541.2431034254,0.0,True,0.040273349414089304,967607.1851169436,978465.7146143448
002419,1000000.0,881644.4480439553,0.0,881644.4480439553,-118355.55195604474,85879.91820605006,9405.0,202,70,34,202,1,0.1964378040921386,False,天虹股份,4.94,2026-09-08,2016-05-26,2026-09-08,,False,False,False,ok,12,0,881644.4480439553,0.0,True,0.039629398662991956,966924.4637202626,879986.9437476636
002420,1000000.0,731613.036173454,0.0,731613.036173454,-268386.963826546,65895.76482655,0.0,169,57,31,169,4,0.268386963826546,False,毅昌科技,6.27,2026-09-08,2016-05-17,2026-09-08,,False,False,False,ok,1,0,731613.036173454,0.0,True,0.032374746431114355,936502.7002797823,783541.3514671235
002421,1000000.0,805216.7200293846,0.0,805216.7200293846,-194783.2799706154,55068.19397062001,2193.5,143,50,24,143,3,0.21433292719821298,False,达实智能,3.41,2026-09-08,2016-05-26,2026-09-08,,False,False,False,ok,10,0,805216.7200293846,0.0,True,0.024236772298535027,928131.4157589932,867324.2247836636
002422,1000000.0,1025162.4145430285,0.0,1025162.4145430285,25162.414543028455,107626.05995698,4771.2,261,66,44,261,1,0.20587512144004794,False,科伦药业,40.76,2026-09-08,2016-05-26,2026-09-08,,False,False,False,ok,14,0,1025162.4145430285,0.0,True,0.04923400245887755,968956.0291351853,927695.5832713814
002423,1000000.0,839835.7981711426,0.0,839835.7981711426,-160164.20182885742,79562.67282886502,6318.7,216,89,65,216,5,0.22299096939323684,False,中粮资本,9.9,2026-09-08,2015-10-16,2026-09-08,,False,False,False,ok,7,0,839835.7981711426,0.0,True,0.04624456956758858,914329.265484503,840547.8430070503
002424,1000000.0,714790.1070030807,0.0,714790.1070030807,-285209.89299691934,80333.51549692506,0.0,209,82,53,209,3,0.34183975696441915,False,ST百灵,4.7,2026-09-08,2016-05-23,2026-09-08,,False,False,False,ok,7,0,714790.1070030807,0.0,True,0.04334506168174381,996476.4324809433,890707.9889283143
002425,1000000.0,700196.2895569236,0.0,700196.2895569236,-299803.71044307644,62325.98694307998,2136.0,224,135,69,224,5,0.3337271303174471,False,凯撒文化,3.48,2026-09-08,2016-04-29,2026-09-08,,False,False,False,ok,7,0,700196.2895569236,0.0,True,0.040082259083213445,769577.0920544222,706439.094962373
002426,1000000.0,896326.061137835,0.0,896326.061137835,-103673.93886216497,63658.81436216992,2076.0,212,94,50,212,4,0.24595830705763025,False,胜利精密,2.74,2026-09-08,2015-05-05,2026-09-08,,False,False,False,ok,4,0,896326.061137835,0.0,True,0.036212615679768606,804033.9728957026,807000.0864550538
002427,1000000.0,762985.0194768611,0.0,762985.0194768611,-237014.9805231389,83344.36952314504,419.0,269,136,70,269,38,0.3416013832375224,False,尤夫股份,5.01,2026-09-08,2015-09-02,2026-09-08,,False,False,False,ok,5,0,762985.0194768611,0.0,True,0.06604057856483508,724628.6948614526,763273.5100775397
002428,1000000.0,925979.0687635046,0.0,925979.0687635046,-74020.93123649538,52937.22523650002,0.0,185,61,43,185,7,0.17934805715473073,False,云南锗业,90.05,2026-09-08,2016-05-26,2026-09-08,,False,False,False,ok,5,0,925979.0687635046,0.0,True,0.024810306248929055,933235.6183492225,924241.4238712834
002429,1000000.0,892925.1257455852,0.0,892925.1257455852,-107074.87425441481,68241.64225441996,7797.800000000001,175,65,22,175,0,0.20636064424479078,False,兆驰股份,7.96,2026-09-08,2016-04-13,2026-09-08,,False,False,False,ok,7,0,892925.1257455852,0.0,True,0.029449498943384618,971043.5882179717,925910.2651090184
002430,1000000.0,992612.9023708458,0.0,992612.9023708458,-7387.097629154217,80985.53662916005,6168.0,233,83,47,233,1,0.09710528619434909,False,杭氧股份,27.46,2026-09-08,2016-05-26,2026-09-08,,False,False,False,ok,13,0,992612.9023708458,0.0,True,0.03618368010563602,1072063.8779669125,1058510.4981171947
002431,1000000.0,699303.2600202557,0.0,699303.2600202557,-300696.7399797443,75194.59697975013,288.0,191,83,36,191,3,0.3470344326115748,False,ST棕榈,1.41,2026-09-08,2016-02-01,2026-09-08,,False,False,False,ok,4,0,699303.2600202557,0.0,True,0.03670281347103602,901099.2349538028,794837.2731558443
002432,1000000.0,886162.4952174448,0.0,886162.4952174448,-113837.50478255516,78644.03278255998,0.0,235,90,40,235,10,0.17930126068813723,False,九安医疗,67.16,2026-09-08,2016-05-03,2026-09-08,,False,False,False,ok,7,0,886162.4952174448,0.0,True,0.04319085244329053,943155.0242637314,853739.7269854776
002433,1000000.0,666363.6445157429,0.0,666363.6445157429,-333636.3554842571,63291.723484259936,0.0,153,76,48,153,10,0.3465010484385317,False,太安退,0.27,2026-09-08,2015-01-05,2024-07-04,,False,True,False,ok,0,1,666363.6445157429,0.0,True,0.03596957223867067,910967.4366447217,745742.1208172527
002434,1000000.0,828976.4252351808,0.0,828976.4252351808,-171023.57476481923,71597.62326482503,0.0,179,83,34,179,0,0.1809325292693418,False,万里扬,5.87,2026-09-08,2016-05-19,2026-09-08,,False,False,False,ok,10,0,828976.4252351808,0.0,True,0.034653497946462546,898189.3134609136,890979.11455863
002435,1000000.0,971869.526804802,0.0,971869.526804802,-28130.473195197992,39608.20769519998,0.0,67,39,27,67,0,0.1065158824967978,False,ST长康,0.37,2026-09-08,2015-01-05,2024-07-01,,False,True,False,ok,0,2,971869.526804802,0.0,True,0.02314085808758608,971869.526804802,971869.526804802
002436,1000000.0,840284.249858915,0.0,840284.249858915,-159715.750141085,54899.85664109002,2358.0,183,68,35,183,3,0.1782631066004418,False,兴森科技,40.12,2026-09-08,2016-02-17,2026-09-08,,False,False,False,ok,13,0,840284.249858915,0.0,True,0.03511523011964497,864676.2433826732,909451.8132871691
002437,1000000.0,783591.6243156941,0.0,783591.6243156941,-216408.3756843059,62091.954184309936,0.0,179,84,47,179,0,0.2574231779480151,False,誉衡药业,4.03,2026-09-08,2015-11-25,2026-09-08,,False,False,False,ok,5,0,783591.6243156941,0.0,True,0.03745222178410909,778381.6985101225,778840.7277939585
002438,1000000.0,883371.9447177043,0.0,883371.9447177043,-116628.05528229568,82676.00128229996,1020.0,210,59,30,210,0,0.14482998372468867,False,江苏神通,13.92,2026-09-08,2016-04-21,2026-09-08,,False,False,False,ok,12,0,883371.9447177043,0.0,True,0.0361319446060762,940782.3721108828,977437.0409346339
002439,1000000.0,750941.1036892649,0.0,750941.1036892649,-249058.89631073514,72313.07531074,165.0,213,56,26,213,1,0.2610500643243591,False,启明星辰,13.42,2026-09-08,2016-02-17,2026-09-08,,False,False,False,ok,10,0,750941.1036892649,0.0,True,0.03474060920077125,802432.552715793,834329.8257901788
002440,1000000.0,903979.2594126947,0.0,903979.2594126947,-96020.74058730528,78347.63958730998,9240.0,171,50,30,171,0,0.20806073559957786,False,闰土股份,12.72,2026-09-08,2016-03-04,2026-09-08,,False,False,False,ok,12,0,903979.2594126947,0.0,True,0.03728266544328,929560.6522393523,838668.8712276185
002441,1000000.0,992188.0282017235,0.0,992188.0282017235,-7811.971798276529,50306.75179828003,0.0,123,26,24,123,0,0.12610444417148764,False,众业达,8.38,2026-09-08,2016-05-26,2026-09-08,,False,False,False,ok,14,0,992188.0282017235,0.0,True,0.020636896074485687,924866.8265290717,1013935.1282721829
002442,1000000.0,809995.7302486196,0.0,809995.7302486196,-190004.26975138043,83564.299251385,0.0,200,86,70,200,2,0.23420735743938934,False,龙星科技,5.37,2026-09-08,2015-09-01,2026-09-08,,False,False,False,ok,4,0,809995.7302486196,0.0,True,0.07526545275944507,832838.6366431531,798568.2352311041
002443,1000000.0,885822.7577558286,0.0,885822.7577558286,-114177.24224417144,59942.78124417501,6000.0,150,51,32,150,3,0.16878336948994233,False,金洲管道,11.42,2026-09-08,2016-03-01,2026-09-08,,False,False,False,ok,12,0,885822.7577558286,0.0,True,0.030644892387028805,894802.6188727419,841030.2273738282
002444,1000000.0,859646.125554527,0.0,859646.125554527,-140353.87444547296,64861.86894547994,6385.0,184,68,28,184,6,0.18951376263932768,False,巨星科技,29.12,2026-09-08,2016-05-26,2026-09-08,,False,False,False,ok,11,0,859646.125554527,0.0,True,0.033170410358553955,1013013.7030094333,907718.4438623651
002445,1000000.0,823755.1382390024,0.0,823755.1382390024,-176244.86176099756,89855.85476100503,0.0,248,120,64,248,6,0.272955247448265,False,中南文化,3.26,2026-09-08,2015-04-28,2026-09-08,,False,False,False,ok,4,0,823755.1382390024,0.0,True,0.049801977226440766,881655.7490139653,869427.0185219564
002446,1000000.0,961294.8908206197,0.0,961294.8908206197,-38705.10917938035,63981.840679385015,0.0,187,65,37,187,4,0.12736181930755094,False,盛路通信,8.18,2026-09-08,2016-05-26,2026-09-08,,False,False,False,ok,5,0,961294.8908206197,0.0,True,0.028844973074875463,901186.8509650431,986623.6210746092
002447,1000000.0,1000000.0,0.0,1000000.0,0.0,0.0,0.0,0,0,0,0,0,0.0,False,晨鑫退,0.19,2026-09-08,2015-01-05,2022-06-24,,False,True,False,ok,0,3,1000000.0,0.0,True,0.0,1000000.0,1000000.0
002448,1000000.0,800544.8861199899,0.0,800544.8861199899,-199455.1138800101,64054.13388001494,7520.0,165,50,26,165,0,0.24887372823454648,False,中原内配,11.66,2026-09-08,2016-05-26,2026-09-08,,False,False,False,ok,12,0,800544.8861199899,0.0,True,0.030826185023153718,858974.3565556224,757505.5339086386
002449,1000000.0,885159.5658349198,0.0,885159.5658349198,-114840.4341650802,62915.86566508504,0.0,176,57,29,176,1,0.12492712460853583,False,国星光电,6.63,2026-09-08,2016-05-26,2026-09-08,,False,False,False,ok,11,0,885159.5658349198,0.0,True,0.02786791409694842,963716.7640863026,907136.9232429386
002450,1000000.0,1000000.0,0.0,1000000.0,0.0,0.0,0.0,0,0,0,0,0,0.0,False,康得退,0.2,2026-09-08,2015-01-05,2021-05-28,,False,True,False,ok,0,2,1000000.0,0.0,True,0.0,1000000.0,1000000.0
002451,1000000.0,767663.3623888848,0.0,767663.3623888848,-232336.63761111523,48994.79311112001,211.0,184,91,58,184,10,0.3134447810882992,False,摩恩电气,7.87,2026-09-08,2016-01-22,2026-09-08,,False,False,False,ok,5,0,767663.3623888848,0.0,True,0.040936072177615954,752202.8425211936,767882.6352210094
002452,1000000.0,940704.7422480398,0.0,940704.7422480398,-59295.25775196019,65878.693251965,0.0,180,44,27,180,0,0.13929969799222439,False,长高电气,12.19,2026-09-08,2016-04-27,2026-09-08,,False,False,False,ok,12,0,940704.7422480398,0.0,True,0.027035524352307758,939213.1298771123,920962.1260804185
002453,1000000.0,833528.7343430554,0.0,833528.7343430554,-166471.2656569446,70385.25665694998,0.0,229,92,41,229,4,0.19095217419985644,False,华软科技,4.61,2026-09-08,2015-08-28,2026-09-08,,False,False,False,ok,2,0,833528.7343430554,0.0,True,0.035792018471807886,991665.7282877726,927037.5255894092
002454,1000000.0,799635.4399040252,0.0,799635.4399040252,-200364.56009597483,67732.86559598001,894.0,187,66,25,187,3,0.22658121828573824,False,松芝股份,5.13,2026-09-08,2016-05-11,2026-09-08,,False,False,False,ok,13,0,799635.4399040252,0.0,True,0.03039037912329883,909913.980638273,837463.5846176641
002455,1000000.0,802425.413490921,0.0,802425.413490921,-197574.58650907897,77273.49600908504,9151.0,239,119,60,239,2,0.2550952284923434,False,百川股份,7.75,2026-09-08,2016-05-26,2026-09-08,,False,False,False,ok,10,0,802425.413490921,0.0,True,0.04419954010200091,916766.568717593,823883.2483961196
002456,1000000.0,872427.6569916629,0.0,872427.6569916629,-127572.34300833708,87721.45550834504,0.0,266,119,61,266,3,0.15598640781433448,False,欧菲光,7.45,2026-09-08,2016-04-29,2026-09-08,,False,False,False,ok,6,0,872427.6569916629,0.0,True,0.043803642600578896,1018359.8339943341,930766.6589094406
002457,1000000.0,846421.5946883819,0.0,846421.5946883819,-153578.40531161812,87133.72431162508,15676.0,259,91,63,259,7,0.18369594155877167,False,青龙管业,12.88,2026-09-08,2016-05-26,2026-09-08,,False,False,False,ok,14,0,846421.5946883819,0.0,True,0.04385374863516536,918196.6018887339,919301.2611337745
002458,1000000.0,928885.6128585011,0.0,928885.6128585011,-71114.38714149885,83356.053141505,3150.0,244,96,32,244,1,0.15194097409581647,False,益生股份,9.34,2026-09-08,2016-04-11,2026-09-08,,False,False,False,ok,10,0,928885.6128585011,0.0,True,0.03915913185292944,982741.240948573,984366.165521905
002459,1000000.0,1004031.0581877091,0.0,1004031.0581877091,4031.0581877090735,102679.298712299,315.0,271,95,59,271,5,0.16063799785080976,False,晶澳科技,6.92,2026-09-08,2016-02-05,2026-09-08,,False,False,False,ok,4,0,1004031.0581877091,0.0,True,0.046938403981063595,1142957.3528290847,1020225.1347045674
002460,1000000.0,966106.4157714492,0.0,966106.4157714492,-33893.58422855078,54528.72172855499,1040.0,187,55,25,187,2,0.12391716114841522,False,赣锋锂业,49.09,2026-09-08,2016-05-24,2026-09-08,,False,False,False,ok,12,0,966106.4157714492,0.0,True,0.026463395580058804,964744.7634652122,926823.4986371731
002461,1000000.0,997325.1228272105,0.0,997325.1228272105,-2674.8771727895364,105024.67217279997,9853.0,208,47,38,208,0,0.1437341181784619,False,珠江啤酒,8.79,2026-09-08,2016-05-26,2026-09-08,,False,False,False,ok,12,0,997325.1228272105,0.0,True,0.04317265555764096,1056200.9486824956,1006728.6324234827
002462,1000000.0,830257.8566496061,0.0,830257.8566496061,-169742.14335039386,74128.9068504,0.0,152,39,12,152,0,0.18477248056214932,False,嘉事堂,12.49,2026-09-08,2016-01-19,2026-09-08,,False,False,False,ok,12,0,830257.8566496061,0.0,True,0.03283839915892262,874234.5918296835,854036.1658633406
002463,1000000.0,970770.4982390844,0.0,970770.4982390844,-29229.50176091562,80046.84976091998,0.0,252,109,59,252,2,0.17166538100040493,False,沪电股份,124.9,2026-09-08,2016-05-26,2026-09-08,,False,False,False,ok,10,0,970770.4982390844,0.0,True,0.03834066847889036,1060124.1468425228,936574.8237656289
002464,1000000.0,1000000.0,0.0,1000000.0,0.0,0.0,0.0,0,0,0,0,0,0.0,False,众应退,0.26,2026-09-08,2015-01-19,2022-06-27,,False,True,False,ok,0,4,1000000.0,0.0,True,0.0,1000000.0,1000000.0
002465,1000000.0,958189.8287234292,0.0,958189.8287234292,-41810.17127657076,73908.82327657493,738.0,176,41,29,176,1,0.12811333429283248,False,海格通信,10.21,2026-09-08,2015-12-11,2026-09-08,,False,False,False,ok,13,0,958189.8287234292,0.0,True,0.031049778358366375,933340.4645295118,939955.4238392625
002466,1000000.0,1000000.0,0.0,1000000.0,0.0,0.0,0.0,0,0,0,0,0,0.0,False,天齐锂业,45.59,2026-09-08,2016-04-19,2026-09-08,,False,False,True,ok,6,0,1000000.0,0.0,True,0.0,1000000.0,1000000.0
002467,1000000.0,687979.2261192375,0.0,687979.2261192375,-312020.7738807625,55005.43618076595,1040.0,196,71,30,196,5,0.31275914322723397,False,二六三,4.83,2026-09-08,2016-05-26,2026-09-08,,False,False,False,ok,7,0,687979.2261192375,0.0,True,0.027861673004978937,839378.822887416,769124.8856030821
002468,1000000.0,731347.1128810034,0.0,731347.1128810034,-268652.8871189966,96542.64861900505,8550.0,233,102,57,233,2,0.31096100363139967,False,申通快递,14.32,2026-09-08,2016-05-19,2026-09-08,,False,False,False,ok,9,0,731347.1128810034,0.0,True,0.058525785406247435,802760.4904492846,758960.0956434815
002469,1000000.0,909761.439960879,0.0,909761.439960879,-90238.56003912096,59554.63203912495,5670.0,170,78,44,170,0,0.15827994266434034,False,三维化学,6.56,2026-09-08,2016-02-18,2026-09-08,,False,False,False,ok,14,0,909761.439960879,0.0,True,0.031230416018843125,954531.7967833213,891416.3215268767
002470,1000000.0,662788.6663614328,0.0,662788.6663614328,-337211.33363856724,91668.6826385749,0.0,245,118,59,245,7,0.339808930058417,False,金正大,2.53,2026-09-08,2016-01-08,2026-09-08,,False,False,False,ok,4,0,662788.6663614328,0.0,True,0.05181138676263646,869865.3222530149,752669.3768954264
002471,1000000.0,866820.9190597299,0.0,866820.9190597299,-133179.0809402701,61901.21544027502,0.0,196,75,34,196,2,0.20780102509142906,False,中超控股,5.76,2026-09-08,2016-04-27,2026-09-08,,False,False,False,ok,7,0,866820.9190597299,0.0,True,0.03001533121522031,877556.2352244726,863710.2207422593
002472,1000000.0,810039.9575610389,0.0,810039.9575610389,-189960.0424389611,64981.97943896503,2726.0,191,69,32,191,3,0.21873249082546262,False,双环传动,37.06,2026-09-08,2016-05-26,2026-09-08,,False,False,False,ok,14,0,810039.9575610389,0.0,True,0.03314876295622414,843634.7565785629,841330.6622573731
002473,1000000.0,606201.4342583828,0.0,606201.4342583828,-393798.56574161723,41348.258241620046,0.0,127,87,38,127,28,0.3983441828464254,False,圣莱退,0.79,2026-09-08,2015-01-05,2022-06-21,,False,True,False,ok,0,1,606201.4342583828,0.0,True,0.029095493958167067,766783.6264619328,606201.4342583828
002474,1000000.0,895004.5261971599,0.0,895004.5261971599,-104995.4738028401,44974.73680284505,178.0,149,39,31,149,2,0.1507008227215158,False,榕基软件,6.58,2026-09-08,2016-05-26,2026-09-08,,False,False,False,ok,6,0,895004.5261971599,0.0,True,0.02025009213625674,975247.6818816726,915868.3620008888
002475,1000000.0,1003259.0785413316,0.0,1003259.0785413316,3259.0785413315753,84153.38295867507,0.0,236,79,41,236,2,0.13120838813544353,False,立讯精密,55.06,2026-09-08,2016-05-25,2026-09-08,,False,False,False,ok,13,0,1003259.0785413316,0.0,True,0.03714523318280184,1085662.9865206527,1067216.432686659
002476,1000000.0,830315.6633459583,0.0,830315.6633459583,-169684.33665404166,61549.64315404503,0.0,187,63,33,187,1,0.16992933407796462,False,新叶股份,5.33,2026-09-08,2016-05-12,2026-09-08,,False,False,False,ok,6,0,830315.6633459583,0.0,True,0.02748867800619319,917251.1915140807,876486.148057557
002477,1000000.0,1000000.0,0.0,1000000.0,0.0,0.0,0.0,0,0,0,0,0,0.0,False,雏鹰退,0.17,2026-09-08,2015-01-05,2019-10-15,,False,True,False,ok,0,1,1000000.0,0.0,True,0.0,1000000.0,1000000.0
002478,1000000.0,911984.1203029058,0.0,911984.1203029058,-88015.8796970942,84113.36219710001,0.0,198,78,34,198,2,0.15895431210916725,False,常宝股份,6.88,2026-09-08,2016-01-22,2026-09-08,,False,False,False,ok,12,0,911984.1203029058,0.0,True,0.03785479062214465,886874.847124824,929653.8567996251
002479,1000000.0,800636.8098012686,0.0,800636.8098012686,-199363.19019873138,57913.07319873497,0.0,134,51,32,134,1,0.24152605376881905,False,富春环保,6.19,2026-09-08,2016-04-29,2026-09-08,,False,False,False,ok,12,0,800636.8098012686,0.0,True,0.030053495744470783,821154.1160626422,786026.3023126582
002480,1000000.0,837718.6528192249,0.0,837718.6528192249,-162281.34718077513,75547.72618078,1086.0,221,84,47,221,1,0.1745102629778409,False,新筑股份,5.45,2026-09-08,2016-04-27,2026-09-08,,False,False,False,ok,2,0,837718.6528192249,0.0,True,0.03686172690813051,899532.191569343,918304.5450922037
002481,1000000.0,841001.6639751405,0.0,841001.6639751405,-158998.33602485945,81876.18452486502,602.0,220,82,42,220,4,0.21353787731059864,False,双塔食品,4.59,2026-09-08,2016-05-26,2026-09-08,,False,False,False,ok,11,0,841001.6639751405,0.0,True,0.0395194769166331,965630.4938604434,832325.6228513592
002482,1000000.0,856073.3380760906,0.0,856073.3380760906,-143926.66192390944,66720.62092391493,1340.0,178,78,48,178,1,0.1954308844093725,False,广田集团,1.38,2026-09-08,2016-04-18,2026-09-08,,False,False,False,ok,6,0,856073.3380760906,0.0,True,0.03536225393119914,918168.7973713425,924008.442822924
002483,1000000.0,888854.2830139652,0.0,888854.2830139652,-111145.71698603476,60608.822986039995,6285.0,156,47,29,156,0,0.17775113886862995,False,润邦股份,6.41,2026-09-08,2016-05-04,2026-09-08,,False,False,False,ok,11,0,888854.2830139652,0.0,True,0.02568860960188034,970557.9852922928,904390.9744849044
002484,1000000.0,1030569.1613633499,0.0,1030569.1613633499,30569.16136334988,62225.619136655,0.0,185,40,19,185,5,0.1070676428278237,False,江海股份,59.6,2026-09-08,2016-05-26,2026-09-08,,False,False,False,ok,12,0,1030569.1613633499,0.0,True,0.02458068454287376,985256.3886983721,945421.6113712038
002485,1000000.0,675218.815601608,0.0,675218.815601608,-324781.184398392,102485.73639840016,0.0,269,158,98,269,12,0.38051167891055665,False,ST雪发,5.88,2026-09-08,2015-02-04,2026-09-08,,False,False,False,ok,2,0,675218.815601608,0.0,True,0.08689130026809311,734537.0148965053,757674.2643391264
002486,1000000.0,860336.9501140587,0.0,860336.9501140587,-139663.04988594132,64188.639385944996,0.0,181,93,55,181,5,0.19519494457825834,False,嘉麟杰,3.0,2026-09-08,2015-09-09,2026-09-08,,False,False,False,ok,3,0,860336.9501140587,0.0,True,0.044354025239089635,884646.674620092,877654.3004328032
002487,1000000.0,907323.0104242096,0.0,907323.0104242096,-92676.98957579036,60437.94957579501,0.0,205,79,31,205,3,0.13497793041553952,False,大金重工,33.11,2026-09-08,2016-05-26,2026-09-08,,False,False,False,ok,13,0,907323.0104242096,0.0,True,0.030163325943284282,975734.2074624522,1024254.5082605241
002488,1000000.0,904968.0176052097,0.0,904968.0176052097,-95031.98239479028,70852.57439479494,0.0,216,97,45,216,4,0.20071302723057735,False,金固股份,8.01,2026-09-08,2016-05-26,2026-09-08,,False,False,False,ok,6,0,904968.0176052097,0.0,True,0.03596339522993088,884138.5248865532,885409.5887488086
002489,1000000.0,868819.4590784241,0.0,868819.4590784241,-131180.54092157586,67304.75892158001,0.0,167,58,30,167,3,0.194804486892442,False,浙江永强,2.87,2026-09-08,2016-05-26,2026-09-08,,False,False,False,ok,13,0,868819.4590784241,0.0,True,0.03076957804108913,888251.3569773628,891141.6989050782
002490,1000000.0,952234.0418103159,0.0,952234.0418103159,-47765.95818968408,69551.71468969004,0.0,236,141,83,236,17,0.15270453088848862,False,山东墨龙,8.3,2026-09-08,2016-05-20,2026-09-08,,False,False,False,ok,0,0,952234.0418103159,0.0,True,0.037821059825637535,900484.8228649137,931376.9975995851
002491,1000000.0,996064.9667209188,0.0,996064.9667209188,-3935.0332790812245,58740.505279084995,0.0,159,33,24,159,1,0.1254796820402658,False,通鼎互联,21.45,2026-09-08,2015-11-26,2026-09-08,,False,False,False,ok,5,0,996064.9667209188,0.0,True,0.022480868936809312,1003034.7290162427,931131.3754932934
002492,1000000.0,808340.6463981746,0.0,808340.6463981746,-191659.35360182542,59343.197601829976,1116.0,171,76,33,171,4,0.23291592662426894,False,恒基达鑫,6.17,2026-09-08,2015-04-09,2026-09-08,,False,False,False,ok,11,0,808340.6463981746,0.0,True,0.028724631839972592,896359.0514813827,896841.3281625189
002493,1000000.0,769444.6920485286,0.0,769444.6920485286,-230555.30795147142,102887.80195147997,5022.0,230,80,49,230,4,0.2917985261166348,False,荣盛石化,14.49,2026-09-08,2016-05-26,2026-09-08,,False,False,False,ok,13,0,769444.6920485286,0.0,True,0.05028614722737885,966488.9035593744,869710.8338868215
002494,1000000.0,822619.5266719853,0.0,822619.5266719853,-177380.47332801472,39488.673328015,77.0,125,40,23,125,3,0.21352943437195396,False,华斯股份,4.93,2026-09-08,2016-05-12,2026-09-08,,False,False,False,ok,4,0,822619.5266719853,0.0,True,0.017530974946332833,848722.2898259198,830489.3692750552
002495,1000000.0,830783.2252016132,0.0,830783.2252016132,-169216.77479838685,52896.476798389995,0.0,131,32,26,131,3,0.17374529026206173,False,佳隆股份,2.53,2026-09-08,2016-05-26,2026-09-08,,False,False,False,ok,7,0,830783.2252016132,0.0,True,0.02312225887363972,885028.7190090617,869187.3375665825
002496,1000000.0,1000000.0,0.0,1000000.0,0.0,0.0,0.0,0,0,0,0,0,0.0,False,辉丰股份,2.29,2026-09-08,2016-05-17,2026-09-08,,False,False,True,ok,4,0,1000000.0,0.0,True,0.0,1000000.0,1000000.0
002497,1000000.0,814649.1081292997,0.0,814649.1081292997,-185350.8918707003,56026.64268070498,940.1898100000001,195,79,40,195,3,0.24671849460763373,False,雅化集团,17.84,2026-09-08,2016-05-26,2026-09-08,,False,False,False,ok,12,0,814649.1081292997,0.0,True,0.02719460167411405,874156.7373448521,779545.7828701793
002498,1000000.0,809089.473946905,0.0,809089.473946905,-190910.526053095,74866.93055309997,4730.4,177,67,27,177,1,0.2040126298277534,False,汉缆股份,6.44,2026-09-08,2016-05-26,2026-09-08,,False,False,False,ok,13,0,809089.473946905,0.0,True,0.033752849739193194,905377.0270404731,856983.1443288242
002499,1000000.0,1000000.0,0.0,1000000.0,0.0,0.0,0.0,0,0,0,0,0,0.0,False,科林退,0.86,2026-09-08,2015-01-05,2023-04-17,,False,True,False,ok,0,2,1000000.0,0.0,True,0.0,1000000.0,1000000.0
002500,1000000.0,1000000.0,0.0,1000000.0,0.0,0.0,0.0,0,0,0,0,1,0.0,False,山西证券,5.36,2026-09-08,2016-05-19,2026-09-08,,False,False,True,ok,14,0,1000000.0,0.0,True,0.0,1000000.0,1000000.0
002501,1000000.0,777352.2214425954,0.0,777352.2214425954,-222647.77855740464,72174.09405740994,0.0,222,150,69,222,7,0.29580279835255474,False,*ST利源,1.3,2026-09-08,2016-05-23,2026-09-08,,False,False,False,ok,2,0,777352.2214425954,0.0,True,0.04425810624346529,833055.5304296322,741761.6147973139
002502,1000000.0,1005805.62328704,0.0,1005805.62328704,5805.623287040042,428.80771296,0.0,1,0,0,1,0,0.0019906015302734357,False,ST鼎龙,0.64,2026-09-08,2015-01-05,2024-07-16,,False,True,False,ok,0,1,1005805.62328704,0.0,True,0.00010816289089013564,1005805.62328704,1005805.62328704
002503,1000000.0,1000000.0,0.0,1000000.0,0.0,0.0,0.0,0,0,0,0,0,0.0,False,*ST搜特,0.42,2026-09-08,2015-01-05,2023-05-22,,False,True,False,ok,0,2,1000000.0,0.0,True,0.0,1000000.0,1000000.0
002504,1000000.0,1000000.0,0.0,1000000.0,0.0,0.0,0.0,0,0,0,0,0,0.0,False,*ST弘高,0.38,2026-09-08,2015-01-05,2023-06-12,,False,True,False,ok,0,1,1000000.0,0.0,True,0.0,1000000.0,1000000.0
002505,1000000.0,1000000.0,0.0,1000000.0,0.0,0.0,0.0,0,0,0,0,0,0.0,False,鹏都农牧,0.36,2026-09-08,2015-01-05,2024-07-02,,False,True,False,ok,0,1,1000000.0,0.0,True,0.0,1000000.0,1000000.0
002506,1000000.0,774008.7578213357,0.0,774008.7578213357,-225991.2421786643,89030.33567867009,0.0,220,136,67,220,4,0.2387692936213372,False,协鑫集成,2.63,2026-09-08,2016-05-09,2026-09-08,,False,False,False,ok,0,0,774008.7578213357,0.0,True,0.055103127928309875,828707.3420848041,775796.4601968697
002507,1000000.0,883753.2007884256,0.0,883753.2007884256,-116246.79921157437,101030.2742115801,2065.0,218,77,28,218,2,0.2278671331424861,False,涪陵榨菜,11.53,2026-09-08,2015-11-17,2026-09-08,,False,False,False,ok,13,0,883753.2007884256,0.0,True,0.04687583851767037,1009028.808067373,953251.4150654938
002508,1000000.0,902513.8504050262,0.0,902513.8504050262,-97486.14959497377,87674.16459497999,13000.0,207,82,25,207,1,0.14773989068378063,False,老板电器,15.84,2026-09-08,2016-05-26,2026-09-08,,False,False,False,ok,14,0,902513.8504050262,0.0,True,0.0423255126420454,994558.1083318436,954894.4769009443
002509,1000000.0,1000000.0,0.0,1000000.0,0.0,0.0,0.0,0,0,0,0,0,0.0,False,天茂退,0.15,2026-09-08,2015-04-15,2020-07-17,,False,True,False,ok,0,2,1000000.0,0.0,True,0.0,1000000.0,1000000.0
002510,1000000.0,789340.9036907543,0.0,789340.9036907543,-210659.09630924568,59471.04480925004,1044.0,181,82,46,181,4,0.2326981199118816,False,天汽模,5.7,2026-09-08,2016-01-15,2026-09-08,,False,False,False,ok,7,0,789340.9036907543,0.0,True,0.030403594920029114,902602.7845050325,864968.2523966536
002511,1000000.0,854597.67969249,0.0,854597.67969249,-145402.32030750997,72959.782807515,3931.6,180,67,48,180,0,0.16151480331795803,False,中顺洁柔,7.33,2026-09-08,2016-05-26,2026-09-08,,False,False,False,ok,12,0,854597.67969249,0.0,True,0.03891207502373984,930012.7664815735,914309.2525106138
002512,1000000.0,650962.1416086033,0.0,650962.1416086033,-349037.8583913967,60478.75039140005,0.0,222,119,80,222,12,0.42689300306340466,False,ST达华,4.29,2026-09-08,2015-06-08,2026-09-08,,False,False,False,ok,3,0,650962.1416086033,0.0,True,0.06175475097601565,666198.3250855224,692966.4284338129
002513,1000000.0,797752.0446783163,0.0,797752.0446783163,-202247.95532168366,65670.03482169,0.0,230,113,56,230,8,0.26584699372750986,False,蓝丰生化,5.68,2026-09-08,2015-11-10,2026-09-08,,False,False,False,ok,1,0,797752.0446783163,0.0,True,0.04093427942315611,777422.4504881632,787987.6009176844
002514,1000000.0,850249.6112808456,0.0,850249.6112808456,-149750.3887191544,82581.73021915997,0.0,234,125,73,234,18,0.2489791900777775,False,*ST宝馨,2.29,2026-09-08,2016-05-17,2026-09-08,,False,False,False,ok,1,0,850249.6112808456,0.0,True,0.04459273627827243,1058576.9805551923,1023611.0839247644
002515,1000000.0,812855.3444285347,0.0,812855.3444285347,-187144.65557146526,77270.43107147001,0.0,222,88,36,222,1,0.22960865721852802,False,金字火腿,7.95,2026-09-08,2015-06-03,2026-09-08,,False,False,False,ok,10,0,812855.3444285347,0.0,True,0.038993475740337624,837356.4426018719,865237.890121483
002516,1000000.0,815822.9088843692,0.0,815822.9088843692,-184177.0911156308,64475.756615634964,6490.0,161,45,21,161,1,0.2027179060105395,False,旷达科技,6.1,2026-09-08,2016-05-16,2026-09-08,,False,False,False,ok,13,0,815822.9088843692,0.0,True,0.026793038790856254,989981.6124149723,925112.2866556284
002517,1000000.0,989670.2229840609,0.0,989670.2229840609,-10329.777015939122,76243.16701594493,4912.0,231,108,65,231,1,0.15829586519365882,False,恺英网络,17.73,2026-09-08,2016-04-05,2026-09-08,,False,False,False,ok,8,0,989670.2229840609,0.0,True,0.043052394319830094,1058360.5777584838,1084997.8583057995
002518,1000000.0,1000755.1151101692,0.0,1000755.1151101692,755.1151101691648,60138.13088983498,4430.0,197,63,31,197,2,0.14648068564033204,False,科士达,35.37,2026-09-08,2016-05-26,2026-09-08,,False,False,False,ok,12,0,1000755.1151101692,0.0,True,0.026063220137104937,1072798.129094032,976108.9603555882
002519,1000000.0,868354.9284211001,0.0,868354.9284211001,-131645.07157889986,69893.18857890497,0.0,207,52,38,207,1,0.16667574554597134,False,银河电子,5.71,2026-09-08,2016-05-26,2026-09-08,,False,False,False,ok,5,0,868354.9284211001,0.0,True,0.03003502094179788,897967.8105327332,885533.026072959
002520,1000000.0,812854.6175538746,0.0,812854.6175538746,-187145.38244612538,78106.85044613012,1120.5,220,100,49,220,4,0.2107087974193252,False,日发精机,6.5,2026-09-08,2015-11-09,2026-09-08,,False,False,False,ok,6,0,812854.6175538746,0.0,True,0.03947944628447399,987958.5016298726,916104.7141746788
002521,1000000.0,910432.9849593467,0.0,910432.9849593467,-89567.01504065329,95903.48104066003,0.0,197,93,51,197,0,0.1319247016923018,False,齐峰新材,6.63,2026-09-08,2016-05-25,2026-09-08,,False,False,False,ok,14,0,910432.9849593467,0.0,True,0.05058022025168145,947287.3611669831,987698.7836026596
002522,1000000.0,854105.798685359,0.0,854105.798685359,-145894.20131464105,61882.02581464497,0.0,150,51,33,150,0,0.17752655806998036,False,浙江众成,5.25,2026-09-08,2016-05-26,2026-09-08,,False,False,False,ok,12,0,854105.798685359,0.0,True,0.028158600938899218,938376.0216915315,940295.2963423125
002523,1000000.0,870746.273432428,0.0,870746.273432428,-129253.72656757198,69309.573967578,4482.5,180,77,52,180,0,0.21895198292988283,False,天桥起重,3.59,2026-09-08,2016-03-03,2026-09-08,,False,False,False,ok,12,0,870746.273432428,0.0,True,0.03821326629725205,834250.4131573454,845692.839577992
002524,1000000.0,942509.3122792747,0.0,942509.3122792747,-57490.68772072531,72015.28222073,0.0,210,122,56,210,3,0.13099318410248179,False,光正眼科,4.2,2026-09-08,2015-10-22,2026-09-08,,False,False,False,ok,0,0,942509.3122792747,0.0,True,0.036587168334862946,1010823.1179136428,990845.6053682087
002526,1000000.0,774894.5451385302,0.0,774894.5451385302,-225105.4548614698,50891.72836147498,1412.2,157,46,24,157,4,0.25101571587378263,False,山东矿机,2.8,2026-09-08,2015-09-07,2026-09-08,,False,False,False,ok,6,0,774894.5451385302,0.0,True,0.024136646197115533,808249.0475930928,837698.8768112987
002527,1000000.0,886943.3829759852,0.0,886943.3829759852,-113056.61702401482,56025.36252402001,0.0,181,49,26,181,1,0.17382824978924719,False,新时达,11.31,2026-09-08,2016-05-19,2026-09-08,,False,False,False,ok,7,0,886943.3829759852,0.0,True,0.025106592946350578,839815.5212047927,930010.6517865642
002528,1000000.0,901278.3303913489,0.0,901278.3303913489,-98721.66960865108,60907.08860865506,0.0,229,96,43,229,19,0.20774863660228252,False,*ST英飞,7.42,2026-09-08,2016-05-13,2026-09-08,,False,False,False,ok,2,0,901278.3303913489,0.0,True,0.03263724656087772,859371.9798964108,880844.1068240022
002529,1000000.0,761673.1370021695,0.0,761673.1370021695,-238326.8629978305,67900.80649783507,0.0,230,96,56,230,10,0.2696834065820742,False,海源复材,7.25,2026-09-08,2016-04-28,2026-09-08,,False,False,False,ok,1,0,761673.1370021695,0.0,True,0.037147663351502304,858593.0520599723,778430.307066228
002530,1000000.0,756483.9271980785,0.0,756483.9271980785,-243516.07280192152,56692.90680192502,0.0,233,97,44,233,5,0.27201639996651494,False,金财互联,7.51,2026-09-08,2016-05-11,2026-09-08,,False,False,False,ok,4,0,756483.9271980785,0.0,True,0.03293384401133622,819590.9957813418,791722.0807894082
002531,1000000.0,1065267.1209885953,0.0,1065267.1209885953,65267.1209885953,87099.72501141,8242.5,229,92,38,229,0,0.08236898284871459,False,天顺风能,6.34,2026-09-08,2016-05-18,2026-09-08,,False,False,False,ok,10,0,1065267.1209885953,0.0,True,0.0389429911260704,1071089.070046553,1099805.213807128
002532,1000000.0,831537.9852107813,0.0,831537.9852107813,-168462.01478921867,71324.9577892249,0.0,242,67,36,242,5,0.27853433625644947,False,天山铝业,13.24,2026-09-08,2016-01-15,2026-09-08,,False,False,False,ok,16,0,831537.9852107813,0.0,True,0.0377387084082569,761140.6305804532,759104.2656502498
002533,1000000.0,1113721.5879403495,0.0,1113721.5879403495,113721.58794034948,66897.14605965497,4935.0,165,33,23,165,0,0.07212153180336882,False,金杯电工,11.23,2026-09-08,2016-04-26,2026-09-08,,False,False,False,ok,13,0,1113721.5879403495,0.0,True,0.025271718118356507,1000003.0403066116,1002186.2188154375
002534,1000000.0,867653.6249764948,0.0,867653.6249764948,-132346.37502350518,58388.333023509964,4600.0,189,59,28,189,1,0.1662135830766774,False,西子洁能,16.62,2026-09-08,2016-05-26,2026-09-08,,False,False,False,ok,12,0,867653.6249764948,0.0,True,0.026980755596429894,939540.5154151318,864717.0052471836
002535,1000000.0,781313.2051596483,0.0,781313.2051596483,-218686.79484035168,61024.93484035503,0.0,199,93,57,199,10,0.2517319782875221,False,林州重机,2.62,2026-09-08,2016-04-21,2026-09-08,,False,False,False,ok,2,0,781313.2051596483,0.0,True,0.03608169244613625,855905.1419896014,912246.0190738623
002536,1000000.0,1001198.2642783287,0.0,1001198.2642783287,1198.2642783287447,65526.68322167495,0.0,218,71,37,218,5,0.08172230289634778,False,飞龙股份,58.59,2026-09-08,2016-05-26,2026-09-08,,False,False,False,ok,13,0,1001198.2642783287,0.0,True,0.02796698546932422,1033196.4782595325,994818.9093859585
002537,1000000.0,887512.6829222213,0.0,887512.6829222213,-112487.31707777875,84001.96757778502,0.0,225,85,46,225,4,0.18691802460526283,False,海联金汇,6.4,2026-09-08,2016-05-26,2026-09-08,,False,False,False,ok,4,0,887512.6829222213,0.0,True,0.039194329808825985,891733.8125307934,915368.9397809348
002538,1000000.0,989650.8485126547,0.0,989650.8485126547,-10349.151487345342,86995.31398734989,0.0,180,82,39,180,4,0.12803698215223738,False,ST司特,7.07,2026-09-08,2016-04-06,2026-09-08,,False,False,False,ok,13,0,989650.8485126547,0.0,True,0.04733169558236875,947874.3639647326,916196.4324117089
002539,1000000.0,888817.28570219,0.0,888817.28570219,-111182.71429780999,66197.24129781498,3760.0,182,51,24,182,0,0.20104530771967888,False,云图控股,13.25,2026-09-08,2016-05-26,2026-09-08,,False,False,False,ok,15,0,888817.28570219,0.0,True,0.02962078927915484,919402.3355564522,880553.8041679584
002540,1000000.0,856514.6916570709,0.0,856514.6916570709,-143485.30834292911,73209.94934293494,4320.0,158,44,28,158,4,0.23789386502706727,False,亚太科技,5.26,2026-09-08,2016-05-12,2026-09-08,,False,False,False,ok,17,0,856514.6916570709,0.0,True,0.03368528409897218,824154.1992729546,808711.2877242204
002541,1000000.0,934845.906372494,0.0,934845.906372494,-65154.09362750605,71057.54812750999,0.0,208,54,25,208,1,0.13622786369231937,False,鸿路钢构,20.17,2026-09-08,2016-05-26,2026-09-08,,False,False,False,ok,12,0,934845.906372494,0.0,True,0.03220049016051187,977285.9238173717,903118.4299764279
002542,1000000.0,797339.2001335713,0.0,797339.2001335713,-202660.79986642872,73977.63686643496,204.0,219,118,56,219,3,0.2236362156518251,False,*ST中岩,1.72,2026-09-08,2015-12-03,2026-09-08,,False,False,False,ok,7,0,797339.2001335713,0.0,True,0.04251496074990471,854795.6663284431,827791.1472946954
002543,1000000.0,784800.122879093,0.0,784800.122879093,-215199.87712090695,91375.57162091494,9440.0,214,79,49,214,2,0.2556727298451818,False,万和电气,7.43,2026-09-08,2016-05-26,2026-09-08,,False,False,False,ok,15,0,784800.122879093,0.0,True,0.048291991337166544,946223.0264292447,869107.7372713359
002544,1000000.0,763469.2575733833,0.0,763469.2575733833,-236530.74242661672,56347.37492662001,0.0,163,34,18,163,2,0.2501102623986712,False,普天科技,16.18,2026-09-08,2016-05-19,2026-09-08,,False,False,False,ok,12,0,763469.2575733833,0.0,True,0.024095550804931764,933424.6919558116,864616.1801184022
002545,1000000.0,763164.6624266641,0.0,763164.6624266641,-236835.33757333586,63562.51657334001,18508.0,175,91,43,175,3,0.2751314148173429,False,东方铁塔,17.94,2026-09-08,2016-01-18,2026-09-08,,False,False,False,ok,13,0,763164.6624266641,0.0,True,0.03915453258670396,778631.5327420733,744272.5170494332
002546,1000000.0,1082381.4889047234,0.0,1082381.4889047234,82381.48890472343,59592.00809528002,5316.0,151,41,31,151,0,0.09434245030409676,False,新联电子,7.77,2026-09-08,2016-05-26,2026-09-08,,False,False,False,ok,12,0,1082381.4889047234,0.0,True,0.025986385089459735,943149.306296302,1003981.640367093
002547,1000000.0,576829.9798477486,0.0,576829.9798477486,-423170.02015225135,58218.00465225496,0.0,252,144,71,252,13,0.49109353762274777,False,*ST春兴,2.7,2026-09-08,2015-09-11,2026-09-08,,False,False,False,ok,4,0,576829.9798477486,0.0,True,0.04791347439510123,619330.4354190328,609564.3653363881
002548,1000000.0,749616.7846551312,0.0,749616.7846551312,-250383.21534486883,78013.41384487494,0.0,213,87,36,213,3,0.2914317972854695,False,金新农,4.65,2026-09-08,2016-05-12,2026-09-08,,False,False,False,ok,6,0,749616.7846551312,0.0,True,0.037546893394694164,870084.8363035838,785412.1244776251
002549,1000000.0,942013.1483152255,0.0,942013.1483152255,-57986.851684774505,70676.94218477998,5070.0,237,86,43,237,9,0.10355855741153355,False,凯美特气,13.83,2026-09-08,2016-05-26,2026-09-08,,False,False,False,ok,8,0,942013.1483152255,0.0,True,0.031939257077469016,1015122.5853404029,1000674.6837570698
002550,1000000.0,832110.8773999156,0.0,832110.8773999156,-167889.1226000844,76300.44610009008,26753.0,189,76,43,189,0,0.19813533827979163,False,千红制药,6.62,2026-09-08,2016-05-26,2026-09-08,,False,False,False,ok,12,0,832110.8773999156,0.0,True,0.03963209020627876,853570.6729327828,813833.910771314
002551,1000000.0,830794.4038839805,0.0,830794.4038839805,-169205.59611601953,60347.615116025,0.0,163,79,30,163,2,0.2377401481306318,False,尚荣医疗,3.4,2026-09-08,2016-05-26,2026-09-08,,False,False,False,ok,5,0,830794.4038839805,0.0,True,0.028229105482969457,902373.7185952929,835207.7126598096
002552,1000000.0,1000242.1073420432,0.0,1000242.1073420432,242.10734204319306,65638.41315795996,0.0,214,89,60,214,5,0.10344082151902784,False,宝鼎科技,47.47,2026-09-08,2016-04-27,2026-09-08,,False,False,False,ok,4,0,1000242.1073420432,0.0,True,0.0339410873663646,937599.4408783412,958932.1760659219
002553,1000000.0,980444.4465274201,0.0,980444.4465274201,-19555.553472579923,70102.78997258503,5560.0,238,93,35,238,2,0.16457934559386805,False,南方精工,17.66,2026-09-08,2016-04-27,2026-09-08,,False,False,False,ok,13,0,980444.4465274201,0.0,True,0.032235846832631934,903913.2632809227,918509.847056749
002554,1000000.0,963451.1620527849,0.0,963451.1620527849,-36548.83794721507,53980.00444722,890.0,141,79,41,141,3,0.16786320197929488,False,惠博普,3.01,2026-09-08,2016-03-30,2026-09-08,,False,False,False,ok,8,0,963451.1620527849,0.0,True,0.02565920543739756,912149.1626375231,979460.4734290139
002555,1000000.0,890445.5036312651,0.0,890445.5036312651,-109554.49636873486,74081.80986874002,16240.0,239,108,45,239,2,0.1282416318336706,False,三七互娱,18.84,2026-09-08,2015-11-18,2026-09-08,,False,False,False,ok,26,0,890445.5036312651,0.0,True,0.039383985630706594,1004894.1400323727,910559.4511659287
002556,1000000.0,658588.3167848749,0.0,658588.3167848749,-341411.6832151251,79145.81371513,3660.0,208,73,41,208,4,0.37917577024710036,False,辉隆股份,5.6,2026-09-08,2016-05-04,2026-09-08,,False,False,False,ok,14,0,658588.3167848749,0.0,True,0.04865460405670344,803664.4699498524,670929.6532310538
002557,1000000.0,969846.2049357317,0.0,969846.2049357317,-30153.795064268284,109264.46256428013,17500.0,253,69,46,253,0,0.13200573710372315,False,洽洽食品,19.47,2026-09-08,2016-05-26,2026-09-08,,False,False,False,ok,13,0,969846.2049357317,0.0,True,0.05062584163163003,987219.8662929044,955415.8767641368
002558,1000000.0,604418.9348675758,0.0,604418.9348675758,-395581.06513242424,66750.54813243,3880.9999999999995,213,82,34,213,2,0.4046215176052948,False,巨人网络,27.4,2026-09-08,2015-12-07,2026-09-08,,False,False,False,ok,14,0,604418.9348675758,0.0,True,0.04189058593526824,700574.8768555243,623851.3934281699
002559,1000000.0,883260.0849032026,0.0,883260.0849032026,-116739.9150967974,59109.53409679994,12045.0,180,71,34,180,6,0.1554164433944386,False,亚威股份,9.0,2026-09-08,2016-05-19,2026-09-08,,False,False,False,ok,12,0,883260.0849032026,0.0,True,0.028197552245550664,894397.8903800613,984223.4125435369
002560,1000000.0,854741.6332322549,0.0,854741.6332322549,-145258.36676774512,54548.96126775004,0.0,164,64,42,164,6,0.1615982123548887,False,通达股份,6.23,2026-09-08,2016-04-27,2026-09-08,,False,False,False,ok,8,0,854741.6332322549,0.0,True,0.027890094467736305,986715.5987518723,927832.903052238
002561,1000000.0,864888.1444650189,0.0,864888.1444650189,-135111.85553498112,67484.89203498498,5818.0,160,80,30,160,3,0.1809161193677215,False,徐家汇,7.59,2026-09-08,2016-05-26,2026-09-08,,False,False,False,ok,11,0,864888.1444650189,0.0,True,0.03446402602123689,863162.9426103121,862212.4197512327
002562,1000000.0,927658.3313006528,0.0,927658.3313006528,-72341.66869934718,76507.62619934998,4100.0,202,63,30,202,4,0.08394337713591846,False,兄弟科技,5.26,2026-09-08,2016-04-29,2026-09-08,,False,False,False,ok,7,0,927658.3313006528,0.0,True,0.03136202417912257,978344.3053630624,986506.4366460477
002563,1000000.0,875016.8121401048,0.0,875016.8121401048,-124983.18785989517,97375.46035990516,47955.0,227,116,57,227,2,0.21868528510304025,False,森马服饰,5.81,2026-09-08,2016-05-26,2026-09-08,,False,False,False,ok,16,0,875016.8121401048,0.0,True,0.05438066681553801,968882.0704506453,946300.0476077022
002564,1000000.0,947482.1480466211,0.0,947482.1480466211,-52517.85195337888,71527.64745338511,0.0,226,98,56,226,5,0.12862479308561686,False,天沃科技,5.41,2026-09-08,2016-01-07,2026-09-08,,False,False,False,ok,1,0,947482.1480466211,0.0,True,0.03798145361402054,882919.007653623,945669.4649545839
002565,1000000.0,742060.7806930197,0.0,742060.7806930197,-257939.21930698026,75152.51380698504,0.0,235,125,45,235,7,0.2764878980678666,False,顺灏股份,8.67,2026-09-08,2016-05-20,2026-09-08,,False,False,False,ok,5,0,742060.7806930197,0.0,True,0.04323596132669433,821505.9838756836,789672.2856715147
002566,1000000.0,978626.6795271699,0.0,978626.6795271699,-21373.32047283009,49940.93347283498,3645.0,115,20,12,115,1,0.11443285511174951,False,益盛药业,7.24,2026-09-08,2016-05-24,2026-09-08,,False,False,False,ok,9,0,978626.6795271699,0.0,True,0.018242229215670078,1026483.4017493424,962091.9817721185
002567,1000000.0,893657.2716306511,0.0,893657.2716306511,-106342.72836934892,87811.27986935506,8381.0,210,80,64,210,2,0.2157174681938639,False,唐人神,4.14,2026-09-08,2015-08-28,2026-09-08,,False,False,False,ok,8,0,893657.2716306511,0.0,True,0.0487535390234852,1007019.5922544033,917059.5407532948
002568,1000000.0,785204.6636545685,0.0,785204.6636545685,-214795.3363454315,73968.52004543704,1950.0,226,79,38,226,3,0.2808323686277295,False,百润股份,18.36,2026-09-08,2016-05-26,2026-09-08,,False,False,False,ok,9,0,785204.6636545685,0.0,True,0.03719062331798007,1029034.4280947325,1003128.039524882
002569,1000000.0,699043.1562760021,0.0,699043.1562760021,-300956.84372399794,75341.27372400503,0.0,244,145,78,244,24,0.3555416039215223,False,*ST步森,10.84,2026-09-08,2015-01-05,2026-09-08,,False,False,False,ok,0,0,699043.1562760021,0.0,True,0.057081038671469284,795200.4639705733,747816.9091953601
002570,1000000.0,935942.499745677,0.0,935942.499745677,-64057.50025432301,73639.98975433002,0.0,201,86,45,201,2,0.1971546667166719,False,贝因美,4.76,2026-09-08,2016-03-28,2026-09-08,,False,False,False,ok,0,0,935942.499745677,0.0,True,0.0414274945377558,832961.8038541335,849938.7170428744
002571,1000000.0,846255.5291561205,0.0,846255.5291561205,-153744.4708438795,62223.46684388504,0.0,212,122,60,212,4,0.19513391169491187,False,德力股份,11.79,2026-09-08,2015-02-10,2026-09-08,,False,False,False,ok,0,0,846255.5291561205,0.0,True,0.03468096306490648,881331.6434374336,822277.2460719096
002572,1000000.0,1008668.6078712818,0.0,1008668.6078712818,8668.607871281798,109281.60562872492,25860.0,258,70,30,258,2,0.0782067638257306,False,索菲亚,7.87,2026-09-08,2016-05-26,2026-09-08,,False,False,False,ok,12,0,1008668.6078712818,0.0,True,0.0473643699978527,1047913.8358546739,1047397.71615591
002573,1000000.0,905075.1642804511,0.0,905075.1642804511,-94924.83571954886,78559.370219555,0.0,158,25,24,158,0,0.14356526058947594,False,清新环境,3.31,2026-09-08,2015-08-28,2026-09-08,,False,False,False,ok,10,0,905075.1642804511,0.0,True,0.028485482731620694,1026074.6607093127,913459.3636643249
002574,1000000.0,852262.6307580532,0.0,852262.6307580532,-147737.36924194684,47840.48674195,0.0,135,50,32,135,3,0.20474190288818256,False,明牌珠宝,5.26,2026-09-08,2016-01-14,2026-09-08,,False,False,False,ok,7,0,852262.6307580532,0.0,True,0.02477901021811288,879155.7793786718,826785.1641186625
002575,1000000.0,883370.5501108909,0.0,883370.5501108909,-116629.44988910912,93242.94688911497,0.0,293,183,102,293,26,0.19473801498390786,False,群兴玩具,5.5,2026-09-08,2015-01-05,2026-09-08,,False,False,False,ok,1,0,883370.5501108909,0.0,True,0.054890975664612575,928246.421794134,876527.0180677752
002576,1000000.0,820081.500599094,0.0,820081.500599094,-179918.49940090603,45775.77540090999,765.0,178,68,39,178,1,0.19377335995230327,False,通达动力,14.78,2026-09-08,2015-01-05,2026-09-08,,False,False,False,ok,11,0,820081.500599094,0.0,True,0.04157088730924028,850490.407532502,834482.584435578
002577,1000000.0,944794.9682924931,0.0,944794.9682924931,-55205.03170750686,42579.417207509956,0.0,136,42,27,136,4,0.10715683200055601,False,雷柏科技,19.07,2026-09-08,2016-05-26,2026-09-08,,False,False,False,ok,0,0,944794.9682924931,0.0,True,0.020234432241212717,960662.8611802711,975589.8193059773
002578,1000000.0,615021.2450647702,0.0,615021.2450647702,-384978.7549352298,71719.37643523504,1224.0,199,75,48,199,5,0.39171218533269236,False,闽发铝业,4.24,2026-09-08,2015-10-22,2026-09-08,,False,False,False,ok,5,0,615021.2450647702,0.0,True,0.040944562609563834,777194.232941114,677050.7556430546
002579,1000000.0,839728.6046302445,0.0,839728.6046302445,-160271.39536975545,65136.01286976002,1560.0,203,71,29,203,3,0.20808580430182236,False,中京电子,17.06,2026-09-08,2015-11-23,2026-09-08,,False,False,False,ok,9,0,839728.6046302445,0.0,True,0.029999291736767283,897931.5279930525,846300.4156332138
002580,1000000.0,826532.5614834558,0.0,826532.5614834558,-173467.43851654418,65411.64401654995,424.0,209,65,40,209,4,0.1997767752511169,False,圣阳股份,21.12,2026-09-08,2015-10-19,2026-09-08,,False,False,False,ok,9,0,826532.5614834558,0.0,True,0.03191301437179265,913625.6322946623,839531.1966448992
002581,1000000.0,630409.2742816493,0.0,630409.2742816493,-369590.72571835073,67290.95821835498,0.0,242,103,56,242,14,0.40739145251828546,False,*ST未名,5.48,2026-09-08,2016-05-11,2026-09-08,,False,False,False,ok,2,0,630409.2742816493,0.0,True,0.03821683363976933,874981.2409708418,798806.9004965129
002582,1000000.0,825175.9864411895,0.0,825175.9864411895,-174824.01355881046,75678.13205881503,1374.6,196,72,37,196,0,0.1803440000891746,False,好想你,10.96,2026-09-08,2016-05-19,2026-09-08,,False,False,False,ok,12,0,825175.9864411895,0.0,True,0.03566705585226095,920245.106349193,870551.4080614183
002583,1000000.0,689620.9903712091,0.0,689620.9903712091,-310379.0096287909,57620.483628795,0.0,191,74,46,191,1,0.3349925891141636,False,海能达,8.57,2026-09-08,2016-04-29,2026-09-08,,False,False,False,ok,7,0,689620.9903712091,0.0,True,0.0301607796607885,865123.5266621221,840664.5671300726
002584,1000000.0,642535.0064317452,0.0,642535.0064317452,-357464.99356825475,72502.17306825989,735.0,265,106,72,265,15,0.36568795143455507,False,西陇科学,8.13,2026-09-08,2015-08-06,2026-09-08,,False,False,False,ok,5,0,642535.0064317452,0.0,True,0.04474343056886616,802796.3412719339,716187.4932421492
002585,1000000.0,890441.2741363135,0.0,890441.2741363135,-109558.72586368653,52693.65386368994,0.0,160,33,20,160,6,0.1613045241624896,False,双星新材,9.01,2026-09-08,2016-05-19,2026-09-08,,False,False,False,ok,12,0,890441.2741363135,0.0,True,0.020221418125445367,949196.0611572721,860011.5943085279
002586,1000000.0,769163.6058239428,0.0,769163.6058239428,-230836.3941760572,96336.40717606503,0.0,270,140,65,270,18,0.34254598285049315,False,ST围海,4.08,2026-09-08,2015-12-02,2026-09-08,,False,False,False,ok,5,0,769163.6058239428,0.0,True,0.05985447285682612,821303.9420141643,770561.5704127867
002587,1000000.0,1100561.9371086955,0.0,1100561.9371086955,100561.9371086955,64158.660891309984,0.0,178,61,25,178,1,0.084012656260196,False,奥拓电子,5.59,2026-09-08,2016-02-04,2026-09-08,,False,False,False,ok,13,0,1100561.9371086955,0.0,True,0.026005709447203155,1003620.380251572,1112129.5679455185
002588,1000000.0,907865.1717556656,0.0,907865.1717556656,-92134.82824433444,73877.42224433995,14980.0,175,53,31,175,1,0.2133898293071862,False,史丹利,8.53,2026-09-08,2016-05-26,2026-09-08,,False,False,False,ok,13,0,907865.1717556656,0.0,True,0.035003538465006735,864116.6349787218,822138.568825744
002589,1000000.0,818439.250738886,0.0,818439.250738886,-181560.74926111405,81140.71876111998,2324.6,203,70,54,203,0,0.23941403551335536,False,瑞康医药,3.36,2026-09-08,2016-05-26,2026-09-08,,False,False,False,ok,12,0,818439.250738886,0.0,True,0.03819269572694859,889513.7275802039,804896.4557659457
002590,1000000.0,898273.0831329537,0.0,898273.0831329537,-101726.91686704627,52596.62286705004,654.0,181,55,42,181,2,0.17729844783151255,False,万安科技,9.92,2026-09-08,2016-05-26,2026-09-08,,False,False,False,ok,10,0,898273.0831329537,0.0,True,0.025656135560096348,938700.7971050324,857228.8874934526
002591,1000000.0,966065.792217267,0.0,966065.792217267,-33934.20778273302,63949.949282735,0.0,196,109,72,196,3,0.11629286951541948,False,恒大高新,6.55,2026-09-08,2015-11-02,2026-09-08,,False,False,False,ok,2,0,966065.792217267,0.0,True,0.033181489980137396,976982.8493798719,1020998.8344599218
002592,1000000.0,533321.0531293044,0.0,533321.0531293044,-466678.94687069557,73612.7018707001,3000.0,275,117,60,275,5,0.46667894687069555,False,ST八菱,6.7,2026-09-08,2015-11-30,2026-09-08,,False,False,False,ok,6,0,533321.0531293044,0.0,True,0.07349205473241473,604415.4964061726,587170.0398274688
002593,1000000.0,746208.3572516342,0.0,746208.3572516342,-253791.64274836576,44557.41074836996,5350.0,135,74,42,135,5,0.26327144553760934,False,日上集团,4.61,2026-09-08,2016-05-26,2026-09-08,,False,False,False,ok,11,0,746208.3572516342,0.0,True,0.026260508156164476,875181.0221860525,822519.6373884737
002594,1000000.0,759224.8575723178,0.0,759224.8575723178,-240775.14242768218,83110.45742769001,4463.0,229,28,11,229,1,0.24420641275901345,False,比亚迪,86.57,2026-09-08,2016-05-26,2026-09-08,,False,False,False,ok,11,0,759224.8575723178,0.0,True,0.04529377579307393,891960.5540515543,862304.277624641
002595,1000000.0,1047677.6848350016,0.0,1047677.6848350016,47677.68483500159,115384.90636500693,10275.0,242,77,47,242,0,0.17337830220620484,False,豪迈科技,40.92,2026-09-08,2016-05-26,2026-09-08,,False,False,False,ok,13,0,1047677.6848350016,0.0,True,0.06166349635117581,909536.4443050136,848733.3238982852
002596,1000000.0,983485.8972212768,0.0,983485.8972212768,-16514.10277872323,74674.37277873004,0.0,216,108,60,216,3,0.22045507707679038,False,海南瑞泽,3.49,2026-09-08,2015-11-27,2026-09-08,,False,False,False,ok,6,0,983485.8972212768,0.0,True,0.038913554748874375,908008.5307265037,982316.8203906252
002597,1000000.0,1051880.9845233355,0.0,1051880.9845233355,51880.98452333547,99616.18347666996,1840.0,231,50,31,231,2,0.12375780844948261,False,金禾实业,22.2,2026-09-08,2016-05-26,2026-09-08,,False,False,False,ok,12,0,1051880.9845233355,0.0,True,0.03957740406038191,1040642.2442899423,993530.989813224
002598,1000000.0,993621.0625340093,0.0,993621.0625340093,-6378.937465990661,67489.80546599498,0.0,174,52,35,174,6,0.18189077418959682,False,ST章鼓,7.11,2026-09-08,2016-05-11,2026-09-08,,False,False,False,ok,10,0,993621.0625340093,0.0,True,0.03197444662924103,898384.9031610719,933203.1801166032
002599,1000000.0,797000.33980961,0.0,797000.33980961,-202999.66019038996,78717.32669039497,0.0,247,127,67,247,4,0.2190165872179464,False,盛通股份,5.95,2026-09-08,2016-01-25,2026-09-08,,False,False,False,ok,8,0,797000.33980961,0.0,True,0.046168079809364826,843258.582627613,841295.4588718541
002600,1000000.0,892822.6562108886,0.0,892822.6562108886,-107177.34378911136,63761.43928911501,2760.0,228,118,70,228,4,0.23363255054521057,False,领益智造,12.43,2026-09-08,2015-11-25,2026-09-08,,False,False,False,ok,11,0,892822.6562108886,0.0,True,0.03646567117196248,895922.8329394227,879566.7970581882
002601,1000000.0,934581.6116104509,0.0,934581.6116104509,-65418.3883895491,81868.05688955497,7491.000000000001,202,59,32,202,1,0.1779189441569274,False,龙佰集团,15.74,2026-09-08,2016-03-29,2026-09-08,,False,False,False,ok,22,0,934581.6116104509,0.0,True,0.03900746657712099,1042478.1016266432,964901.3072711645
002602,1000000.0,947651.8009657115,0.0,947651.8009657115,-52348.199034288526,90969.26003429497,0.0,229,107,65,229,3,0.1596484269902859,False,世纪华通,16.13,2026-09-08,2015-12-08,2026-09-08,,False,False,False,ok,7,0,947651.8009657115,0.0,True,0.05220291465471539,922904.2589011745,931226.8282025149
002603,1000000.0,818394.655154632,0.0,818394.655154632,-181605.34484536794,87947.74834537489,5650.0,224,92,47,224,4,0.24714533913355874,False,以岭药业,15.89,2026-09-08,2016-05-26,2026-09-08,,False,False,False,ok,12,0,818394.655154632,0.0,True,0.04532417946137971,935600.0755483441,965524.6551001051
002604,1000000.0,1000000.0,0.0,1000000.0,0.0,0.0,0.0,0,0,0,0,0,0.0,False,龙力退,0.25,2026-09-08,2015-01-05,2020-07-14,,False,True,False,ok,0,1,1000000.0,0.0,True,0.0,1000000.0,1000000.0
002605,1000000.0,890134.9400195206,0.0,890134.9400195206,-109865.05998047942,73152.51948048497,0.0,230,74,28,230,3,0.16595988212253146,False,姚记科技,17.69,2026-09-08,2016-05-16,2026-09-08,,False,False,False,ok,10,0,890134.9400195206,0.0,True,0.03304541544817445,1016001.6166117528,901889.9589669087
002606,1000000.0,682232.2019873236,0.0,682232.2019873236,-317767.7980126764,46282.85501268004,1727.6,191,68,42,191,10,0.35584604576336193,False,大连电瓷,12.86,2026-09-08,2015-07-10,2026-09-08,,False,False,False,ok,13,0,682232.2019873236,0.0,True,0.0505158447988375,755757.0283293623,696409.9475309082
002607,1000000.0,897590.1086478987,0.0,897590.1086478987,-102409.89135210135,71950.730852105,8102.0,221,168,76,221,6,0.1953453560712409,False,中公教育,2.13,2026-09-08,2015-12-30,2026-09-08,,False,False,False,ok,6,0,897590.1086478987,0.0,True,0.04127554480397189,970400.0834761712,965172.372422342
002608,1000000.0,725034.0126833001,0.0,725034.0126833001,-274965.98731669993,61912.433816704935,0.0,142,43,32,142,1,0.27855785155094814,False,江苏国信,7.59,2026-09-08,2015-01-09,2026-09-08,,False,False,False,ok,5,0,725034.0126833001,0.0,True,0.03219758205674279,811166.0160900429,772751.1903239889
002609,1000000.0,689145.5574237755,0.0,689145.5574237755,-310854.44257622445,74955.42357622994,11964.0,198,80,51,198,3,0.3238094042991545,False,捷顺科技,7.88,2026-09-08,2016-04-26,2026-09-08,,False,False,False,ok,13,0,689145.5574237755,0.0,True,0.055899992204044485,723989.8981127037,774723.8635984694
002610,1000000.0,1000000.0,0.0,1000000.0,0.0,0.0,0.0,0,0,0,0,0,0.0,False,ST爱康,0.37,2026-09-08,2015-01-05,2024-06-18,,False,True,False,ok,0,2,1000000.0,0.0,True,0.0,1000000.0,1000000.0
002611,1000000.0,948499.9518538647,0.0,948499.9518538647,-51500.04814613529,70839.62064614,406.0,205,86,40,205,2,0.11982242549494639,False,东方精工,14.62,2026-09-08,2015-12-08,2026-09-08,,False,False,False,ok,6,0,948499.9518538647,0.0,True,0.0324259272433204,1018690.0877103924,992194.1910280786
002612,1000000.0,859954.3206446832,0.0,859954.3206446832,-140045.6793553168,59332.03435532001,3315.0,191,65,23,191,3,0.1617492286949678,False,朗姿股份,16.8,2026-09-08,2015-12-01,2026-09-08,,False,False,False,ok,12,0,859954.3206446832,0.0,True,0.028594467497854843,969820.7714850913,876700.5253122768
002613,1000000.0,878675.3157577597,0.0,878675.3157577597,-121324.68424224027,63932.794242245036,2390.4999999999995,185,83,41,185,4,0.17135844124729074,False,北玻股份,3.5,2026-09-08,2016-05-23,2026-09-08,,False,False,False,ok,6,0,878675.3157577597,0.0,True,0.03058992496417414,956183.6823139931,1004972.988999339
002614,1000000.0,805799.3609690905,0.0,805799.3609690905,-194200.63903090951,69553.45353091498,16010.0,188,76,37,188,2,0.21627491557632492,False,奥佳华,5.81,2026-09-08,2016-05-19,2026-09-08,,False,False,False,ok,12,0,805799.3609690905,0.0,True,0.03316852113534517,858549.8567906733,864804.4293704592
002615,1000000.0,812962.6083812404,0.0,812962.6083812404,-187037.3916187596,66014.294118765,0.0,192,64,30,192,3,0.21370227691726446,False,哈尔斯,6.58,2026-09-08,2016-05-12,2026-09-08,,False,False,False,ok,11,0,812962.6083812404,0.0,True,0.03161374818849386,810249.7993390737,839814.1926144898
002616,1000000.0,731254.1896832392,0.0,731254.1896832392,-268745.8103167608,69673.52181676505,0.0,196,72,37,196,2,0.290073293956503,False,长青集团,4.97,2026-09-08,2016-05-26,2026-09-08,,False,False,False,ok,10,0,731254.1896832392,0.0,True,0.03439792331233119,810814.3605053526,756939.4026181084
002617,1000000.0,900593.3986389952,0.0,900593.3986389952,-99406.60136100475,78856.14586100995,0.0,214,90,62,214,2,0.1974223956008528,False,露笑科技,6.27,2026-09-08,2015-05-18,2026-09-08,,False,False,False,ok,4,0,900593.3986389952,0.0,True,0.04467990863361237,941356.5904492732,859140.0819702991
002618,1000000.0,1000000.0,0.0,1000000.0,0.0,0.0,0.0,0,0,0,0,0,0.0,False,丹邦退,1.26,2026-09-08,2015-01-05,2022-06-21,,False,True,False,ok,0,3,1000000.0,0.0,True,0.0,1000000.0,1000000.0
002619,1000000.0,1000000.0,0.0,1000000.0,0.0,0.0,0.0,0,0,0,0,0,0.0,False,*ST艾格,0.56,2026-09-08,2015-01-05,2022-03-31,,False,True,False,ok,0,2,1000000.0,0.0,True,0.0,1000000.0,1000000.0
002620,1000000.0,987339.3402258017,0.0,987339.3402258017,-12660.659774198313,56544.362274200015,0.0,174,79,48,174,5,0.09347060383980704,False,*ST瑞和,5.96,2026-09-08,2016-05-24,2026-09-08,,False,False,False,ok,7,0,987339.3402258017,0.0,True,0.028363972548366187,975957.7622689208,980185.9964087408
002621,1000000.0,862365.8421068301,0.0,862365.8421068301,-137634.1578931699,6483.241393170002,0.0,19,28,13,19,1,0.15907083179123283,False,*ST美吉,0.37,2026-09-08,2015-01-05,2024-06-13,,False,True,False,ok,0,3,862365.8421068301,0.0,True,0.018804676663660452,862365.8421068301,862365.8421068301
002622,1000000.0,916868.0589255942,0.0,916868.0589255942,-83131.9410744058,60783.199574410035,0.0,198,123,64,198,8,0.18221659952691172,False,皓宸医疗,2.71,2026-09-08,2015-01-05,2026-09-08,,False,False,False,ok,2,0,916868.0589255942,0.0,True,0.036408639170956776,911260.9374536413,891433.4118289982
002623,1000000.0,818575.2979753735,0.0,818575.2979753735,-181424.70202462655,58114.48102462999,15600.0,197,64,34,197,5,0.19580847996662656,False,亚玛顿,16.35,2026-09-08,2016-04-28,2026-09-08,,False,False,False,ok,8,0,818575.2979753735,0.0,True,0.029780699691560074,935519.5117332514,885148.0598745176
002624,1000000.0,740098.6525844595,0.0,740098.6525844595,-259901.34741554048,72565.46791554507,3464.0,228,88,31,228,6,0.30900959261189376,False,完美世界,11.51,2026-09-08,2016-01-29,2026-09-08,,False,False,False,ok,12,0,740098.6525844595,0.0,True,0.035550633641172585,854143.901368443,790175.6380235689
002625,1000000.0,823408.0002231091,0.0,823408.0002231091,-176591.99977689085,65188.93077689503,0.0,231,77,40,231,3,0.24591879006467535,False,光启技术,27.88,2026-09-08,2015-09-23,2026-09-08,,False,False,False,ok,6,0,823408.0002231091,0.0,True,0.038075939263736786,807821.7551180127,789315.6052156033
002626,1000000.0,964725.16407277,0.0,964725.16407277,-35274.83592722996,77909.634927235,17500.0,206,71,37,206,1,0.1397605616933811,False,金达威,17.03,2026-09-08,2016-05-19,2026-09-08,,False,False,False,ok,12,0,964725.16407277,0.0,True,0.033983433541161255,1098180.1285160927,1095530.6234141085
002627,1000000.0,864058.6558179111,0.0,864058.6558179111,-135941.34418208885,82381.68518209505,0.0,195,95,75,195,2,0.24163772775747658,False,三峡旅游,7.37,2026-09-08,2016-04-12,2026-09-08,,False,False,False,ok,11,0,864058.6558179111,0.0,True,0.05299992560288827,803047.1380245634,811779.5633738348
002628,1000000.0,803052.48469334,0.0,803052.48469334,-196947.51530665997,65372.39380666503,0.0,174,65,34,174,3,0.2518031106161694,False,成都路桥,5.21,2026-09-08,2016-05-03,2026-09-08,,False,False,False,ok,5,0,803052.48469334,0.0,True,0.030826487190344688,930905.9913986224,870396.1830804385
002629,1000000.0,793527.7113825751,0.0,793527.7113825751,-206472.2886174249,73234.45111743013,0.0,263,163,75,263,8,0.2701346572402752,False,仁智股份,5.05,2026-09-08,2015-12-18,2026-09-08,,False,False,False,ok,1,0,793527.7113825751,0.0,True,0.04579718657254195,765231.0502027317,749969.8293186335
002630,1000000.0,724288.0296027124,0.0,724288.0296027124,-275711.97039728763,90392.46389729502,1755.0,230,103,64,230,14,0.2944207708714001,False,*ST华西,1.72,2026-09-08,2015-08-28,2026-09-08,,False,False,False,ok,4,0,724288.0296027124,0.0,True,0.05950339095553282,761342.8119763343,717307.68046225
002631,1000000.0,1051209.9142088292,0.0,1051209.9142088292,51209.91420882917,57856.54029117501,1206.0,173,30,14,173,2,0.10956782870672817,False,德尔未来,10.99,2026-09-08,2015-10-27,2026-09-08,,False,False,False,ok,10,0,1051209.9142088292,0.0,True,0.02128201884778804,932102.9390932623,918808.0719793832
002632,1000000.0,914077.3527845544,0.0,914077.3527845544,-85922.64721544564,62781.858215450025,4710.0,181,51,32,181,0,0.16150906638743032,False,道明光学,9.24,2026-09-08,2015-12-29,2026-09-08,,False,False,False,ok,14,0,914077.3527845544,0.0,True,0.027854955816905884,926716.1285674622,891564.1635659628
002633,1000000.0,827614.910645663,0.0,827614.910645663,-172385.08935433696,56550.29785434003,0.0,172,62,31,172,4,0.19947084500067283,False,申科股份,14.79,2026-09-08,2015-09-25,2026-09-08,,False,False,False,ok,0,0,827614.910645663,0.0,True,0.02775861105645362,902973.7631765713,860962.9905627673
002634,1000000.0,1000000.0,0.0,1000000.0,0.0,0.0,0.0,0,0,0,0,0,0.0,False,*ST棒杰,4.35,2026-09-08,2016-05-11,2026-09-08,,False,False,True,ok,4,0,1000000.0,0.0,True,0.0,1000000.0,1000000.0
002635,1000000.0,912302.1139053593,0.0,912302.1139053593,-87697.88609464071,59551.005594644965,7250.0,191,61,27,191,3,0.21596433200882859,False,安洁科技,14.83,2026-09-08,2016-02-23,2026-09-08,,False,False,False,ok,11,0,912302.1139053593,0.0,True,0.0283362025137487,874676.9973971723,867842.526156113
002636,1000000.0,1011501.93966699,0.0,1011501.93966699,11501.939666989958,55083.18333301502,0.0,183,46,29,183,3,0.10947974224273486,False,金安国纪,68.64,2026-09-08,2016-05-26,2026-09-08,,False,False,False,ok,8,0,1011501.93966699,0.0,True,0.022487817765985043,947641.104137033,976583.8390803892
002637,1000000.0,831404.935075165,0.0,831404.935075165,-168595.064924835,72306.64892483994,4760.0,189,56,36,189,3,0.1869162573006141,False,赞宇科技,13.55,2026-09-08,2016-05-10,2026-09-08,,False,False,False,ok,12,0,831404.935075165,0.0,True,0.031048376729622736,967843.5475834034,903113.9422717295
002638,1000000.0,839844.1080461098,0.0,839844.1080461098,-160155.8919538902,63941.01395389498,0.0,216,101,53,216,8,0.23057840770333238,False,勤上股份,4.39,2026-09-08,2015-01-12,2026-09-08,,False,False,False,ok,2,0,839844.1080461098,0.0,True,0.058495651057910644,892322.7276875924,855843.2068193683
002639,1000000.0,1116612.0433755196,0.0,1116612.0433755196,116612.04337551957,89090.01712448498,0.0,233,91,50,233,3,0.12244379358872824,False,雪人集团,14.78,2026-09-08,2016-05-26,2026-09-08,,False,False,False,ok,5,0,1116612.0433755196,0.0,True,0.03726874483387428,1120749.4891279726,1017018.9399749241
002640,1000000.0,975597.1086677837,0.0,975597.1086677837,-24402.891332216328,75238.20683222005,2530.5,257,109,56,257,9,0.11338907126974163,False,跨境通,3.54,2026-09-08,2016-02-19,2026-09-08,,False,False,False,ok,6,0,975597.1086677837,0.0,True,0.03544782386442671,981344.7300021917,1055987.3622448617
002641,1000000.0,792352.1456153716,0.0,792352.1456153716,-207647.85438462836,74979.58988463509,4846.4,172,96,55,172,0,0.24384010711001422,False,公元股份,4.03,2026-09-08,2016-05-26,2026-09-08,,False,False,False,ok,12,0,792352.1456153716,0.0,True,0.042928058679007536,880271.9838235738,855570.8516953005
002642,1000000.0,1041216.6011575129,0.0,1041216.6011575129,41216.601157512865,61801.11634248998,0.0,203,69,43,203,10,0.14465201225462004,False,荣联科技,7.2,2026-09-08,2015-12-11,2026-09-08,,False,False,False,ok,3,0,1041216.6011575129,0.0,True,0.02825372804025059,924190.7945728509,996909.4786937467
002643,1000000.0,765976.3893519689,0.0,765976.3893519689,-234023.6106480311,53046.44014803503,7621.200000000001,170,33,15,170,1,0.23538281234181113,False,万润股份,12.75,2026-09-08,2016-05-26,2026-09-08,,False,False,False,ok,12,0,765976.3893519689,0.0,True,0.022789428043572636,828677.6346652724,776758.6513958033
002644,1000000.0,786259.5566162947,0.0,786259.5566162947,-213740.44338370534,77880.11488370986,0.0,200,59,50,200,1,0.2313103278320676,False,佛慈制药,8.86,2026-09-08,2016-05-16,2026-09-08,,False,False,False,ok,13,0,786259.5566162947,0.0,True,0.04033528320926572,778278.3234913328,850431.2302246786
002645,1000000.0,790959.7142072244,0.0,790959.7142072244,-209040.28579277557,60149.35979277999,4444.0,228,91,46,228,4,0.2477653354670881,False,华宏科技,17.8,2026-09-08,2016-05-11,2026-09-08,,False,False,False,ok,9,0,790959.7142072244,0.0,True,0.030325426393420545,889892.3014035128,849720.5342427082
002646,1000000.0,954264.970047205,0.0,954264.970047205,-45735.02995279501,69679.32845279998,1108.8,176,46,31,176,2,0.12199744386499158,False,天佑德酒,7.38,2026-09-08,2016-05-26,2026-09-08,,False,False,False,ok,12,0,954264.970047205,0.0,True,0.030663568979380322,941212.7339151626,912024.1980412789
002647,1000000.0,630508.4079297446,0.0,630508.4079297446,-369491.5920702554,74365.36832026008,0.0,258,120,76,258,28,0.4563636033982202,False,仁东控股,11.58,2026-09-08,2015-01-23,2026-09-08,,False,False,False,ok,3,0,630508.4079297446,0.0,True,0.07903941266854712,587775.7333343229,603594.317368899
002648,1000000.0,997665.7480431759,0.0,997665.7480431759,-2334.251956824097,73057.15095683,9840.0,202,73,39,202,5,0.11202603813035802,False,卫星化学,27.69,2026-09-08,2016-05-24,2026-09-08,,False,False,False,ok,10,0,997665.7480431759,0.0,True,0.03407837886451427,1061185.9251592627,1000453.6100459744
002649,1000000.0,900806.269503473,0.0,900806.269503473,-99193.73049652705,52482.73615652999,3478.67616,149,31,13,149,1,0.11454329825678747,False,博彦科技,9.74,2026-09-08,2016-05-26,2026-09-08,,False,False,False,ok,12,0,900806.269503473,0.0,True,0.020738295399343135,940544.2432874821,953267.1979324472
002650,1000000.0,958944.0853985967,0.0,958944.0853985967,-41055.91460140329,88234.43160140999,3744.5,226,121,68,226,8,0.1596370305405758,False,ST加加,6.26,2026-09-08,2015-01-19,2026-09-08,,False,False,False,ok,7,0,958944.0853985967,0.0,True,0.08596731612730557,1054780.6812023337,1065863.4228577698
002651,1000000.0,909620.0442058941,0.0,909620.0442058941,-90379.95579410589,51114.35829410998,0.0,164,53,16,164,1,0.1171504005591528,False,利君股份,8.76,2026-09-08,2016-05-26,2026-09-08,,False,False,False,ok,14,0,909620.0442058941,0.0,True,0.021682890966443755,1012839.8387078634,987347.6517222186
002652,1000000.0,1000585.4057699307,0.0,1000585.4057699307,585.4057699306868,77846.40673007506,4250.0,191,102,59,191,1,0.11142870790424335,False,扬子新材,4.59,2026-09-08,2015-05-08,2026-09-08,,False,False,False,ok,4,0,1000585.4057699307,0.0,True,0.04218236121457611,997132.2755826034,990067.5857753943
002653,1000000.0,978803.9147489109,0.0,978803.9147489109,-21196.08525108907,83317.98025109502,553.5,260,100,50,260,1,0.1240779767077428,False,海思科,65.02,2026-09-08,2016-05-26,2026-09-08,,False,False,False,ok,14,0,978803.9147489109,0.0,True,0.04338248444568157,925257.1269868931,915682.0824362846
002654,1000000.0,1218357.51910101,0.0,1218357.51910101,218357.51910100994,63633.38839899503,0.0,205,83,55,205,2,0.09905484128377173,False,万润科技,13.95,2026-09-08,2015-03-27,2026-09-08,,False,False,False,ok,5,0,1218357.51910101,0.0,True,0.030001883481582264,1064642.0760040926,1079658.3514560887
002655,1000000.0,959555.2151180928,0.0,959555.2151180928,-40444.784881907166,58851.60688190999,0.0,197,56,38,197,6,0.1315875001763959,False,共达电声,39.1,2026-09-08,2016-02-22,2026-09-08,,False,False,False,ok,7,0,959555.2151180928,0.0,True,0.02407058159161661,1068728.434380552,1089508.6759027822
002656,1000000.0,572363.1231820366,0.0,572363.1231820366,-427636.87681796344,75980.72881797006,80.4,278,161,90,278,31,0.49631469909754033,False,*ST摩登,2.96,2026-09-08,2015-01-05,2026-09-08,,False,False,False,ok,4,0,572363.1231820366,0.0,True,0.07200066862525738,796394.9793701333,644877.5932019948
002657,1000000.0,800953.6045122189,0.0,800953.6045122189,-199046.39548778115,53790.79798778497,114.24000000000001,192,57,25,192,6,0.22782326152070273,False,中科金财,16.35,2026-09-08,2016-05-26,2026-09-08,,False,False,False,ok,5,0,800953.6045122189,0.0,True,0.02450942731650643,986056.2162329922,901684.9834026837
002658,1000000.0,799848.858043546,0.0,799848.858043546,-200151.14195645403,55886.68195645999,15684.0,186,65,27,186,2,0.24489915969500303,False,雪迪龙,7.75,2026-09-08,2016-05-13,2026-09-08,,False,False,False,ok,13,0,799848.858043546,0.0,True,0.028255892490402605,882718.2707847827,849844.4053323243
002659,1000000.0,864185.1030108904,0.0,864185.1030108904,-135814.89698910958,72431.32098911497,0.0,218,64,33,218,5,0.21929581916289603,False,凯文教育,4.82,2026-09-08,2016-02-01,2026-09-08,,False,False,False,ok,1,0,864185.1030108904,0.0,True,0.03815598448678624,789239.6583208339,837524.2494217497
002660,1000000.0,929381.538815239,0.0,929381.538815239,-70618.46118476102,49003.16568476502,0.0,158,50,26,158,3,0.14928224475568572,False,茂硕电源,8.08,2026-09-08,2016-05-26,2026-09-08,,False,False,False,ok,4,0,929381.538815239,0.0,True,0.0215882951331089,865249.3877909819,899945.2512824434
002661,1000000.0,725531.7889491767,0.0,725531.7889491767,-274468.21105082333,87058.93805083,9700.0,190,65,44,190,1,0.27918759269643384,False,克明食品,8.68,2026-09-08,2016-03-09,2026-09-08,,False,False,False,ok,13,0,725531.7889491767,0.0,True,0.06002402145868207,775148.8626543642,778934.6619083807
002662,1000000.0,796622.790693709,0.0,796622.790693709,-203377.20930629096,53116.174806294985,9797.2,163,71,33,163,5,0.22270872398868408,False,峰璟股份,3.32,2026-09-08,2016-03-07,2026-09-08,,False,False,False,ok,9,0,796622.790693709,0.0,True,0.02529557613103914,866887.3607314529,803774.0590429881
002663,1000000.0,779979.9993345034,0.0,779979.9993345034,-220020.00066549657,57298.6126655,612.5000000000001,152,83,40,152,1,0.25451177436980504,False,普邦股份,1.81,2026-09-08,2015-10-12,2026-09-08,,False,False,False,ok,5,0,779979.9993345034,0.0,True,0.035624900460873986,812072.1015452819,830679.9187014679
002664,1000000.0,796151.5035982303,0.0,796151.5035982303,-203848.4964017697,63143.73040177496,4717.0,197,67,23,197,5,0.23389750393008996,False,信质集团,15.33,2026-09-08,2015-09-24,2026-09-08,,False,False,False,ok,11,0,796151.5035982303,0.0,True,0.049513491173296564,893777.5192819529,880087.0797062237
002665,1000000.0,1000000.0,0.0,1000000.0,0.0,0.0,0.0,0,0,0,0,0,0.0,False,ST航高,0.37,2026-09-08,2015-01-05,2024-06-27,,False,True,False,ok,0,2,1000000.0,0.0,True,0.0,1000000.0,1000000.0
002666,1000000.0,840109.6047563101,0.0,840109.6047563101,-159890.39524368988,54348.39574369496,0.0,128,45,29,128,3,0.21343911408714533,False,德联集团,4.36,2026-09-08,2016-05-26,2026-09-08,,False,False,False,ok,9,0,840109.6047563101,0.0,True,0.025246736618061264,945465.1062062524,908971.0760077392
002667,1000000.0,901399.3193194903,0.0,901399.3193194903,-98600.68068050966,60304.05218051504,222.0,216,105,59,216,25,0.13777838071945772,False,*ST威领,18.06,2026-09-08,2016-05-03,2026-09-08,,False,False,False,ok,6,0,901399.3193194903,0.0,True,0.03218226309270441,969833.0533278328,907852.4966048843
002668,1000000.0,691552.8180153866,0.0,691552.8180153866,-308447.1819846134,76251.17048462006,1539.0,275,116,67,275,12,0.34730670674008984,False,TCL智家,9.15,2026-09-08,2015-07-22,2026-09-08,,False,False,False,ok,5,0,691552.8180153866,0.0,True,0.06785234793683648,689975.0774968836,734883.4851413247
002669,1000000.0,827554.2768741193,0.0,827554.2768741193,-172445.7231258807,61052.140625885,5345.0,178,80,37,178,3,0.2308757952565748,False,康达新材,12.31,2026-09-08,2015-10-15,2026-09-08,,False,False,False,ok,9,0,827554.2768741193,0.0,True,0.03013480508901089,951347.8662789725,911388.6384723836
002670,1000000.0,871176.4217853441,0.0,871176.4217853441,-128823.57821465586,90973.14271466016,174.0,281,136,63,281,7,0.21385803427506875,False,国盛证券,12.37,2026-09-08,2016-01-27,2026-09-08,,False,False,False,ok,3,0,871176.4217853441,0.0,True,0.04768763632952504,888046.2135969517,857777.2853060024
002671,1000000.0,738531.5892792495,0.0,738531.5892792495,-261468.41072075046,62083.657720754985,168.0,185,69,22,185,4,0.28535795926127094,False,龙泉股份,4.14,2026-09-08,2016-05-24,2026-09-08,,False,False,False,ok,4,0,738531.5892792495,0.0,True,0.03199937948948573,740130.456010063,745764.2884139941
002672,1000000.0,732626.395941955,0.0,732626.395941955,-267373.60405804496,63819.20755804997,3177.9999999999995,149,45,25,149,2,0.29622560717801877,False,东江环保,3.8,2026-09-08,2016-04-01,2026-09-08,,False,False,False,ok,8,0,732626.395941955,0.0,True,0.03289095284792156,840919.9880396626,751729.8742509339
002673,1000000.0,1000000.0,0.0,1000000.0,0.0,0.0,0.0,0,0,0,0,0,0.0,False,西部证券,6.87,2026-09-08,2016-05-18,2026-09-08,,False,False,True,ok,16,0,1000000.0,0.0,True,0.0,1000000.0,1000000.0
002674,1000000.0,971974.9798082459,0.0,971974.9798082459,-28025.020191754098,74151.63819175994,20210.0,209,81,42,209,7,0.18048608920733258,False,兴业科技,21.05,2026-09-08,2016-05-26,2026-09-08,,False,False,False,ok,9,0,971974.9798082459,0.0,True,0.03555036318298991,908777.2924796636,884949.6997011744
002675,1000000.0,994611.0426294769,0.0,994611.0426294769,-5388.9573705231305,85164.35812052994,8909.26075,220,70,32,220,2,0.08309776411699281,False,东诚药业,12.61,2026-09-08,2015-05-25,2026-09-08,,False,False,False,ok,14,0,994611.0426294769,0.0,True,0.037519100232688826,1014288.0989788834,976386.8611867444
002676,1000000.0,715888.21656539,0.0,715888.21656539,-284111.78343461,59768.79943461501,281.0,207,129,81,207,9,0.33123637156215885,False,顺威股份,5.38,2026-09-08,2015-09-17,2026-09-08,,False,False,False,ok,6,0,715888.21656539,0.0,True,0.04245243148906187,830748.3895400421,787975.5408644595
002677,1000000.0,842411.147504536,0.0,842411.147504536,-157588.85249546403,100552.09049547,17422.0,219,79,49,219,3,0.23799000856828775,False,浙江美大,6.59,2026-09-08,2016-05-19,2026-09-08,,False,False,False,ok,12,0,842411.147504536,0.0,True,0.04625992806710235,986008.7368257227,954778.5455196947
002678,1000000.0,848665.4821945028,0.0,848665.4821945028,-151334.51780549716,75520.29380550499,0.0,180,72,52,180,2,0.18649049985646887,False,珠江钢琴,4.79,2026-09-08,2016-05-26,2026-09-08,,False,False,False,ok,10,0,848665.4821945028,0.0,True,0.039448515826446456,901149.1816097358,888836.6339101165
002679,1000000.0,737179.3138803743,0.0,737179.3138803743,-262820.6861196257,65868.00236962996,3450.0,225,130,71,225,1,0.2921748287279819,False,福建金森,11.47,2026-09-08,2016-05-25,2026-09-08,,False,False,False,ok,12,0,737179.3138803743,0.0,True,0.04356337993323499,810573.5862393426,715256.3596734733
002680,1000000.0,1000000.0,0.0,1000000.0,0.0,0.0,0.0,0,0,0,0,0,0.0,False,长生退,0.77,2026-09-08,2015-01-05,2019-11-26,,False,True,False,ok,0,2,1000000.0,0.0,True,0.0,1000000.0,1000000.0
002681,1000000.0,812157.5333949896,0.0,812157.5333949896,-187842.46660501044,56862.15310501504,0.0,198,77,40,198,1,0.2672060457682126,False,奋达科技,4.88,2026-09-08,2016-01-19,2026-09-08,,False,False,False,ok,4,0,812157.5333949896,0.0,True,0.030111842603577844,781928.8418517718,772081.4325119581
002682,1000000.0,1000000.0,0.0,1000000.0,0.0,0.0,0.0,0,0,0,0,2,0.0,False,龙洲股份,5.42,2026-09-08,2016-01-14,2026-09-08,,False,False,True,ok,6,0,1000000.0,0.0,True,0.0,1000000.0,1000000.0
002683,1000000.0,875364.7408962941,0.0,875364.7408962941,-124635.25910370587,54082.64360370999,6680.0,168,37,27,168,0,0.16032653712837572,False,广东宏大,30.37,2026-09-08,2016-05-12,2026-09-08,,False,False,False,ok,15,0,875364.7408962941,0.0,True,0.02485592869033553,897373.130786203,864588.8628484034
002684,1000000.0,1000000.0,0.0,1000000.0,0.0,0.0,0.0,0,0,0,0,0,0.0,False,猛狮退,0.69,2026-09-08,2015-01-05,2022-06-24,,False,True,False,ok,0,3,1000000.0,0.0,True,0.0,1000000.0,1000000.0
002685,1000000.0,865579.6812335347,0.0,865579.6812335347,-134420.3187664653,66238.80276647002,0.0,210,108,63,210,4,0.1749998295134219,False,华东重机,5.43,2026-09-08,2015-07-30,2026-09-08,,False,False,False,ok,6,0,865579.6812335347,0.0,True,0.037352950956867186,873920.9682662023,862457.8167886137
002686,1000000.0,1171604.3577345319,0.0,1171604.3577345319,171604.35773453186,84251.95276547507,3266.9999999999995,175,71,44,175,2,0.07087992629625568,False,亿利达,6.55,2026-09-08,2016-02-19,2026-09-08,,False,False,False,ok,10,0,1171604.3577345319,0.0,True,0.036186411019607956,1144777.956959884,1160128.7645899758
002687,1000000.0,831301.2913081078,0.0,831301.2913081078,-168698.7086918922,64347.61249189805,6020.0,176,82,42,176,1,0.21678615465869974,False,乔治白,6.47,2026-09-08,2016-05-26,2026-09-08,,False,False,False,ok,10,0,831301.2913081078,0.0,True,0.0334695878987682,854452.5572136323,813986.7755273415
002688,1000000.0,854373.0984589935,0.0,854373.0984589935,-145626.90154100652,65147.10854101001,9035.0,180,55,37,180,3,0.18632512962233788,False,金河生物,5.48,2026-09-08,2016-05-23,2026-09-08,,False,False,False,ok,11,0,854373.0984589935,0.0,True,0.03327145589893935,841072.5233860221,856839.9283176977
002689,1000000.0,801724.8634007998,0.0,801724.8634007998,-198275.1365992002,71217.10809920497,0.0,234,109,61,234,4,0.22929622538941266,False,ST远智,3.01,2026-09-08,2016-05-25,2026-09-08,,False,False,False,ok,3,0,801724.8634007998,0.0,True,0.03882655981258252,784922.9890014525,833643.1709164483
002690,1000000.0,955706.5066488863,0.0,955706.5066488863,-44293.49335111375,90038.19235112003,6930.0,197,55,34,197,0,0.13284386572770765,False,美亚光电,15.97,2026-09-08,2016-05-26,2026-09-08,,False,False,False,ok,12,0,955706.5066488863,0.0,True,0.0384703364748993,1064923.6718409436,1017129.8035998055
002691,1000000.0,804833.858939365,0.0,804833.858939365,-195166.14106063498,62581.59731064003,267.5,209,122,78,209,19,0.2627244833643712,False,*ST冀凯,4.56,2026-09-08,2015-10-09,2026-09-08,,False,False,False,ok,8,0,804833.858939365,0.0,True,0.043703343316517464,845637.742388953,803650.1055252486
002692,1000000.0,800018.3605428524,0.0,800018.3605428524,-199981.63945714757,87452.77495715496,1457.0,203,127,80,203,7,0.25247945359675644,False,远程股份,4.42,2026-09-08,2016-01-14,2026-09-08,,False,False,False,ok,7,0,800018.3605428524,0.0,True,0.05981934277781857,915876.201750804,764928.8987058465
002693,1000000.0,861425.8508921901,0.0,861425.8508921901,-138574.14910780988,79401.23410781498,0.0,250,175,109,250,18,0.20896537908370758,False,双成药业,8.92,2026-09-08,2016-03-10,2026-09-08,,False,False,False,ok,1,0,861425.8508921901,0.0,True,0.04755931256061469,987144.2044664624,1057768.2261977037
002694,1000000.0,598476.3515501929,0.0,598476.3515501929,-401523.6484498071,57158.57844980998,0.0,220,123,66,220,9,0.4357096750397721,False,*ST顾地,2.63,2026-09-08,2015-07-14,2026-09-08,,False,False,False,ok,4,0,598476.3515501929,0.0,True,0.064196880037949,720987.4016061611,711839.602807302
002695,1000000.0,786013.7772970701,0.0,786013.7772970701,-213986.22270292987,65544.32670293502,2080.8,179,64,30,179,0,0.2525889639818147,False,煌上煌,10.63,2026-09-08,2016-05-12,2026-09-08,,False,False,False,ok,13,0,786013.7772970701,0.0,True,0.031963958505107436,962528.1024581331,846397.5132488785
002696,1000000.0,806227.4110134646,0.0,806227.4110134646,-193772.58898653544,70032.91898654008,1100.0,196,64,44,196,2,0.22102014715559848,False,百洋股份,7.55,2026-09-08,2015-09-21,2026-09-08,,False,False,False,ok,6,0,806227.4110134646,0.0,True,0.0325259022722658,886808.1692765229,834575.1277652336
002697,1000000.0,719325.54328347,0.0,719325.54328347,-280674.45671653,82962.54621653502,9260.0,196,63,43,196,2,0.3174314429316789,False,红旗连锁,4.93,2026-09-08,2016-05-03,2026-09-08,,False,False,False,ok,13,0,719325.54328347,0.0,True,0.04376758959345404,789395.2962437931,760083.5322398937
002698,1000000.0,962236.7677808971,0.0,962236.7677808971,-37763.23221910291,82576.87371911001,2267.9999999999995,186,56,22,186,0,0.1168585420542975,False,博实股份,11.99,2026-09-08,2016-05-26,2026-09-08,,False,False,False,ok,12,0,962236.7677808971,0.0,True,0.03459263879993733,1059835.0063221143,990008.385396951
002699,1000000.0,1000000.0,0.0,1000000.0,0.0,0.0,0.0,0,0,0,0,0,0.0,False,*ST美盛,0.41,2026-09-08,2015-01-05,2024-04-25,,False,True,False,ok,0,2,1000000.0,0.0,True,0.0,1000000.0,1000000.0
002700,1000000.0,898733.2801688027,0.0,898733.2801688027,-101266.71983119729,109162.08833120509,8490.5,246,95,68,246,9,0.23588284738881146,False,万憬能源,6.67,2026-09-08,2016-05-24,2026-09-08,,False,False,False,ok,11,0,898733.2801688027,0.0,True,0.050337103910173306,1072524.4301779834,985167.4576693757
002701,1000000.0,749719.0010532739,0.0,749719.0010532739,-250280.9989467261,100965.22744673504,18412.0,221,101,31,221,2,0.26050142697618867,False,奥瑞金,4.57,2026-09-08,2016-03-22,2026-09-08,,False,False,False,ok,12,0,749719.0010532739,0.0,True,0.05678318470382097,838051.782105434,768468.9110038113
002702,1000000.0,805062.3639939707,0.0,805062.3639939707,-194937.63600602932,63253.20650603504,0.0,214,93,50,214,4,0.2350948089891975,False,海欣食品,6.79,2026-09-08,2016-05-26,2026-09-08,,False,False,False,ok,7,0,805062.3639939707,0.0,True,0.03491847425676135,789472.044782223,832913.124409249
002703,1000000.0,970892.3699773108,0.0,970892.3699773108,-29107.630022689234,67528.62102269499,504.0,232,105,63,232,5,0.20211851388009106,False,浙江世宝,16.93,2026-09-08,2015-12-30,2026-09-08,,False,False,False,ok,6,0,970892.3699773108,0.0,True,0.03163584473322756,1097105.4094405333,972566.0972269338
002705,1000000.0,874044.6734751556,0.0,874044.6734751556,-125955.3265248444,77628.37852484996,10265.0,204,66,35,204,0,0.17615462672740934,False,新宝股份,11.39,2026-09-08,2016-05-26,2026-09-08,,False,False,False,ok,13,0,874044.6734751556,0.0,True,0.03373418147726759,1009972.9309255935,1013245.5905734443
002706,1000000.0,790542.6790370992,0.0,790542.6790370992,-209457.32096290076,62260.89896290501,10815.0,182,64,26,182,1,0.22260623674695126,False,良信股份,9.17,2026-09-08,2016-05-26,2026-09-08,,False,False,False,ok,12,0,790542.6790370992,0.0,True,0.0295986557314318,821089.638594963,804690.034632249
002707,1000000.0,837523.66571882,0.0,837523.66571882,-162476.33428118005,65890.86328118505,0.0,214,101,47,214,1,0.17527960353562516,False,众信旅游,5.74,2026-09-08,2016-03-17,2026-09-08,,False,False,False,ok,6,0,837523.66571882,0.0,True,0.03452842473004465,926563.5803241823,881489.7556720688
002708,1000000.0,915777.3775561533,0.0,915777.3775561533,-84222.62244384666,68212.19144385,0.0,228,124,65,228,5,0.16389358282857547,False,光洋股份,16.25,2026-09-08,2016-05-03,2026-09-08,,False,False,False,ok,5,0,915777.3775561533,0.0,True,0.033977039991460976,849501.0416733819,891648.0693050129
002709,1000000.0,989852.1470113443,0.0,989852.1470113443,-10147.852988655679,70859.28998866004,3909.0,211,46,35,211,1,0.10811296066161434,False,天赐材料,33.67,2026-09-08,2016-05-26,2026-09-08,,False,False,False,ok,14,0,989852.1470113443,0.0,True,0.02907368336190883,1040470.8699776027,1029258.6469015733
002711,1000000.0,1000000.0,0.0,1000000.0,0.0,0.0,0.0,0,0,0,0,0,0.0,False,欧浦退,0.32,2026-09-08,2015-01-05,2021-07-14,,False,True,False,ok,0,3,1000000.0,0.0,True,0.0,1000000.0,1000000.0
002712,1000000.0,806913.0012496049,0.0,806913.0012496049,-193086.99875039514,59641.67875039998,0.0,181,98,46,181,2,0.19308699875039514,False,思美传媒,5.38,2026-09-08,2015-12-28,2026-09-08,,False,False,False,ok,6,0,806913.0012496049,0.0,True,0.03284474839923374,890736.8292133327,878267.6965785485
002713,1000000.0,824472.4547869024,0.0,824472.4547869024,-175527.5452130976,69374.27421310497,0.0,237,103,77,237,8,0.22281444692708152,False,*ST东易,9.87,2026-09-08,2016-04-12,2026-09-08,,False,False,False,ok,5,0,824472.4547869024,0.0,True,0.03893187696432445,876029.847349893,940339.9206224706
002714,1000000.0,1024109.2178106001,0.0,1024109.2178106001,24109.217810600065,117345.7845094099,9781.98482,280,90,39,280,1,0.13448161572322337,True,牧原股份,43.23,2026-09-08,2016-05-26,2026-09-08,,False,False,False,ok,13,0,1024109.2178106001,0.0,True,0.05759844277207566,1087644.2824966544,1034018.1107230971
002715,1000000.0,776447.2374093994,0.0,776447.2374093994,-223552.76259060064,76326.887090605,1030.0,231,105,39,231,6,0.23295233184733152,False,登云股份,14.21,2026-09-08,2016-05-12,2026-09-08,,False,False,False,ok,4,0,776447.2374093994,0.0,True,0.041622395096643186,868820.3680231222,832118.8877387436
002716,1000000.0,818909.2301581295,0.0,818909.2301581295,-181090.76984187053,83676.94734187501,595.0,259,122,82,259,12,0.22342798912622516,False,湖南白银,10.61,2026-09-08,2015-12-23,2026-09-08,,False,False,False,ok,4,0,818909.2301581295,0.0,True,0.04729729128410599,945795.670449893,924288.848147019
002717,1000000.0,693859.9885687333,0.0,693859.9885687333,-306140.01143126667,75929.74543126998,2072.0,246,133,72,246,22,0.3467104960511965,False,*ST岭南,0.98,2026-09-08,2015-12-22,2026-09-08,,False,False,False,ok,6,0,693859.9885687333,0.0,True,0.044671103081891955,868867.9671478022,852045.7231919579
002718,1000000.0,935877.4600686359,0.0,935877.4600686359,-64122.539931364125,70454.19043137007,0.0,177,56,21,177,1,0.09484987739739344,False,友邦吊顶,84.19,2026-09-08,2016-05-12,2026-09-08,,False,False,False,ok,9,0,935877.4600686359,0.0,True,0.032321402665391366,925038.3560387838,951138.0730576604
002719,1000000.0,594953.830653198,0.0,594953.830653198,-405046.16934680205,65219.573646805955,822.3,216,127,56,216,4,0.4079472651169542,False,ST麦趣,6.99,2026-09-08,2015-06-17,2026-09-08,,False,False,False,ok,6,0,594953.830653198,0.0,True,0.056254998139246795,803852.1395738263,749501.3724671924
002721,1000000.0,773266.1019031205,0.0,773266.1019031205,-226733.89809687948,69572.59459688501,0.0,222,90,61,222,9,0.23467853313243983,False,金一文化,3.03,2026-09-08,2015-01-30,2026-09-08,,False,False,False,ok,5,0,773266.1019031205,0.0,True,0.044436233059885845,802857.8469469526,836400.7626890691
002722,1000000.0,873632.9989910839,0.0,873632.9989910839,-126367.00100891606,56968.15350892,3784.0,150,52,42,150,0,0.15306100072360163,False,物产金轮,13.41,2026-09-08,2016-05-16,2026-09-08,,False,False,False,ok,12,0,873632.9989910839,0.0,True,0.03142307734101584,917141.8316743623,918555.9523015226
002723,1000000.0,776099.5268201951,0.0,776099.5268201951,-223900.47317980486,77630.9251798099,0.0,252,126,68,252,3,0.25287739590547875,False,小崧股份,8.07,2026-09-08,2016-01-22,2026-09-08,,False,False,False,ok,5,0,776099.5268201951,0.0,True,0.042832270717361454,882993.7140625631,809671.4100205447
002724,1000000.0,904165.4460620089,0.0,904165.4460620089,-95834.55393799115,54825.95043799501,3450.0,159,67,36,159,1,0.11612805823440524,False,海洋王,7.25,2026-09-08,2016-02-05,2026-09-08,,False,False,False,ok,12,0,904165.4460620089,0.0,True,0.028059463870489246,949194.5837074019,930323.2732215133
002725,1000000.0,954824.1144742101,0.0,954824.1144742101,-45175.88552578993,65234.542025794995,230.0,228,88,49,228,7,0.1146390271636977,False,跃岭股份,11.37,2026-09-08,2015-11-17,2026-09-08,,False,False,False,ok,8,0,954824.1144742101,0.0,True,0.03029621602291235,908202.7649408927,949147.4998338091
002726,1000000.0,686310.8750539136,0.0,686310.8750539136,-313689.12494608643,122168.67744609495,1840.0,294,152,64,294,9,0.34976629651519814,False,ST龙大,2.75,2026-09-08,2016-03-07,2026-09-08,,False,False,False,ok,9,0,686310.8750539136,0.0,True,0.07371134333331945,850143.3879971732,784963.7024459158
002727,1000000.0,953615.6487190775,0.0,953615.6487190775,-46384.351280922536,91273.03978092996,1890.0,229,57,37,229,2,0.1427837968121417,False,一心堂,11.35,2026-09-08,2016-05-19,2026-09-08,,False,False,False,ok,13,0,953615.6487190775,0.0,True,0.038212424510002126,1049893.5753873033,1066720.7137576148
002728,1000000.0,840735.3199709025,0.0,840735.3199709025,-159264.68002909748,79456.34262910091,21515.0,227,82,45,227,3,0.18089708483705264,True,特一药业,9.57,2026-09-08,2016-05-26,2026-09-08,,False,False,False,ok,12,0,840735.3199709025,0.0,True,0.03889838701586318,900031.7285586921,918294.0681728878
002729,1000000.0,625929.2964554273,0.0,625929.2964554273,-374070.7035445727,59940.523144576,620.0,225,92,47,225,11,0.4506341236005956,False,好利科技,13.91,2026-09-08,2015-12-15,2026-09-08,,False,False,False,ok,13,0,625929.2964554273,0.0,True,0.06007730126750242,673766.4178210418,613402.147832647
002730,1000000.0,894694.2538389052,0.0,894694.2538389052,-105305.74616109475,57210.10766109999,1795.0,181,86,53,181,3,0.15818524706661724,False,电光科技,23.62,2026-09-08,2016-05-19,2026-09-08,,False,False,False,ok,12,0,894694.2538389052,0.0,True,0.030840951497764203,901206.8411468534,882965.0158426092
002731,1000000.0,522567.68952793215,79700.0,583936.6895279321,-416063.3104720679,89970.664472075,315.0,256,170,82,255,28,0.4160633104720679,False,*ST萃华,0.77,2026-09-08,2016-02-17,2026-08-31,,False,True,False,ok,11,0,522567.68952793215,61369.0,False,0.06260410225063397,875131.5706556641,844623.2806301552
002732,1000000.0,846163.7665693834,0.0,846163.7665693834,-153836.23343061656,63500.218930619994,0.0,162,32,33,162,1,0.21528306088903273,False,燕塘乳业,14.77,2026-09-08,2016-05-10,2026-09-08,,False,False,False,ok,12,0,846163.7665693834,0.0,True,0.03232190703136522,861478.9305104223,808554.1255494177
002733,1000000.0,937968.7499461891,0.0,937968.7499461891,-62031.25005381089,50760.558553814946,380.0,180,63,32,180,3,0.22301676301496867,False,雄韬股份,18.18,2026-09-08,2016-05-17,2026-09-08,,False,False,False,ok,13,0,937968.7499461891,0.0,True,0.02405324611796079,872046.5462577317,820645.6732446374
002734,1000000.0,837041.1473194655,0.0,837041.1473194655,-162958.85268053447,75457.40668054,8945.0,192,58,22,192,2,0.21276408991262102,False,利民股份,17.66,2026-09-08,2016-05-26,2026-09-08,,False,False,False,ok,13,0,837041.1473194655,0.0,True,0.03387791650570727,935647.4622722034,822563.3221665446
002735,1000000.0,756902.85003895,0.0,756902.85003895,-243097.14996105002,76700.85246105505,995.5,238,92,56,238,7,0.27846176345552814,False,王子新材,11.88,2026-09-08,2015-06-25,2026-09-08,,False,False,False,ok,9,0,756902.85003895,0.0,True,0.0475575812053429,785432.2406674032,768024.7554707743
002736,1000000.0,642994.0723860709,0.0,642994.0723860709,-357005.92761392915,86353.43361393498,17087.0,196,54,35,196,1,0.35700592761392913,False,国信证券,10.12,2026-09-08,2016-05-12,2026-09-08,,False,False,False,ok,13,0,642994.0723860709,0.0,True,0.047819431646457994,838011.7230276829,731827.6381069443
002737,1000000.0,709348.8600700779,0.0,709348.8600700779,-290651.13992992206,87440.89642992998,15740.0,234,67,50,234,2,0.2906511399299221,False,葵花药业,11.83,2026-09-08,2016-05-26,2026-09-08,,False,False,False,ok,12,0,709348.8600700779,0.0,True,0.05197633952407969,757049.6224695431,890350.95901806
002738,1000000.0,1001764.2455231545,0.0,1001764.2455231545,1764.2455231545027,60978.21097684998,0.0,197,77,26,197,4,0.12348730068043227,False,中矿资源,49.29,2026-09-08,2015-11-19,2026-09-08,,False,False,False,ok,12,0,1001764.2455231545,0.0,True,0.03851546338113769,951614.4212339426,1057816.5429715335
002739,1000000.0,691076.7658526889,0.0,691076.7658526889,-308923.2341473111,65389.76139731499,1220.0,190,85,43,190,5,0.31024022635741894,False,儒意电影,8.77,2026-09-08,2015-01-22,2026-09-08,,False,False,False,ok,5,0,691076.7658526889,0.0,True,0.09180574474889215,806418.2028988623,752430.1065868677
002741,1000000.0,981684.371848909,0.0,981684.371848909,-18315.62815109105,55959.60765109501,1270.0,177,69,40,177,1,0.11220834362458033,False,光华科技,23.89,2026-09-08,2016-05-26,2026-09-08,,False,False,False,ok,6,0,981684.371848909,0.0,True,0.02756151093799567,982531.5709895914,966594.9096682275
002742,1000000.0,632351.5563091657,0.0,632351.5563091657,-367648.44369083433,73795.95269083999,2420.0,239,125,84,239,25,0.4129928115582319,False,冀衡医药,4.61,2026-09-08,2016-01-14,2026-09-08,,False,False,False,ok,7,0,632351.5563091657,0.0,True,0.05127727142029535,806771.8221412133,728044.0358241595
002743,1000000.0,903183.634146598,0.0,903183.634146598,-96816.36585340195,61108.31535340498,0.0,151,48,30,151,1,0.18221045129988334,False,富煌钢构,4.4,2026-09-08,2016-05-11,2026-09-08,,False,False,False,ok,10,0,903183.634146598,0.0,True,0.0261219291392368,883971.5254423816,921101.3694927474
002745,1000000.0,867079.0568109894,0.0,867079.0568109894,-132920.9431890106,59654.886689015024,2875.0,168,55,29,168,0,0.1909971778751525,False,木林森,11.0,2026-09-08,2015-07-15,2026-09-08,,False,False,False,ok,13,0,867079.0568109894,0.0,True,0.029676704687213656,914811.2571741018,884272.7901500487
002746,1000000.0,838223.7195256015,0.0,838223.7195256015,-161776.28047439852,79390.03072440502,6720.0,197,80,26,197,2,0.17460094939742632,False,仙坛股份,6.86,2026-09-08,2016-05-26,2026-09-08,,False,False,False,ok,13,0,838223.7195256015,0.0,True,0.0371009263915056,903158.171714574,880755.6964937756
002747,1000000.0,1062569.732935948,0.0,1062569.732935948,62569.732935948065,60390.67656405504,1206.5,186,75,44,186,1,0.10953313062831346,False,埃斯顿,30.23,2026-09-08,2016-03-17,2026-09-08,,False,False,False,ok,9,0,1062569.732935948,0.0,True,0.028760921678993235,1036319.4044892216,1052446.4601092173
002748,1000000.0,684920.6922491732,0.0,684920.6922491732,-315079.3077508268,59596.19675082993,5700.0,207,94,43,207,7,0.3245115432613518,False,世龙实业,12.53,2026-09-08,2016-04-28,2026-09-08,,False,False,False,ok,9,0,684920.6922491732,0.0,True,0.03297494686324334,975334.8721750921,841674.1181180227
002749,1000000.0,994845.2246053384,0.0,994845.2246053384,-5154.775394661585,86272.79909466901,16779.0,207,77,41,207,1,0.16652964218589597,False,国光股份,9.12,2026-09-08,2016-05-26,2026-09-08,,False,False,False,ok,19,0,994845.2246053384,0.0,True,0.04496324875914686,892175.9110609996,869672.5101153355
002752,1000000.0,877085.6519909829,0.0,877085.6519909829,-122914.34800901706,88013.83050902507,0.0,198,80,48,198,0,0.19346115614180384,False,昇兴股份,6.38,2026-09-08,2016-02-26,2026-09-08,,False,False,False,ok,11,0,877085.6519909829,0.0,True,0.04658740676388193,836708.6016154954,827744.4944273273
002753,1000000.0,830416.9843821798,0.0,830416.9843821798,-169583.0156178202,59731.36736782499,2626.5,146,70,36,146,3,0.20269552124182277,False,永东股份,6.89,2026-09-08,2016-05-26,2026-09-08,,False,False,False,ok,11,0,830416.9843821798,0.0,True,0.030891136993032704,928314.0471217535,937965.0144258041
002755,1000000.0,878959.2661908389,0.0,878959.2661908389,-121040.73380916112,69607.15860916606,1240.0,231,112,53,231,10,0.2405225385926231,False,奥赛康,12.16,2026-09-08,2016-04-05,2026-09-08,,False,False,False,ok,10,0,878959.2661908389,0.0,True,0.040916273806510826,866498.758178107,827036.1796382925
002756,1000000.0,787856.1330313717,0.0,787856.1330313717,-212143.86696862825,75646.08196863507,12750.0,250,61,38,250,0,0.2766991578149637,False,永兴材料,43.1,2026-09-08,2015-11-13,2026-09-08,,False,False,False,ok,14,0,787856.1330313717,0.0,True,0.04271930915898023,882329.7313627539,846560.0176427197
002757,1000000.0,888583.4215374158,0.0,888583.4215374158,-111416.57846258418,76563.41696258988,11750.0,223,65,36,223,2,0.1808907723768611,False,南兴股份,17.65,2026-09-08,2016-01-15,2026-09-08,,False,False,False,ok,15,0,888583.4215374158,0.0,True,0.04757462839238614,846112.1419722431,932588.000557859
002758,1000000.0,1004621.0767142621,0.0,1004621.0767142621,4621.0767142621335,78410.16978574503,7668.0,182,54,42,182,4,0.10440131556618265,False,浙农股份,9.3,2026-09-08,2016-04-27,2026-09-08,,False,False,False,ok,11,0,1004621.0767142621,0.0,True,0.03307116479650766,1041266.5672670336,1006834.7221160056
002759,1000000.0,886518.1435998704,0.0,886518.1435998704,-113481.85640012962,70532.95440013488,2690.0,237,129,84,237,6,0.22632175527698095,False,ST天际,15.94,2026-09-08,2016-01-26,2026-09-08,,False,False,False,ok,8,0,886518.1435998704,0.0,True,0.04425246870405641,927526.4870550334,907739.7969982596
002760,1000000.0,831105.249042809,0.0,831105.249042809,-168894.750957191,71118.483957195,0.0,201,72,42,201,7,0.28527885093095506,False,凤形股份,18.38,2026-09-08,2016-04-22,2026-09-08,,False,False,False,ok,5,0,831105.249042809,0.0,True,0.03597857597339385,945299.8807320525,863908.6931995086
002761,1000000.0,653166.6417148944,0.0,653166.6417148944,-346833.35828510555,87744.42528510992,2055.8,260,136,80,260,17,0.3822485489514946,False,浙江建投,7.62,2026-09-08,2016-01-07,2026-09-08,,False,False,False,ok,11,0,653166.6417148944,0.0,True,0.056450526116728274,841614.6183083226,752674.5336634286
002762,1000000.0,815412.9152293045,0.0,815412.9152293045,-184587.08477069554,49352.074770699975,1145.0,196,93,54,196,1,0.20804685031229125,False,金发拉比,9.43,2026-09-08,2015-11-18,2026-09-08,,False,False,False,ok,12,0,815412.9152293045,0.0,True,0.02777369904727452,911132.4577713108,839142.816709333
002763,1000000.0,863750.7737922925,0.0,863750.7737922925,-136249.22620770754,67683.21580771204,7980.0,158,34,23,158,0,0.17833178014535622,False,汇洁股份,7.66,2026-09-08,2016-05-26,2026-09-08,,False,False,False,ok,12,0,863750.7737922925,0.0,True,0.026741632494523805,1016448.4935849601,961407.5034032266
002765,1000000.0,730772.1824847279,0.0,730772.1824847279,-269227.81751527207,60780.00151527502,2995.0,211,82,49,211,2,0.28039790402507725,False,蓝黛科技,7.29,2026-09-08,2016-03-10,2026-09-08,,False,False,False,ok,7,0,730772.1824847279,0.0,True,0.0367824877126502,773153.6372871425,722028.2629485526
002766,1000000.0,911712.9377491302,0.0,911712.9377491302,-88287.06225086981,82813.98575087498,0.0,249,168,93,249,10,0.1364967380444363,False,索菱股份,4.27,2026-09-08,2015-10-22,2026-09-08,,False,False,False,ok,3,0,911712.9377491302,0.0,True,0.05194916581900118,984973.6337227025,950849.6511577286
002767,1000000.0,661127.3301390788,0.0,661127.3301390788,-338872.6698609212,68272.43136092501,888.9000000000001,220,97,45,220,6,0.34307298550937787,False,先锋电子,18.5,2026-09-08,2016-05-26,2026-09-08,,False,False,False,ok,10,0,661127.3301390788,0.0,True,0.040417706580784335,796798.6403877429,724133.5525937433
002768,1000000.0,858529.4350838216,0.0,858529.4350838216,-141470.56491617835,92229.357416185,5013.0,214,81,45,214,2,0.2477370734730897,False,国恩股份,60.71,2026-09-08,2016-05-26,2026-09-08,,False,False,False,ok,11,0,858529.4350838216,0.0,True,0.04734703597462205,917691.4827993148,849375.7928769658
002769,1000000.0,982789.346725075,0.0,982789.346725075,-17210.65327492496,67813.04827493001,0.0,211,87,51,211,4,0.10634019567598513,False,普路通,7.77,2026-09-08,2016-04-13,2026-09-08,,False,False,False,ok,9,0,982789.346725075,0.0,True,0.03253488159725633,965530.2992803219,1035566.7499370237
002771,1000000.0,993379.2218077956,0.0,993379.2218077956,-6620.778192204423,62421.15919220995,0.0,228,79,53,228,5,0.09834312797728165,False,真视通,14.77,2026-09-08,2016-03-17,2026-09-08,,False,False,False,ok,9,0,993379.2218077956,0.0,True,0.030628034833926458,942573.4642492421,1042069.5944328037
002772,1000000.0,832305.3462240295,0.0,832305.3462240295,-167694.65377597045,59413.441775975014,0.0,170,80,40,170,2,0.18974222946942618,False,众兴菌业,12.4,2026-09-08,2016-05-19,2026-09-08,,False,False,False,ok,12,0,832305.3462240295,0.0,True,0.02880164782185519,978705.7078822729,910668.5604417885
002773,1000000.0,861460.0250231809,0.0,861460.0250231809,-138539.97497681913,78219.21997682491,10919.0,221,65,42,221,2,0.20629677945204383,False,康弘药业,20.18,2026-09-08,2016-05-26,2026-09-08,,False,False,False,ok,11,0,861460.0250231809,0.0,True,0.040748824459342456,910598.6385711539,878639.1139966298
002774,1000000.0,912359.0148864895,0.0,912359.0148864895,-87640.98511351051,71021.56361351494,1309.5,190,76,45,190,2,0.19272780742643375,False,快意电梯,15.7,2026-09-08,2017-03-24,2026-09-08,,True,False,False,ok,9,0,912359.0148864895,0.0,True,0.0310219291030306,1068363.8463818226,1042087.0931410684
002775,1000000.0,1000000.0,0.0,1000000.0,0.0,0.0,0.0,0,0,0,0,0,0.0,False,文科股份,3.59,2026-09-08,2016-05-11,2026-09-08,,False,False,True,ok,8,0,1000000.0,0.0,True,0.0,1000000.0,1000000.0
002777,1000000.0,913728.3602671439,0.0,913728.3602671439,-86271.63973285607,62160.06123285999,1450.0,198,72,32,198,2,0.1224925218433507,True,久远银海,12.97,2026-09-08,2016-05-26,2026-09-08,,False,False,False,ok,12,0,913728.3602671439,0.0,True,0.029270099383420928,935601.7927730519,958811.5998499682
002778,1000000.0,790219.6760802808,0.0,790219.6760802808,-209780.3239197192,74186.28491972502,706.9999999999999,208,79,43,208,2,0.21153256284955924,False,中晟高科,16.82,2026-09-08,2016-02-22,2026-09-08,,False,False,False,ok,7,0,790219.6760802808,0.0,True,0.041841997884918665,913666.3901006234,832751.9538295502
002779,1000000.0,768849.3434362116,0.0,768849.3434362116,-231150.65656378842,78598.28806379501,1695.6999999999998,264,112,44,264,6,0.24876401140892923,False,中坚科技,82.76,2026-09-08,2016-03-23,2026-09-08,,False,False,False,ok,10,0,768849.3434362116,0.0,True,0.04760209889692828,927887.1410263635,863289.4711963352
002780,1000000.0,895914.1779123672,0.0,895914.1779123672,-104085.82208763284,70505.29058763504,0.0,201,75,38,201,3,0.21322651106124724,False,三夫户外,14.0,2026-09-08,2016-05-12,2026-09-08,,False,False,False,ok,4,0,895914.1779123672,0.0,True,0.035359168381362736,911391.3057067211,893342.6220987069
002782,1000000.0,877037.7638236734,0.0,877037.7638236734,-122962.23617632664,55140.29567632995,0.0,191,70,38,191,2,0.13941168958115113,False,可立克,15.44,2026-09-08,2016-05-26,2026-09-08,,False,False,False,ok,11,0,877037.7638236734,0.0,True,0.02578031673678763,896726.9000369625,905627.9850666479
002783,1000000.0,852453.0300092823,0.0,852453.0300092823,-147546.9699907177,49987.82949071999,0.0,173,56,24,173,3,0.2157967533379554,False,凯龙股份,8.18,2026-09-08,2016-05-26,2026-09-08,,False,False,False,ok,10,0,852453.0300092823,0.0,True,0.025734778877892897,821014.3963354317,900957.4254556923
002785,1000000.0,729005.0762677445,0.0,729005.0762677445,-270994.92373225547,65755.25773226004,0.0,238,98,49,238,5,0.30315821777017044,False,万里石,36.65,2026-09-08,2016-05-18,2026-09-08,,False,False,False,ok,4,0,729005.0762677445,0.0,True,0.03918003576564406,821919.7987994816,793432.5837985278
002786,1000000.0,852961.4320940895,0.0,852961.4320940895,-147038.56790591055,61281.21740591502,422.09999999999997,236,141,83,236,5,0.24033219649188467,False,银宝山新,7.97,2026-09-08,2016-05-23,2026-09-08,,False,False,False,ok,4,0,852961.4320940895,0.0,True,0.03833918621703752,835012.6614586826,867409.595275333
002787,1000000.0,802275.1697038535,0.0,802275.1697038535,-197724.83029614645,47982.80179614998,7360.0,154,70,34,154,1,0.23503970372861205,False,华源控股,24.23,2026-09-08,2015-12-31,2026-09-08,,False,False,False,ok,7,0,802275.1697038535,0.0,True,0.042939519028570544,815022.4288947317,795580.2550293079
002788,1000000.0,1000000.0,0.0,1000000.0,0.0,0.0,0.0,0,0,0,0,0,0.0,False,鹭燕医药,11.9,2026-09-08,2016-05-18,2026-09-08,,False,False,True,ok,11,0,1000000.0,0.0,True,0.0,1000000.0,1000000.0
002789,1000000.0,734240.6562802105,0.0,734240.6562802105,-265759.3437197895,80539.33821979503,1169.6000000000001,246,130,77,246,9,0.3119598600169999,False,*ST建艺,13.6,2026-09-08,2016-05-25,2026-09-08,,False,False,False,ok,5,0,734240.6562802105,0.0,True,0.05020215159506894,804882.7232632029,860206.4429635942
002790,1000000.0,731679.4814485504,0.0,731679.4814485504,-268320.51855144964,60221.71705145503,5042.0,183,75,33,183,2,0.2712510943585648,False,瑞尔特,6.99,2026-09-08,2016-05-26,2026-09-08,,False,False,False,ok,12,0,731679.4814485504,0.0,True,0.0308851306941731,917259.6634321227,787448.2069392791
002791,1000000.0,928206.9257591354,0.0,928206.9257591354,-71793.0742408646,61022.22324087003,2040.0,201,46,23,201,2,0.10910359090626691,False,坚朗五金,15.35,2026-09-08,2016-05-26,2026-09-08,,False,False,False,ok,10,0,928206.9257591354,0.0,True,0.029288775001193125,988219.4191700218,983521.919894878
002792,1000000.0,889487.4945802834,0.0,889487.4945802834,-110512.50541971659,60239.76491972,2200.0,186,44,23,186,2,0.2025909880405378,False,通宇通讯,31.64,2026-09-08,2016-05-26,2026-09-08,,False,False,False,ok,11,0,889487.4945802834,0.0,True,0.02387688492521264,1006161.1994147219,913524.5394101529
002793,1000000.0,745306.3266141848,0.0,745306.3266141848,-254693.67338581523,63254.00688582,0.0,212,92,47,212,3,0.28523953844190003,False,罗欣药业,4.82,2026-09-08,2016-05-11,2026-09-08,,False,False,False,ok,7,0,745306.3266141848,0.0,True,0.0350267935597119,871858.5768868614,781259.1102520833
002795,1000000.0,889525.3006510729,0.0,889525.3006510729,-110474.69934892713,64209.26384893004,1400.0,208,107,50,208,3,0.1522115697531718,False,永和智控,7.2,2026-09-08,2016-04-28,2026-09-08,,False,False,False,ok,5,0,889525.3006510729,0.0,True,0.032786492791704945,994801.6235150115,964437.3833437422
002796,1000000.0,992198.6358343753,0.0,992198.6358343753,-7801.36416562472,60649.61716562999,0.0,228,104,70,228,5,0.1619648520240228,False,世嘉科技,29.6,2026-09-08,2016-05-10,2026-09-08,,False,False,False,ok,5,0,992198.6358343753,0.0,True,0.03303017645027048,920604.1870327427,933268.8183425493
002797,1000000.0,963180.9619502798,0.0,963180.9619502798,-36819.03804972023,69584.11354972498,0.0,176,84,27,176,3,0.15985143521987982,False,第一创业,6.49,2026-09-08,2016-05-11,2026-09-08,,False,False,False,ok,13,0,963180.9619502798,0.0,True,0.03856542833292013,919358.0833172115,868748.5104536724
002798,1000000.0,779243.9886735337,0.0,779243.9886735337,-220756.01132646634,54661.01582647003,0.0,172,90,47,172,1,0.25370079379299776,False,帝欧水华,6.88,2026-09-08,2016-05-25,2026-09-08,,False,False,False,ok,8,0,779243.9886735337,0.0,True,0.03385544793498582,835370.1657438932,800270.1979129338
002799,1000000.0,915840.9963924848,0.0,915840.9963924848,-84159.00360751525,58408.76510752,2655.5,192,64,43,192,5,0.1771738130241324,False,环球印务,7.08,2026-09-08,2016-06-08,2026-09-08,,False,False,False,ok,6,0,915840.9963924848,0.0,True,0.02947805283089119,872970.8556419826,863164.7622875036
002800,1000000.0,887528.3288030112,0.0,887528.3288030112,-112471.67119698878,63785.76939699403,1232.4,224,90,57,224,10,0.19172806252570895,False,天顺股份,15.59,2026-09-08,2016-05-30,2026-09-08,,False,False,False,ok,8,0,887528.3288030112,0.0,True,0.03494765218588232,914552.0659666582,885390.9834304447
002801,1000000.0,762276.2198927837,0.0,762276.2198927837,-237723.78010721633,64433.16510721996,1960.0,194,78,42,194,4,0.2874532396339234,False,微光股份,27.63,2026-09-08,2016-06-22,2026-09-08,,False,False,False,ok,14,0,762276.2198927837,0.0,True,0.04381808049088539,777773.1960353721,733789.3746515928
002802,1000000.0,856665.5100523795,0.0,856665.5100523795,-143334.48994762055,58179.05094762499,810.0,166,69,33,166,2,0.24036392556911515,False,洪汇新材,12.68,2026-09-08,2016-06-29,2026-09-08,,False,False,False,ok,13,0,856665.5100523795,0.0,True,0.027737090072464724,1026542.487531313,908417.3023777283
002803,1000000.0,792760.8705365958,0.0,792760.8705365958,-207239.12946340418,54398.03046341002,510.0,200,70,41,200,1,0.2810095573245783,False,吉宏股份,20.58,2026-09-08,2016-07-12,2026-09-08,,False,False,False,ok,13,0,792760.8705365958,0.0,True,0.02872314088597999,819084.7280401736,833542.0593808547
002805,1000000.0,748485.1676856694,0.0,748485.1676856694,-251514.83231433062,59012.25281433499,227.70000000000002,239,102,55,239,8,0.3131846615787057,False,丰元股份,16.98,2026-09-08,2016-07-07,2026-09-08,,False,False,False,ok,5,0,748485.1676856694,0.0,True,0.03440298482616783,903959.3491648225,795373.5672830187
002806,1000000.0,909503.5002220401,0.0,909503.5002220401,-90496.49977795989,53967.913277964944,272.0,204,67,41,204,4,0.19350571129213218,False,华锋股份,14.46,2026-09-08,2016-07-26,2026-09-08,,False,False,False,ok,4,0,909503.5002220401,0.0,True,0.02740841458182836,901654.1115350731,854714.4873902288
002807,1000000.0,711397.3264086995,0.0,711397.3264086995,-288602.6735913005,102762.32159131006,27520.0,187,41,23,187,0,0.28903800394339135,False,江阴银行,4.22,2026-09-08,2016-09-02,2026-09-08,,False,False,False,ok,11,0,711397.3264086995,0.0,True,0.047527585975759123,850653.3215306142,781754.3130461763
002809,1000000.0,911344.5369513279,0.0,911344.5369513279,-88655.46304867207,42472.748548674994,1820.0,117,27,25,117,3,0.09633127798308551,False,红墙股份,8.89,2026-09-08,2016-08-23,2026-09-08,,False,False,False,ok,10,0,911344.5369513279,0.0,True,0.018767088529548417,955748.7607572111,960681.2362220818
002810,1000000.0,838387.1361405725,0.0,838387.1361405725,-161612.8638594275,51469.75745943199,0.0,164,50,30,164,1,0.21466136374474848,False,山东赫达,21.68,2026-09-08,2016-08-26,2026-09-08,,False,False,False,ok,12,0,838387.1361405725,0.0,True,0.023755926319636477,1001733.4675836097,890239.9808325958
002811,1000000.0,794316.6168401688,0.0,794316.6168401688,-205683.38315983117,59450.584159835045,28700.0,173,88,52,173,1,0.2320384555278044,False,郑中设计,14.66,2026-09-08,2016-09-08,2026-09-08,,False,False,False,ok,11,0,794316.6168401688,0.0,True,0.03451031687439991,852687.7133778222,822244.228144763
002812,1000000.0,1094072.656082685,0.0,1094072.656082685,94072.6560826851,74268.19991732,0.0,233,52,29,233,1,0.16048001180319393,False,恩捷股份,48.03,2026-09-08,2016-09-14,2026-09-08,,True,False,False,ok,9,0,1094072.656082685,0.0,True,0.03472393851067919,1107337.2291140622,991634.5157290383
002813,1000000.0,872857.4586610233,0.0,872857.4586610233,-127142.5413389767,62271.142338979946,165.2,240,91,46,240,8,0.16534518838020307,False,路畅科技,22.33,2026-09-08,2016-10-12,2026-09-08,,True,False,False,ok,3,0,872857.4586610233,0.0,True,0.03419599680745421,974278.7747919519,891444.7601601674
002815,1000000.0,937461.5215659232,0.0,937461.5215659232,-62538.478434076766,52980.69943408,0.0,153,39,14,153,1,0.10740112135649814,False,崇达技术,17.08,2026-09-08,2016-10-12,2026-09-08,,True,False,False,ok,10,0,937461.5215659232,0.0,True,0.022617375664604384,953077.3179973218,955616.9165438979
002816,1000000.0,972715.1319643393,0.0,972715.1319643393,-27284.868035660707,81222.45553566501,0.0,226,119,68,226,6,0.19308064200731798,False,*ST和科,23.28,2026-09-08,2016-10-25,2026-09-08,,True,False,False,ok,3,0,972715.1319643393,0.0,True,0.048155281916673065,959705.1381776922,919964.5671902826
002817,1000000.0,1002249.3603256419,0.0,1002249.3603256419,2249.36032564193,53038.59767436001,0.0,126,39,21,126,0,0.09703950349428038,False,黄山胶囊,6.87,2026-09-08,2016-10-25,2026-09-08,,True,False,False,ok,12,0,1002249.3603256419,0.0,True,0.022512259393008948,918375.469257731,1012371.018342152
002818,1000000.0,881798.3551624012,0.0,881798.3551624012,-118201.64483759878,77455.80483760491,7760.0,157,38,24,157,1,0.15762655222419264,False,富森美,11.31,2026-09-08,2016-11-09,2026-09-08,,True,False,False,ok,16,0,881798.3551624012,0.0,True,0.036082573970039125,917533.7966739812,924442.6246732384
002819,1000000.0,778342.4877527845,0.0,778342.4877527845,-221657.5122472155,61774.354497220054,1599.0,225,81,35,225,11,0.2216575122472155,False,东方中科,21.78,2026-09-08,2016-11-11,2026-09-08,,True,False,False,ok,10,0,778342.4877527845,0.0,True,0.04441729685915512,844970.1114933623,834963.647391943
002820,1000000.0,880029.4940223201,0.0,880029.4940223201,-119970.50597767986,75708.54347768493,6135.0,191,69,45,191,6,0.14321621466262086,False,桂发祥,10.68,2026-09-08,2016-11-18,2026-09-08,,True,False,False,ok,10,0,880029.4940223201,0.0,True,0.03517714647151281,988599.4141714935,930685.28727695
002821,1000000.0,912687.7871657839,0.0,912687.7871657839,-87312.21283421607,76834.61823421893,480.0,244,36,27,244,4,0.17154021087930374,False,凯莱英,174.31,2026-09-08,2016-11-18,2026-09-08,,True,False,False,ok,10,0,912687.7871657839,0.0,True,0.035868970257650894,1027323.3015346113,1014026.1480589584
002822,1000000.0,873292.1887214393,0.0,873292.1887214393,-126707.81127856066,66289.09877856496,3130.0,194,107,85,194,15,0.18171347203180754,False,ST中装,3.07,2026-09-08,2016-11-29,2026-09-08,,True,False,False,ok,6,0,873292.1887214393,0.0,True,0.039023990416856544,945448.7518105025,983673.4378529785
002823,1000000.0,853570.5530445855,0.0,853570.5530445855,-146429.4469554145,57728.65519542001,828.6947399999999,169,68,31,169,4,0.1981292250351239,False,凯中精密,13.14,2026-09-08,2016-11-24,2026-09-08,,True,False,False,ok,14,0,853570.5530445855,0.0,True,0.029516097304613187,862891.8134817127,842784.1417448441
002824,1000000.0,800429.8104899933,0.0,800429.8104899933,-199570.1895100067,50662.64651001002,951.4000000000001,213,95,38,213,6,0.22118730856800994,False,和胜股份,25.56,2026-09-08,2017-01-12,2026-09-08,,True,False,False,ok,10,0,800429.8104899933,0.0,True,0.027579121170570712,890659.6621593019,854836.1692427928
002825,1000000.0,894883.8271934439,0.0,894883.8271934439,-105116.1728065561,54407.67280656002,0.0,153,64,30,153,1,0.14768722639783377,False,纳尔股份,10.38,2026-09-08,2016-11-29,2026-09-08,,True,False,False,ok,11,0,894883.8271934439,0.0,True,0.02602087513509675,1033156.977968452,961995.0298286979
002826,1000000.0,854558.6859318336,0.0,854558.6859318336,-145441.31406816642,52938.69506817001,0.0,166,78,38,166,1,0.2450228619700069,False,易明医药,18.03,2026-09-08,2016-12-09,2026-09-08,,True,False,False,ok,10,0,854558.6859318336,0.0,True,0.029545450883370582,822538.6106664112,850892.205762678
002827,1000000.0,1267397.876959189,0.0,1267397.876959189,267397.8769591891,71645.61254081507,4215.0,197,76,51,197,3,0.07166835101621907,False,高争民爆,64.15,2026-09-08,2016-12-09,2026-09-08,,True,False,False,ok,12,0,1267397.876959189,0.0,True,0.03181926634515653,1030761.5138027514,1123133.2545313674
002828,1000000.0,1137706.3951729396,0.0,1137706.3951729396,137706.39517293964,70715.499827065,0.0,225,83,76,225,8,0.08630355495480864,False,贝肯能源,12.5,2026-09-08,2016-12-08,2026-09-08,,True,False,False,ok,8,0,1137706.3951729396,0.0,True,0.035233274323685115,994273.774139782,1163598.9017419473
002829,1000000.0,926176.5678300803,0.0,926176.5678300803,-73823.43216991972,60615.05016992498,0.0,192,64,38,192,4,0.12427681659628217,False,星网宇达,20.67,2026-09-08,2016-12-13,2026-09-08,,True,False,False,ok,5,0,926176.5678300803,0.0,True,0.03069097165577828,999920.6751712533,935484.7591769135
002830,1000000.0,929837.6002259991,0.0,929837.6002259991,-70162.39977400086,63993.503774005025,0.0,189,55,32,189,1,0.1680705285123252,False,名雕股份,15.5,2026-09-08,2016-12-13,2026-09-08,,True,False,False,ok,10,0,929837.6002259991,0.0,True,0.02599062102276109,1046725.3176593422,995234.6166313383
002831,1000000.0,953100.3800273599,0.0,953100.3800273599,-46899.61997264007,93033.12767264503,17125.329700000002,217,60,29,217,1,0.1763045296662208,False,裕同科技,28.18,2026-09-08,2016-12-16,2026-09-08,,True,False,False,ok,13,0,953100.3800273599,0.0,True,0.046851862145074835,967503.882951082,895096.1866293431
002832,1000000.0,883609.6957340317,0.0,883609.6957340317,-116390.30426596827,89975.73926597502,2220.0,232,57,32,232,4,0.18877163566561847,False,比音勒芬,26.56,2026-09-08,2016-12-23,2026-09-08,,True,False,False,ok,11,0,883609.6957340317,0.0,True,0.04598096483823194,882425.6054260125,907025.4682822744
002833,1000000.0,870837.2141642205,0.0,870837.2141642205,-129162.7858357795,69668.54933578504,0.0,189,61,32,189,0,0.18516575213796088,False,弘亚数控,18.91,2026-09-08,2016-12-28,2026-09-08,,True,False,False,ok,15,0,870837.2141642205,0.0,True,0.037176638371102015,910315.9882325632,828725.8922278995
002835,1000000.0,831495.0863222822,0.0,831495.0863222822,-168504.9136777178,50323.92867771996,0.0,181,61,37,181,10,0.2229499109886175,False,同为股份,13.05,2026-09-08,2016-12-28,2026-09-08,,True,False,False,ok,10,0,831495.0863222822,0.0,True,0.024310366729868672,919031.6821033717,903162.4756187719
002836,1000000.0,791114.4644004037,0.0,791114.4644004037,-208885.53559959633,48331.35609959998,2000.0,159,54,34,159,0,0.23452530275010558,False,新宏泽,10.42,2026-09-08,2016-12-29,2026-09-08,,True,False,False,ok,10,0,791114.4644004037,0.0,True,0.02401838515444395,860927.6722403917,854287.9661502326
002837,1000000.0,999970.967069691,0.0,999970.967069691,-29.032930308952928,61333.86858031155,2300.0,239,57,31,239,4,0.11126265112710625,False,英维克,63.0,2026-09-08,2016-12-29,2026-09-08,,True,False,False,ok,10,0,999970.967069691,0.0,True,0.026812528505179338,952872.2975080919,968774.0191241726
002838,1000000.0,701960.2137064589,0.0,701960.2137064589,-298039.7862935411,67853.40529354503,0.0,211,88,36,211,4,0.3200408710670583,False,道恩股份,25.51,2026-09-08,2017-01-06,2026-09-08,,True,False,False,ok,13,0,701960.2137064589,0.0,True,0.03636940949097771,749077.3023128825,721929.9379832884
002839,1000000.0,916936.376232002,0.0,916936.376232002,-83063.62376799795,78592.16826800503,36115.0,136,44,23,136,0,0.12326508650271238,False,张家港行,4.41,2026-09-08,2017-01-24,2026-09-08,,True,False,False,ok,11,0,916936.376232002,0.0,True,0.03563371077020067,1024775.0681607925,995354.0460982695
002840,1000000.0,654379.6763115397,0.0,654379.6763115397,-345620.3236884603,63145.16118846497,660.4,228,88,52,228,10,0.37763705882109494,False,华统股份,9.09,2026-09-08,2017-01-10,2026-09-08,,True,False,False,ok,5,0,654379.6763115397,0.0,True,0.04264280960313234,734609.8122065619,708914.9645841231
002841,1000000.0,1022131.7672721313,0.0,1022131.7672721313,22131.767272131285,81584.87222787492,5131.2,194,63,32,194,0,0.09899902789561196,False,视源股份,47.4,2026-09-08,2017-01-19,2026-09-08,,True,False,False,ok,11,0,1022131.7672721313,0.0,True,0.04428318404335481,982341.3285081629,1003496.3811141197
002842,1000000.0,1032080.8595837436,0.0,1032080.8595837436,32080.859583743615,51908.530916259995,860.0,143,44,28,143,0,0.0958803686333896,False,翔鹭钨业,34.35,2026-09-08,2017-01-19,2026-09-08,,True,False,False,ok,6,0,1032080.8595837436,0.0,True,0.020547043297250066,1101935.8805378424,1053638.3083922323
002843,1000000.0,924333.648401493,0.0,924333.648401493,-75666.35159850703,55210.78159851004,0.0,187,78,47,187,5,0.1495242752118659,False,泰嘉股份,16.25,2026-09-08,2017-01-20,2026-09-08,,True,False,False,ok,8,0,924333.648401493,0.0,True,0.0277452300136014,1031548.1612625609,946647.1809697417
002845,1000000.0,746126.4219672489,0.0,746126.4219672489,-253873.5780327511,50632.81953275499,1728.0,179,54,21,179,4,0.2625227732192099,True,同兴达,13.41,2026-09-08,2017-01-25,2026-09-08,,True,False,False,ok,10,0,746126.4219672489,0.0,True,0.023403298391432712,924744.7612546624,812972.8397007786
002846,1000000.0,888165.0335038983,0.0,888165.0335038983,-111834.9664961017,59630.60599610494,0.0,217,85,34,217,3,0.13157195416639744,False,英联股份,10.91,2026-09-08,2017-02-07,2026-09-08,,True,False,False,ok,7,0,888165.0335038983,0.0,True,0.028725157650611306,942739.6206638115,884496.3137613377
002847,1000000.0,832026.044409184,0.0,832026.044409184,-167973.95559081598,71374.45609082011,9680.0,230,52,24,230,3,0.20983839661128487,False,盐津铺子,47.1,2026-09-08,2017-02-08,2026-09-08,,True,False,False,ok,12,0,832026.044409184,0.0,True,0.036942144873741714,993672.6345468925,1011800.6048082589
002848,1000000.0,922742.9258173842,0.0,922742.9258173842,-77257.07418261585,55746.87918261999,0.0,208,85,36,208,12,0.18530350618964272,False,高斯贝尔,13.69,2026-09-08,2017-02-13,2026-09-08,,True,False,False,ok,1,0,922742.9258173842,0.0,True,0.02726485820534817,919477.5383195421,867395.0607178229
002849,1000000.0,772391.1361323735,0.0,772391.1361323735,-227608.86386762653,48943.29086763005,1150.0,158,67,27,158,7,0.2405606313377861,False,威星智能,17.95,2026-09-08,2017-02-17,2026-09-08,,True,False,False,ok,10,0,772391.1361323735,0.0,True,0.026961331735733392,798535.3283072817,885408.5285639225
002850,1000000.0,933545.2604378796,0.0,933545.2604378796,-66454.7395621204,57787.44706212503,240.0,224,48,26,224,3,0.17260952286528988,False,科达利,177.6,2026-09-08,2017-03-02,2026-09-08,,True,False,False,ok,10,0,933545.2604378796,0.0,True,0.03195126889511098,999776.236596111,841850.3262140879
002851,1000000.0,885311.316269754,0.0,885311.316269754,-114688.68373024603,56623.38973025006,21.0,191,78,27,191,5,0.17244717008840696,False,麦格米特,128.6,2026-09-08,2017-03-06,2026-09-08,,True,False,False,ok,9,0,885311.316269754,0.0,True,0.029730503281489795,988360.9921591311,904462.6461361276
002852,1000000.0,789192.9241294924,0.0,789192.9241294924,-210807.07587050763,48487.830370510004,2670.0,141,57,25,141,4,0.2752440706002399,False,道道全,9.63,2026-09-08,2017-03-10,2026-09-08,,True,False,False,ok,12,0,789192.9241294924,0.0,True,0.026166537897786148,909966.4575912019,832445.9468852319
002853,1000000.0,1174463.2626739808,0.0,1174463.2626739808,174463.2626739808,67928.25882602499,5641.0,193,43,35,193,1,0.09546085023993722,False,皮阿诺,21.38,2026-09-08,2017-03-10,2026-09-08,,True,False,False,ok,6,0,1174463.2626739808,0.0,True,0.02836387898547931,996508.1015809828,1119763.6348541742
002855,1000000.0,1109215.661750635,0.0,1109215.661750635,109215.6617506349,73115.62474937005,360.0,204,98,77,204,4,0.14590103954770295,False,捷荣技术,18.5,2026-09-08,2017-03-21,2026-09-08,,True,False,False,ok,4,0,1109215.661750635,0.0,True,0.035282917242035784,1114688.232470832,1255481.813227788
002856,1000000.0,792800.6137304283,0.0,792800.6137304283,-207199.38626957173,56242.05076957504,0.0,190,94,46,190,6,0.2430924279888338,False,*ST美芝,22.35,2026-09-08,2017-03-20,2026-09-08,,True,False,False,ok,1,0,792800.6137304283,0.0,True,0.032846938251597506,910378.7050191413,845371.5958164823
002857,1000000.0,787482.3115680842,0.0,787482.3115680842,-212517.68843191583,51304.546431920004,772.0,182,77,31,182,5,0.24564908815618144,False,三晖电气,18.7,2026-09-08,2017-03-23,2026-09-08,,True,False,False,ok,6,0,787482.3115680842,0.0,True,0.028806628316513972,900419.6635843314,808144.6843501626
002858,1000000.0,1187582.4791006255,0.0,1187582.4791006255,187582.4791006255,63096.34539937995,660.0,191,80,51,191,2,0.05941039248321014,False,力盛体育,12.5,2026-09-08,2017-03-24,2026-09-08,,True,False,False,ok,2,0,1187582.4791006255,0.0,True,0.02916952567069097,1120376.8235468033,1172734.281645779
002859,1000000.0,880790.7624390855,0.0,880790.7624390855,-119209.23756091448,62433.46906092002,3006.0,163,59,29,163,1,0.19352294342761875,False,洁美科技,61.78,2026-09-08,2017-04-07,2026-09-08,,True,False,False,ok,15,0,880790.7624390855,0.0,True,0.03138287375633808,1006590.740391623,934223.5668097495
002860,1000000.0,865593.1851846641,0.0,865593.1851846641,-134406.8148153359,55400.39831534,3230.0,163,49,25,163,0,0.17313081990435303,False,星帅尔,17.08,2026-09-08,2017-04-12,2026-09-08,,True,False,False,ok,9,0,865593.1851846641,0.0,True,0.02469089584695939,940079.6714494715,940638.3311485329
002861,1000000.0,877589.4348683907,0.0,877589.4348683907,-122410.56513160933,52777.395131614954,0.0,186,74,50,186,4,0.18322352469888692,False,瀛通通讯,15.75,2026-09-08,2017-04-13,2026-09-08,,True,False,False,ok,7,0,877589.4348683907,0.0,True,0.028555693611965423,867138.837109773,883992.6611126242
002862,1000000.0,875909.6198293914,0.0,875909.6198293914,-124090.38017060864,61721.91367061496,740.0,239,108,52,239,13,0.20745789167188908,False,实丰文化,16.2,2026-09-08,2017-04-11,2026-09-08,,True,False,False,ok,4,0,875909.6198293914,0.0,True,0.037355814620984,923893.9135644629,834431.4466418144
002863,1000000.0,789426.6746288035,0.0,789426.6746288035,-210573.3253711965,42351.80982119902,1133.8000000000002,127,61,35,127,3,0.2345977141032281,False,今飞凯达,4.86,2026-09-08,2017-04-18,2026-09-08,,True,False,False,ok,10,0,789426.6746288035,0.0,True,0.02180660141203738,845823.0542938376,824426.1455617129
002864,1000000.0,738856.7439886734,0.0,738856.7439886734,-261143.25601132656,60786.625371329974,3111.6943600000004,181,65,26,181,3,0.3169951046280225,False,盘龙药业,22.14,2026-09-08,2017-11-16,2026-09-08,,True,False,False,ok,11,0,738856.7439886734,0.0,True,0.030790736851275567,1021372.442351222,877232.0372302225
002865,1000000.0,834624.2460560636,0.0,834624.2460560636,-165375.75394393643,64322.233460234354,3307.6767,269,80,42,269,4,0.2080279557599984,True,钧达股份,39.09,2026-09-08,2017-04-25,2026-09-08,,True,False,False,ok,7,0,834624.2460560636,0.0,True,0.03440390053469303,990272.3378483431,905794.7188121817
002866,1000000.0,1081480.806588183,0.0,1081480.806588183,81480.80658818292,50392.60024181997,2454.15033,175,70,34,175,3,0.08464862885442259,False,传艺科技,14.53,2026-09-08,2017-04-26,2026-09-08,,True,False,False,ok,9,0,1081480.806588183,0.0,True,0.02393274765257298,1015545.9810024814,1065556.4142956766
002867,1000000.0,787336.2455944709,0.0,787336.2455944709,-212663.75440552912,80326.11440553503,42015.0,223,85,42,223,1,0.23072648577617846,False,周大生,10.78,2026-09-08,2017-04-27,2026-09-08,,True,False,False,ok,14,0,787336.2455944709,0.0,True,0.04524703028207971,902772.469227112,867894.9549087638
002868,1000000.0,881489.7696821891,0.0,881489.7696821891,-118510.2303178109,60318.332317814944,2897.9999999999995,205,91,51,205,6,0.17291779217043704,False,绿康生化,26.49,2026-09-08,2017-05-03,2026-09-08,,True,False,False,ok,5,0,881489.7696821891,0.0,True,0.03491152756522391,913549.8527347103,901181.0014588472
002869,1000000.0,904504.8100292298,0.0,904504.8100292298,-95495.18997077015,54087.79847077502,502.0,202,88,37,202,2,0.14541145610534903,False,金溢科技,16.1,2026-09-08,2017-05-15,2026-09-08,,True,False,False,ok,8,0,904504.8100292298,0.0,True,0.028837964500276668,914551.905711482,900777.0933047379
002870,1000000.0,962366.0152480499,0.0,962366.0152480499,-37633.984751950135,61623.643251954985,4290.8,199,59,42,199,8,0.08404093169740297,False,香山股份,53.0,2026-09-08,2017-05-15,2026-08-31,,True,True,False,ok,8,0,962366.0152480499,0.0,True,0.02911035488720461,1018867.0373844022,988769.2757093677
002871,1000000.0,1161621.07388226,0.0,1161621.07388226,161621.0738822599,65168.40611774503,1580.0,176,66,54,176,4,0.07338933714279545,False,伟隆股份,19.4,2026-09-08,2017-05-11,2026-09-08,,True,False,False,ok,11,0,1161621.07388226,0.0,True,0.028344642790816894,1027178.7380909728,1092782.6869078046
002872,1000000.0,883379.631535189,0.0,883379.631535189,-116620.368464811,68783.39846481499,0.0,146,44,17,146,4,0.17178105786901157,False,ST天圣,6.09,2026-09-08,2017-05-19,2026-09-08,,True,False,False,ok,1,0,883379.631535189,0.0,True,0.03310429989544615,915297.2642769113,884717.641937567
002873,1000000.0,789415.8921672257,0.0,789415.8921672257,-210584.1078327743,62663.16333278,3676.0,194,87,30,194,8,0.2105841078327743,False,新天药业,8.67,2026-09-08,2017-05-19,2026-09-08,,True,False,False,ok,12,0,789415.8921672257,0.0,True,0.032490711720318165,876901.4931543332,821022.6227536094
002875,1000000.0,810296.9881270207,0.0,810296.9881270207,-189703.01187297935,63046.58057298402,0.0,232,130,65,232,3,0.20474735718292453,False,安奈儿,13.89,2026-09-08,2017-06-01,2026-09-08,,True,False,False,ok,3,0,810296.9881270207,0.0,True,0.038605639551477916,903770.5023380884,890932.6443845294
002876,1000000.0,863201.0520139525,0.0,863201.0520139525,-136798.94798604748,55402.80498604993,0.0,179,56,34,179,2,0.14337759602016703,False,三利谱,28.56,2026-09-08,2017-05-25,2026-09-08,,True,False,False,ok,9,0,863201.0520139525,0.0,True,0.028677315668551192,910012.5970093311,919325.4596917167
002877,1000000.0,868814.6635834957,0.0,868814.6635834957,-131185.33641650435,60513.69291650999,0.0,175,77,56,175,1,0.14036862745285258,False,智能自控,7.65,2026-09-08,2017-06-05,2026-09-08,,True,False,False,ok,9,0,868814.6635834957,0.0,True,0.03242093790191888,905852.364312613,922226.9586797947
002878,1000000.0,910934.3865269407,0.0,910934.3865269407,-89065.61347305926,61617.415473065055,4908.0,219,101,50,219,10,0.09911454163792917,False,元隆雅图,13.27,2026-09-08,2017-06-06,2026-09-08,,True,False,False,ok,7,0,910934.3865269407,0.0,True,0.0331570748946894,974062.7050837128,949421.2690823341
002879,1000000.0,850614.2100759035,0.0,850614.2100759035,-149385.78992409655,47740.21542410004,0.0,132,38,14,132,1,0.1873656661788371,False,长缆科技,16.82,2026-09-08,2017-07-07,2026-09-08,,True,False,False,ok,9,0,850614.2100759035,0.0,True,0.020593797337399158,967220.149973882,871347.9529015627
002880,1000000.0,1023382.0906624106,0.0,1023382.0906624106,23382.0906624106,77265.35683759507,0.0,161,42,22,161,0,0.09362475366669065,False,卫光生物,22.72,2026-09-08,2017-06-16,2026-09-08,,True,False,False,ok,9,0,1023382.0906624106,0.0,True,0.035895330253532406,1072120.9851541119,1100319.506976084
002881,1000000.0,813535.4994501083,0.0,813535.4994501083,-186464.50054989173,62340.391549895074,625.0,239,112,60,239,3,0.21119265135484375,False,美格智能,47.51,2026-09-08,2017-06-22,2026-09-08,,True,False,False,ok,9,0,813535.4994501083,0.0,True,0.03572123040745785,989017.8665428513,904878.7755159978
002882,1000000.0,932012.4547417908,0.0,932012.4547417908,-67987.54525820923,64388.99175821505,0.0,201,91,52,201,0,0.1513667729306493,False,金龙羽,24.4,2026-09-08,2017-07-17,2026-09-08,,True,False,False,ok,9,0,932012.4547417908,0.0,True,0.03412118888999648,963661.0838970721,1048805.1332395894
002883,1000000.0,806646.0165517202,0.0,806646.0165517202,-193353.9834482798,51337.62724828299,3347.5,157,61,27,157,4,0.2177746104060749,False,*ST中设,9.4,2026-09-08,2017-06-20,2026-09-08,,True,False,False,ok,8,0,806646.0165517202,0.0,True,0.02549173568976352,926101.1489437628,836954.6775120152
002884,1000000.0,1000000.0,0.0,1000000.0,0.0,0.0,0.0,0,0,0,0,0,0.0,False,凌霄泵业,16.06,2026-09-08,2017-07-11,2026-09-08,,True,False,True,ok,9,0,1000000.0,0.0,True,0.0,1000000.0,1000000.0
002885,1000000.0,922984.3834312019,0.0,922984.3834312019,-77015.61656879808,47900.805068799986,0.0,191,90,55,191,3,0.12548710062883614,False,京泉华,28.39,2026-09-08,2017-06-27,2026-09-08,,True,False,False,ok,9,0,922984.3834312019,0.0,True,0.026049220690753987,956198.1870365409,914411.2409084922
002886,1000000.0,869505.0952785648,0.0,869505.0952785648,-130494.90472143516,52522.06922143996,241.60000000000002,188,55,31,188,2,0.13773115364961985,False,沃特股份,25.0,2026-09-08,2017-06-27,2026-09-08,,True,False,False,ok,9,0,869505.0952785648,0.0,True,0.022939484288538852,924057.024313942,913527.2305482888
002887,1000000.0,853867.2978465186,0.0,853867.2978465186,-146132.70215348143,54726.09415348503,15600.0,138,41,24,138,0,0.15674009596127642,False,绿茵生态,9.56,2026-09-08,2017-08-01,2026-09-08,,True,False,False,ok,8,0,853867.2978465186,0.0,True,0.02419013157585778,946641.8231225717,915463.8428694233
002888,1000000.0,1208233.086123833,0.0,1208233.086123833,208233.08612383297,69037.49287617006,0.0,198,84,48,198,7,0.06032708287657951,False,惠威科技,20.32,2026-09-08,2017-07-21,2026-09-08,,True,False,False,ok,7,0,1208233.086123833,0.0,True,0.03075102935898577,1112322.9216962021,1189407.7661650172
002889,1000000.0,902489.3480952992,0.0,902489.3480952992,-97510.65190470079,61322.75840470498,0.0,188,62,42,188,3,0.13295472229739527,False,东方嘉盛,12.18,2026-09-08,2017-07-31,2026-09-08,,True,False,False,ok,7,0,902489.3480952992,0.0,True,0.03163297755242626,1012178.680519532,918481.8327236982
002890,1000000.0,835814.6618039081,0.0,835814.6618039081,-164185.33819609194,51768.63019609502,960.0,154,56,32,154,3,0.21786362030364856,False,弘宇股份,15.07,2026-09-08,2017-08-02,2026-09-08,,True,False,False,ok,8,0,835814.6618039081,0.0,True,0.02617726369556813,933260.2770774314,849555.2958471421
002891,1000000.0,960652.7279292226,0.0,960652.7279292226,-39347.27207077737,58719.40507078,924.0,170,54,27,170,5,0.18463868627806224,False,中宠股份,29.74,2026-09-08,2017-08-21,2026-09-08,,True,False,False,ok,12,0,960652.7279292226,0.0,True,0.031047501710117033,905423.0093808917,883138.5600950271
002892,1000000.0,987589.8048352278,0.0,987589.8048352278,-12410.195164772216,57776.938514777976,2499.0,200,70,39,200,4,0.14583514868074565,False,科力尔,9.13,2026-09-08,2017-08-17,2026-09-08,,True,False,False,ok,9,0,987589.8048352278,0.0,True,0.0268783784340916,954795.808557248,974746.3894040745
002893,1000000.0,958104.99893547,0.0,958104.99893547,-41895.00106452999,51928.97556453504,1560.0,166,74,45,166,4,0.10112680783825782,False,京能热力,10.67,2026-09-08,2017-09-15,2026-09-08,,True,False,False,ok,7,0,958104.99893547,0.0,True,0.026710444696556562,998198.8903583622,945403.1311982532
002895,1000000.0,949017.4258267537,0.0,949017.4258267537,-50982.57417324628,57779.30767324998,5310.0,188,63,30,188,3,0.0874198255037846,False,川恒股份,33.71,2026-09-08,2017-08-25,2026-09-08,,True,False,False,ok,10,0,949017.4258267537,0.0,True,0.027612203134021136,944683.8865374116,953773.7494406621
002896,1000000.0,981439.1784666306,0.0,981439.1784666306,-18560.821533369366,55182.832033375016,216.0,195,73,34,195,1,0.11552328238742518,False,中大力德,63.16,2026-09-08,2017-08-29,2026-09-08,,True,False,False,ok,9,0,981439.1784666306,0.0,True,0.027470869888936815,946241.5952862212,990618.6647175888
002897,1000000.0,1054712.710451393,0.0,1054712.710451393,54712.71045139292,49184.85504861,0.0,204,63,28,204,5,0.15342999406866054,False,意华股份,64.3,2026-09-08,2017-09-07,2026-09-08,,True,False,False,ok,9,0,1054712.710451393,0.0,True,0.024748522054298533,953305.351162591,946263.9469407871
002899,1000000.0,932448.7232088137,0.0,932448.7232088137,-67551.2767911863,49849.73679118996,2389.8,133,27,10,133,0,0.1246593322318121,False,英派斯,20.43,2026-09-08,2017-09-15,2026-09-08,,True,False,False,ok,8,0,932448.7232088137,0.0,True,0.019784722349349533,1003767.518747532,966835.3172195579
002900,1000000.0,922071.2748603334,0.0,922071.2748603334,-77928.72513966658,56435.37413967005,0.0,175,64,41,175,3,0.12713353585517215,False,哈三联,12.42,2026-09-08,2017-09-22,2026-09-08,,True,False,False,ok,8,0,922071.2748603334,0.0,True,0.027727844625994577,956334.1520703617,904890.374322058
002901,1000000.0,788711.0811255412,0.0,788711.0811255412,-211288.91887445876,64517.830874464926,6380.0,208,54,23,208,2,0.24388651591135296,False,大博医疗,40.99,2026-09-08,2017-09-22,2026-09-08,,True,False,False,ok,8,0,788711.0811255412,0.0,True,0.036053897042668044,927210.0631696029,892922.249805644
002902,1000000.0,1110778.842236789,0.0,1110778.842236789,110778.84223678894,51782.87576321498,0.0,205,67,41,205,3,0.09258215121636218,False,铭普光磁,26.91,2026-09-08,2017-09-29,2026-09-08,,True,False,False,ok,4,0,1110778.842236789,0.0,True,0.024419718727218317,985094.5633734423,1020639.8014435628
002903,1000000.0,874121.6870262087,0.0,874121.6870262087,-125878.31297379127,45241.903473795006,4325.0,173,65,37,173,3,0.17898876623110235,False,宇环数控,28.34,2026-09-08,2017-10-13,2026-09-08,,True,False,False,ok,7,0,874121.6870262087,0.0,True,0.022472120797094274,941973.451220451,857505.8715197877
002905,1000000.0,740773.9187848228,0.0,740773.9187848228,-259226.0812151772,44813.69571518003,0.0,188,88,47,188,6,0.2984786970933642,False,金逸影视,8.88,2026-09-08,2017-10-16,2026-09-08,,True,False,False,ok,3,0,740773.9187848228,0.0,True,0.02760550055554921,798187.4378408615,729784.8414070572
002906,1000000.0,792045.0210689934,0.0,792045.0210689934,-207954.97893100663,47738.36843101003,5110.0,183,41,19,183,4,0.20795497893100662,False,华阳集团,28.2,2026-09-08,2017-10-13,2026-09-08,,True,False,False,ok,8,0,792045.0210689934,0.0,True,0.0218846218684633,919234.859684931,876664.9213877872
002907,1000000.0,811269.466604521,0.0,811269.466604521,-188730.53339547897,60177.940895484964,1220.0,200,102,64,200,3,0.26769170789112623,False,华森制药,14.64,2026-09-08,2017-10-20,2026-09-08,,True,False,False,ok,12,0,811269.466604521,0.0,True,0.038814499348549254,842626.2829213322,830987.0443432932
002908,1000000.0,932123.2016867697,0.0,932123.2016867697,-67876.79831323028,49494.405313234995,1480.0,156,54,21,156,1,0.14152208118187914,False,德生科技,7.36,2026-09-08,2017-10-20,2026-09-08,,True,False,False,ok,9,0,932123.2016867697,0.0,True,0.020859624879731788,985299.7703463526,1070369.658094954
002909,1000000.0,891953.8299323802,0.0,891953.8299323802,-108046.17006761977,67517.345567625,0.0,171,96,61,171,3,0.22817307325508376,False,集泰股份,8.72,2026-09-08,2017-10-26,2026-09-08,,True,False,False,ok,8,0,891953.8299323802,0.0,True,0.03625903534457489,1017627.7141081123,887149.6911686193
002910,1000000.0,880320.7080739532,0.0,880320.7080739532,-119679.29192604683,47199.354426049984,0.0,146,52,23,146,0,0.1311601054914251,False,庄园牧场,10.8,2026-09-08,2017-10-31,2026-09-08,,True,False,False,ok,6,0,880320.7080739532,0.0,True,0.021178585762642824,984348.6361663218,966668.6044011075
002911,1000000.0,868967.7159043102,0.0,868967.7159043102,-131032.28409568977,67123.25809569498,4266.0,155,65,44,155,1,0.17405836538114397,False,佛燃能源,11.66,2026-09-08,2017-11-22,2026-09-08,,True,False,False,ok,10,0,868967.7159043102,0.0,True,0.03686791931322988,1018838.0398985817,935345.8062254231
002912,1000000.0,830587.2106896134,0.0,830587.2106896134,-169412.78931038664,45121.575310390006,1560.0,156,51,30,156,2,0.17612361340544128,False,中新赛克,19.61,2026-09-08,2017-11-21,2026-09-08,,True,False,False,ok,7,0,830587.2106896134,0.0,True,0.02538367403783551,875810.2439300821,879213.2509329228
002913,1000000.0,865707.0341938875,0.0,865707.0341938875,-134292.9658061125,44961.401306114996,3736.5,148,40,14,148,0,0.15636459092888655,False,奥士康,64.77,2026-09-08,2017-12-01,2026-09-08,,True,False,False,ok,9,0,865707.0341938875,0.0,True,0.022918956623422866,986122.4271689412,890451.3079192266
002915,1000000.0,796763.1310102778,0.0,796763.1310102778,-203236.86898972222,48420.75848972501,0.0,179,59,24,179,5,0.2077122232262361,False,中欣氟材,18.17,2026-09-08,2017-12-05,2026-09-08,,True,False,False,ok,6,0,796763.1310102778,0.0,True,0.023314547669400526,1000453.6904619213,850165.6174701127
002916,1000000.0,1007397.42658865,0.0,1007397.42658865,7397.426588649978,53940.21331135299,7655.0,175,31,12,175,5,0.12078439644696244,False,深南电路,382.5,2026-09-08,2017-12-13,2026-09-08,,True,False,False,ok,9,0,1007397.42658865,0.0,True,0.028550231767008067,913001.0538133528,933004.5100314687
002917,1000000.0,922978.6928310087,0.0,922978.6928310087,-77021.3071689913,59811.30466899499,2908.0,172,80,42,172,1,0.1327460288135297,False,金奥博,10.65,2026-09-08,2017-12-08,2026-09-08,,True,False,False,ok,9,0,922978.6928310087,0.0,True,0.032370904879105176,992121.4341660923,912927.6248983021
002918,1000000.0,858617.6314527172,0.0,858617.6314527172,-141382.36854728276,55128.85554728505,2115.0,184,68,36,184,2,0.16233620027284507,False,蒙娜丽莎,10.99,2026-09-08,2017-12-19,2026-09-08,,True,False,False,ok,9,0,858617.6314527172,0.0,True,0.027543939300335243,985961.5602168313,968672.1380533967
002919,1000000.0,843304.1566753522,0.0,843304.1566753522,-156695.84332464775,50300.47032464997,420.0,193,87,41,193,6,0.19146599941799064,False,名臣健康,18.06,2026-09-08,2017-12-18,2026-09-08,,True,False,False,ok,9,0,843304.1566753522,0.0,True,0.031984124530592,869100.6283864318,888028.0813391967
002920,1000000.0,884729.5106766329,0.0,884729.5106766329,-115270.48932336713,55480.07382337001,570.0,193,30,12,193,5,0.21003032256683016,False,德赛西威,86.81,2026-09-08,2017-12-26,2026-09-08,,True,False,False,ok,9,0,884729.5106766329,0.0,True,0.026813085323279272,1047193.8284951807,996315.0024928616
002921,1000000.0,791951.7168170074,0.0,791951.7168170074,-208048.2831829926,40651.599682995016,3270.0,131,32,8,131,0,0.21074624533726616,False,联诚精密,21.64,2026-09-08,2017-12-27,2026-09-08,,True,False,False,ok,7,0,791951.7168170074,0.0,True,0.018855882878383627,856440.4960482011,840526.9624970172
002922,1000000.0,794350.6670944886,0.0,794350.6670944886,-205649.33290551137,51748.90040551504,3300.0,191,71,43,191,6,0.20935781077125726,False,伊戈尔,24.86,2026-09-08,2017-12-29,2026-09-08,,True,False,False,ok,10,0,794350.6670944886,0.0,True,0.027257453484535607,915792.8768490318,940955.6537132872
002923,1000000.0,815033.5359709535,0.0,815033.5359709535,-184966.46402904647,53185.61152905002,0.0,174,79,40,174,3,0.2036941867967469,False,润都股份,11.39,2026-09-08,2018-01-05,2026-09-08,,True,False,False,ok,8,0,815033.5359709535,0.0,True,0.031237563806370237,917686.8569601006,847862.784524877
002925,1000000.0,822506.3867016408,0.0,822506.3867016408,-177493.6132983592,55661.87129836501,3900.0,159,50,20,159,3,0.21896419281334917,False,盈趣科技,23.07,2026-09-08,2018-01-15,2026-09-08,,True,False,False,ok,10,0,822506.3867016408,0.0,True,0.025795842441217427,964561.5441525131,927095.9483869546
002926,1000000.0,820220.632450206,0.0,820220.632450206,-179779.36754979403,64126.402549800034,9186.099999999999,141,30,22,141,0,0.18439925378247396,False,华西证券,8.49,2026-09-08,2018-02-05,2026-09-08,,True,False,False,ok,10,0,820220.632450206,0.0,True,0.030931966262809446,914356.4474621323,893385.1318390785
002927,1000000.0,1013375.8101307589,0.0,1013375.8101307589,13375.81013075891,48763.161869245,2088.0,166,43,31,166,3,0.11536507869744585,False,泰永长征,17.62,2026-09-08,2018-02-23,2026-09-08,,True,False,False,ok,9,0,1013375.8101307589,0.0,True,0.02172577371485245,987331.1215106214,949549.319029953
002928,1000000.0,1036089.0095856098,0.0,1036089.0095856098,36089.009585609776,66716.36041439498,0.0,173,52,29,173,1,0.11483677335219838,False,华夏航空,6.41,2026-09-08,2018-03-02,2026-09-08,,True,False,False,ok,4,0,1036089.0095856098,0.0,True,0.027979324477476947,1098690.2242269516,1042636.3677721836
002929,1000000.0,817557.2421092532,0.0,817557.2421092532,-182442.7578907468,47653.88739074999,2580.0,164,52,19,164,4,0.1886260993611192,False,润建股份,50.5,2026-09-08,2018-03-01,2026-09-08,,True,False,False,ok,9,0,817557.2421092532,0.0,True,0.025179815577168894,910182.7726812108,818175.116704592
002930,1000000.0,892424.4256429543,0.0,892424.4256429543,-107575.5743570457,68512.59285705,5790.0,178,60,30,178,1,0.13681673915222803,False,宏川智慧,9.58,2026-09-08,2018-03-28,2026-09-08,,True,False,False,ok,8,0,892424.4256429543,0.0,True,0.033359813308032865,1001007.8165488715,978521.9012921529
002931,1000000.0,910924.2697162448,0.0,910924.2697162448,-89075.73028375523,44191.719283760045,70.0,163,70,45,163,5,0.14112184540836506,False,锋龙股份,44.26,2026-09-08,2018-04-03,2026-09-08,,True,False,False,ok,7,0,910924.2697162448,0.0,True,0.025954776741663615,875773.5088077014,920298.6618035781
002932,1000000.0,886089.1174044592,0.0,886089.1174044592,-113910.88259554084,52424.04767554482,3840.0,165,41,28,165,0,0.12252346469576866,False,*ST明德,15.6,2026-09-08,2018-07-10,2026-09-08,,True,False,False,ok,11,0,886089.1174044592,0.0,True,0.027319646062544403,878560.0800642914,909032.2601582176
002933,1000000.0,840550.086834942,0.0,840550.086834942,-159449.913165058,37199.61366505999,3870.0,117,28,14,117,1,0.17819557217452253,False,新兴装备,27.64,2026-09-08,2018-08-28,2026-09-08,,True,False,False,ok,6,0,840550.086834942,0.0,True,0.016462359055933018,943118.8197449807,854305.4256171418
002935,1000000.0,942912.7145916326,0.0,942912.7145916326,-57087.2854083674,39416.08840837004,0.0,118,26,22,118,0,0.11127111716280971,False,天奥电子,15.8,2026-09-08,2018-09-03,2026-09-08,,True,False,False,ok,8,0,942912.7145916326,0.0,True,0.017947968445237012,1026657.1056332408,986577.9900228415
002936,1000000.0,727732.4589767754,0.0,727732.4589767754,-272267.5410232246,92135.76402322999,0.0,126,28,15,126,1,0.2855848569001203,False,郑州银行,1.8,2026-09-08,2018-09-19,2026-09-08,,True,False,False,ok,5,0,727732.4589767754,0.0,True,0.040844654403923264,857051.0297425231,797890.7354178891
002937,1000000.0,968575.2831467189,0.0,968575.2831467189,-31424.716853281134,47716.604353285016,0.0,148,47,24,148,1,0.13997930608945308,False,兴瑞科技,28.27,2026-09-08,2018-09-26,2026-09-08,,True,False,False,ok,10,0,968575.2831467189,0.0,True,0.023136237959450717,949269.3718366008,918143.9202173817
002938,1000000.0,855539.1514902479,0.0,855539.1514902479,-144460.84850975208,47949.60200975502,0.0,161,52,36,161,4,0.14500416911577713,False,鹏鼎控股,89.46,2026-09-08,2018-09-18,2026-09-08,,True,False,False,ok,8,0,855539.1514902479,0.0,True,0.02576947774171562,962157.1412481808,914027.4031584017
002939,1000000.0,761805.2219445494,0.0,761805.2219445494,-238194.77805545065,56189.09555545502,0.0,143,47,19,143,2,0.24399201361547282,False,长城证券,8.09,2026-09-08,2018-10-26,2026-09-08,,True,False,False,ok,10,0,761805.2219445494,0.0,True,0.029090797843174882,912991.7107192115,802999.5292610929
002940,1000000.0,866042.3151715177,0.0,866042.3151715177,-133957.68482848234,51490.16882848504,0.0,167,52,21,167,3,0.24156971135652353,False,昂利康,26.0,2026-09-08,2018-10-23,2026-09-08,,True,False,False,ok,10,0,866042.3151715177,0.0,True,0.024863718378783668,978259.7244571308,912613.2483773967
002941,1000000.0,970504.4587247702,0.0,970504.4587247702,-29495.54127522977,52335.26977523496,5980.0,161,70,30,161,1,0.13836044447302598,False,新疆交建,11.12,2026-09-08,2018-11-28,2026-09-08,,True,False,False,ok,8,0,970504.4587247702,0.0,True,0.024317910773348897,1018009.1441135817,1015885.1132145193
002942,1000000.0,994449.006215463,0.0,994449.006215463,-5550.993784536957,44273.44228454006,0.0,115,41,35,115,3,0.08807647343944738,False,新农股份,19.36,2026-09-08,2018-12-05,2026-09-08,,True,False,False,ok,8,0,994449.006215463,0.0,True,0.025561800876792974,1016332.591875891,983990.5989021116
002943,1000000.0,792787.9003334471,0.0,792787.9003334471,-207212.09966655285,34307.06166655501,0.0,149,51,25,149,1,0.2517628168295434,False,宇晶股份,30.31,2026-09-08,2018-11-29,2026-09-08,,True,False,False,ok,5,0,792787.9003334471,0.0,True,0.01979283972876117,959933.3992931804,787842.3202242715
002945,1000000.0,1014384.7850122895,0.0,1014384.7850122895,14384.785012289532,59885.48598771497,0.0,160,49,27,160,2,0.06308222165855076,False,华林证券,15.02,2026-09-08,2019-01-17,2026-09-08,,True,False,False,ok,8,0,1014384.7850122895,0.0,True,0.026983516037082444,971884.1178345513,1046388.447441933
002946,1000000.0,868504.2142610278,0.0,868504.2142610278,-131495.78573897225,43759.145738975014,1085.0,135,74,23,135,1,0.1611680659141091,False,新乳业,15.61,2026-09-08,2019-01-25,2026-09-08,,True,False,False,ok,10,0,868504.2142610278,0.0,True,0.025236140114762728,964547.8426393613,864539.676130498
002947,1000000.0,1113600.9948716485,0.0,1113600.9948716485,113600.9948716485,40035.19412835502,0.0,132,31,21,132,1,0.07627612104279385,False,恒铭达,64.53,2026-09-08,2019-02-01,2026-09-08,,True,False,False,ok,8,0,1113600.9948716485,0.0,True,0.018420468730600176,963530.2662745903,1008965.6905355363
002948,1000000.0,1000000.0,0.0,1000000.0,0.0,0.0,0.0,0,0,0,0,0,0.0,False,青岛银行,6.19,2026-09-08,2019-01-16,2026-09-08,,True,False,True,ok,8,0,1000000.0,0.0,True,0.0,1000000.0,1000000.0
002949,1000000.0,918235.4430817974,0.0,918235.4430817974,-81764.55691820255,46734.30391820501,0.0,154,46,25,154,0,0.12670439958156376,False,华阳国际,13.72,2026-09-08,2019-02-26,2026-09-08,,True,False,False,ok,8,0,918235.4430817974,0.0,True,0.021706362562771593,941985.8060054003,917720.828452057
002950,1000000.0,927594.5082783913,0.0,927594.5082783913,-72405.49172160868,56397.87322161502,2321.3999999999996,143,46,23,143,0,0.13882607338800632,False,奥美医疗,9.1,2026-09-08,2019-03-11,2026-09-08,,True,False,False,ok,8,0,927594.5082783913,0.0,True,0.024670606769230132,964917.333016573,962600.5131935393
002951,1000000.0,768789.1914152636,0.0,768789.1914152636,-231210.80858473643,54496.94608473997,0.0,194,99,50,194,5,0.23469628349131072,False,金时科技,16.17,2026-09-08,2019-03-15,2026-09-08,,True,False,False,ok,6,0,768789.1914152636,0.0,True,0.03442417848795622,908819.5474656608,901808.5391959616
002952,1000000.0,1061940.7685182109,0.0,1061940.7685182109,61940.768518210854,56262.96948179511,0.0,193,71,59,193,8,0.11513347603495787,False,亚世光电,20.88,2026-09-08,2019-03-28,2026-09-08,,True,False,False,ok,8,0,1061940.7685182109,0.0,True,0.03180453208562599,933924.530440191,935815.9535378874
002953,1000000.0,1016360.1531278526,0.0,1016360.1531278526,16360.153127852594,41693.808372150015,1098.0,125,52,22,125,1,0.10168957804805528,False,日丰股份,10.81,2026-09-08,2019-05-09,2026-09-08,,True,False,False,ok,8,0,1016360.1531278526,0.0,True,0.01854936053464806,1067429.6883275397,1128179.654788687
002955,1000000.0,832983.6390845831,0.0,832983.6390845831,-167016.36091541685,40556.88591542001,0.0,132,44,26,132,0,0.20636410927557874,False,鸿合科技,38.42,2026-09-08,2019-05-23,2026-09-08,,True,False,False,ok,3,0,832983.6390845831,0.0,True,0.022505827797938825,935839.2458185108,894042.1563817817
002956,1000000.0,991477.1783195785,0.0,991477.1783195785,-8522.821680421475,45792.495680424996,4216.0,143,39,19,143,1,0.1534564065120415,False,西麦食品,16.78,2026-09-08,2019-06-19,2026-09-08,,True,False,False,ok,7,0,991477.1783195785,0.0,True,0.020847751362505773,889036.8496549309,893571.8376192674
002957,1000000.0,834905.2025744584,0.0,834905.2025744584,-165094.79742554156,31238.693425544992,0.0,106,42,14,106,0,0.16804528327921306,False,科瑞技术,41.33,2026-09-08,2019-07-26,2026-09-08,,True,False,False,ok,7,0,834905.2025744584,0.0,True,0.015277711004015862,961789.0872775114,864633.825961268
002958,1000000.0,847841.3168634406,0.0,847841.3168634406,-152158.68313655944,76311.83013656503,12480.0,111,38,13,111,0,0.20411840527456285,False,青农商行,3.03,2026-09-08,2019-03-26,2026-09-08,,True,False,False,ok,7,0,847841.3168634406,0.0,True,0.03481240459865997,1006069.093660331,888096.0025073435
002959,1000000.0,867467.7245910295,0.0,867467.7245910295,-132532.27540897054,51494.12990897503,4080.0,160,38,18,160,0,0.15174824370145862,False,小熊电器,32.96,2026-09-08,2019-08-23,2026-09-08,,True,False,False,ok,7,0,867467.7245910295,0.0,True,0.027578623307316846,938633.7575342312,919361.3614586827
002960,1000000.0,1016748.7972881594,0.0,1016748.7972881594,16748.797288159374,47657.95041184199,6060.0,138,45,28,138,0,0.09471048576715345,False,青鸟智控,8.49,2026-09-08,2019-08-09,2026-09-08,,True,False,False,ok,7,0,1016748.7972881594,0.0,True,0.021881760005919303,996761.35821832,1048943.8614202538
002961,1000000.0,834544.2377855234,0.0,834544.2377855234,-165455.7622144766,37023.33921448003,1816.9999999999998,115,28,12,115,1,0.18313860124412554,False,瑞达期货,20.15,2026-09-08,2019-09-05,2026-09-08,,True,False,False,ok,9,0,834544.2377855234,0.0,True,0.017285209467826294,962216.6720693707,910847.1385909219
002962,1000000.0,997204.5505713385,0.0,997204.5505713385,-2795.4494286614936,48264.49092866503,1880.0,138,49,28,138,6,0.08194459300788903,False,五方光电,13.28,2026-09-08,2019-09-17,2026-09-08,,True,False,False,ok,7,0,997204.5505713385,0.0,True,0.02153422808470402,1075509.3760997807,1056315.6754050222
002963,1000000.0,1013604.7226187785,0.0,1013604.7226187785,13604.722618778469,37910.84288122497,3020.0,104,35,24,104,2,0.07576859607353921,False,豪尔赛,21.62,2026-09-08,2019-10-28,2026-09-08,,True,False,False,ok,3,0,1013604.7226187785,0.0,True,0.017615833039474515,1019092.9087460412,1000918.1240140626
002965,1000000.0,830523.7050504074,0.0,830523.7050504074,-169476.29494959256,38130.63262959499,3479.4956800000004,150,52,25,150,0,0.20476865116392845,False,祥鑫科技,29.8,2026-09-08,2019-10-25,2026-09-08,,True,False,False,ok,7,0,830523.7050504074,0.0,True,0.02281062560306051,915546.0350068706,816017.9323813163
002966,1000000.0,929880.9200008232,0.0,929880.9200008232,-70119.07999917679,94724.09384918348,32733.999999999993,147,47,24,147,0,0.17649518208517814,False,苏州银行,9.1,2026-09-08,2019-08-02,2026-09-08,,True,False,False,ok,9,0,929880.9200008232,0.0,True,0.04816009695118617,894920.1460693522,911784.8782746305
002967,1000000.0,970827.5314951122,0.0,970827.5314951122,-29172.468504887773,37367.62350489,1905.0,104,42,17,104,0,0.10084815749412564,False,广电计量,17.44,2026-09-08,2019-11-08,2026-09-08,,True,False,False,ok,8,0,970827.5314951122,0.0,True,0.018921329904761242,989726.8355485405,976734.3953227608
002968,1000000.0,903236.6758083487,0.0,903236.6758083487,-96763.3241916513,47490.284691655026,0.0,118,35,12,118,0,0.15046892154350547,False,新大正,9.87,2026-09-08,2019-12-03,2026-09-08,,True,False,False,ok,8,0,903236.6758083487,0.0,True,0.02097750234902045,1048542.1413756215,939414.8961061831
002969,1000000.0,884266.1921287796,0.0,884266.1921287796,-115733.8078712204,35536.203871225014,0.0,113,38,28,113,0,0.16610078175221726,False,嘉美包装,12.82,2026-09-08,2019-12-02,2026-09-08,,True,False,False,ok,8,0,884266.1921287796,0.0,True,0.017718778320784195,888035.9779859909,850210.7608704178
002970,1000000.0,967649.0539455062,0.0,967649.0539455062,-32350.946054493776,37790.73905449502,680.0,146,34,15,146,2,0.13566820710702915,False,锐明技术,49.3,2026-09-08,2019-12-17,2026-09-08,,True,False,False,ok,9,0,967649.0539455062,0.0,True,0.018688429310236114,903701.2887083205,945438.0676197864
002971,1000000.0,976362.7101566388,0.0,976362.7101566388,-23637.289843361243,37836.11434336499,970.0,125,40,16,125,2,0.13210868896174283,False,和远气体,39.89,2026-09-08,2020-01-13,2026-09-08,,True,False,False,ok,6,0,976362.7101566388,0.0,True,0.018237792101023203,1013582.6292673908,972700.4260747175
002972,1000000.0,874716.2236053629,0.0,874716.2236053629,-125283.77639463707,38640.91439464,0.0,90,35,17,90,0,0.13438146731575615,False,科安达,13.46,2026-09-08,2019-12-27,2026-09-08,,True,False,False,ok,9,0,874716.2236053629,0.0,True,0.020841282237145622,921566.7599933308,1005654.4001580471
002973,1000000.0,801638.4787550435,0.0,801638.4787550435,-198361.52124495653,47815.71474496006,0.0,125,46,22,125,1,0.23296915450438085,False,侨银股份,12.41,2026-09-08,2020-01-06,2026-09-08,,True,False,False,ok,7,0,801638.4787550435,0.0,True,0.025883082829037313,982554.1030122808,845885.2972500483
002975,1000000.0,907729.9922844019,0.0,907729.9922844019,-92270.0077155981,27267.025875599982,2272.35766,111,22,13,111,0,0.16432488316076307,False,博杰股份,100.91,2026-09-08,2020-02-05,2026-09-08,,True,False,False,ok,6,0,907729.9922844019,0.0,True,0.013678315722122211,960603.6255831304,908941.1491491462
002976,1000000.0,907620.9537593436,0.0,907620.9537593436,-92379.0462406564,31138.941240659988,0.0,119,47,24,119,3,0.09789680025420568,False,瑞玛精密,25.14,2026-09-08,2020-03-06,2026-09-08,,True,False,False,ok,4,0,907620.9537593436,0.0,True,0.01879803279795965,941263.0124499706,991477.7808509071
002977,1000000.0,893074.3823917615,0.0,893074.3823917615,-106925.61760823848,30710.845108240006,666.0,119,27,11,119,3,0.14664136702144379,False,*ST天箭,21.01,2026-09-08,2020-03-17,2026-09-08,,True,False,False,ok,6,0,893074.3823917615,0.0,True,0.017407393191166933,926855.7825100704,883704.1567282708
002978,1000000.0,928696.2788871785,0.0,928696.2788871785,-71303.72111282148,31054.10811282502,0.0,87,13,8,87,0,0.1099611410356043,False,安宁股份,26.26,2026-09-08,2020-04-17,2026-09-08,,True,False,False,ok,11,0,928696.2788871785,0.0,True,0.013494503438149948,981537.8900549609,931625.3753658568
002979,1000000.0,883120.688758658,0.0,883120.688758658,-116879.31124134199,35580.072741345,5349.0,122,31,22,122,3,0.14907389956585,False,雷赛智能,53.38,2026-09-08,2020-04-08,2026-09-08,,True,False,False,ok,7,0,883120.688758658,0.0,True,0.018829712276268114,988444.5542979804,965604.1698712263
002980,1000000.0,986762.8223174922,0.0,986762.8223174922,-13237.177682507783,37083.06168251,0.0,122,32,25,122,3,0.13277025031574038,False,华盛昌,129.91,2026-09-08,2020-04-15,2026-09-08,,True,False,False,ok,6,0,986762.8223174922,0.0,True,0.01928524848486625,1035085.8647315202,935741.8943041312
002981,1000000.0,1007139.2985178645,0.0,1007139.2985178645,7139.298517864547,40775.217382139024,2812.0,117,38,31,117,4,0.12328135901819692,False,朝阳科技,24.35,2026-09-08,2020-04-17,2026-09-08,,True,False,False,ok,6,0,1007139.2985178645,0.0,True,0.01984245623890733,990408.2569821605,1083739.8801941015
002982,1000000.0,953073.1094832979,0.0,953073.1094832979,-46926.890516702086,42250.319016704976,4380.0,118,40,15,118,0,0.10090046163913717,False,湘佳股份,13.62,2026-09-08,2020-04-24,2026-09-08,,True,False,False,ok,7,0,953073.1094832979,0.0,True,0.020193247578431547,963245.7995007207,1024655.7606409071
002983,1000000.0,1064602.2087776226,0.0,1064602.2087776226,64602.20877762255,37539.224222379984,0.0,109,27,21,109,1,0.06674920713918911,False,芯瑞达,21.08,2026-09-08,2020-04-28,2026-09-08,,True,False,False,ok,7,0,1064602.2087776226,0.0,True,0.017010530538755432,1051645.40455709,1064823.8233826202
002984,1000000.0,933627.4073948588,0.0,933627.4073948588,-66372.59260514122,41467.244105145044,0.0,106,39,23,106,0,0.14291384261747855,False,森麒麟,14.07,2026-09-08,2020-09-11,2026-09-08,,True,False,False,ok,7,0,933627.4073948588,0.0,True,0.023719617430812998,1077958.62190079,1012179.4196228608
002985,1000000.0,984113.7910241487,0.0,984113.7910241487,-15886.208975851303,41134.284975855,0.0,112,24,11,112,0,0.11921533618609541,False,北摩高科,29.08,2026-09-08,2020-04-29,2026-09-08,,True,False,False,ok,7,0,984113.7910241487,0.0,True,0.020450702970649205,996634.6555033402,940441.9665295277
002986,1000000.0,804437.0871223101,0.0,804437.0871223101,-195562.91287768993,43551.35037769503,740.0,127,51,21,127,0,0.23669204767792804,False,宇新股份,13.68,2026-09-08,2020-06-02,2026-09-08,,True,False,False,ok,6,0,804437.0871223101,0.0,True,0.024498274699715113,1019843.8228622202,900353.5759295829
002987,1000000.0,1055247.5837408083,0.0,1055247.5837408083,55247.5837408083,35072.71725919497,1875.0,124,31,20,124,0,0.08419903393579138,False,京北方,11.81,2026-09-08,2020-05-07,2026-09-08,,True,False,False,ok,6,0,1055247.5837408083,0.0,True,0.0155032260922192,981280.66959132,938535.807836402
002988,1000000.0,917498.8906054528,0.0,917498.8906054528,-82501.10939454718,29938.375894550016,0.0,112,26,13,112,0,0.12281789142126794,False,豪美新材,30.17,2026-09-08,2020-05-18,2026-09-08,,True,False,False,ok,4,0,917498.8906054528,0.0,True,0.013884880871892212,1014236.4364896805,933901.4792840119
002989,1000000.0,1133390.342528383,0.0,1133390.342528383,133390.34252838301,34520.93797162,13380.0,124,48,23,124,3,0.07967151025935515,False,中天精装,23.96,2026-09-08,2020-06-10,2026-09-08,,True,False,False,ok,4,0,1133390.342528383,0.0,True,0.0183187340648522,988863.3867002199,1071657.352939811
002990,1000000.0,883722.6061919387,0.0,883722.6061919387,-116277.39380806126,27658.86730806502,0.0,102,18,7,102,3,0.16734951687263622,False,盛视科技,48.15,2026-09-08,2020-05-25,2026-09-08,,True,False,False,ok,6,0,883722.6061919387,0.0,True,0.012054211483488304,954014.0309228313,873470.3276461874
002991,1000000.0,910690.9699570942,0.0,910690.9699570942,-89309.03004290583,53904.38154291,3862.7999999999997,152,41,22,152,2,0.14690128995531404,False,甘源食品,40.25,2026-09-08,2020-07-31,2026-09-08,,True,False,False,ok,9,0,910690.9699570942,0.0,True,0.031026381197790016,1027084.0680385106,1044342.3438323522
002992,1000000.0,1059602.2179802791,0.0,1059602.2179802791,59602.21798027912,39734.45801972501,0.0,146,44,25,146,1,0.08212778659388802,False,宝明科技,34.06,2026-09-08,2020-08-03,2026-09-08,,True,False,False,ok,1,0,1059602.2179802791,0.0,True,0.021392238287513677,1012988.8075798405,1071146.4362765066
002993,1000000.0,929619.3699554489,0.0,929619.3699554489,-70380.6300445511,30773.336544555004,1480.0,109,35,13,109,1,0.10775734877557452,False,奥海科技,37.15,2026-09-08,2020-08-17,2026-09-08,,True,False,False,ok,9,0,929619.3699554489,0.0,True,0.015417023922597917,991982.4530831503,938926.1206156272
002995,1000000.0,970373.4033497272,0.0,970373.4033497272,-29626.59665027284,32826.67265027498,0.0,145,74,33,145,1,0.15011056662249497,False,天地在线,18.37,2026-09-08,2020-08-05,2026-09-08,,True,False,False,ok,3,0,970373.4033497272,0.0,True,0.019676053592148558,983156.5525974602,925264.6226817966
002996,1000000.0,867650.9248115624,0.0,867650.9248115624,-132349.0751884376,20842.084188440003,0.0,58,19,3,58,0,0.13650462899686236,False,顺博合金,6.29,2026-09-08,2020-08-28,2026-09-08,,True,False,False,ok,6,0,867650.9248115624,0.0,True,0.009206297811274525,971611.0698620601,934372.8770236671
002997,1000000.0,846943.4829274527,0.0,846943.4829274527,-153056.51707254734,33960.88407255,2220.0,120,46,18,120,0,0.20196271019821202,False,瑞鹄模具,28.57,2026-09-08,2020-09-03,2026-09-08,,True,False,False,ok,8,0,846943.4829274527,0.0,True,0.018419857720955782,996288.2949954001,977625.7402452009
002998,1000000.0,947150.7775195916,0.0,947150.7775195916,-52849.22248040838,23033.280480409987,3560.0,54,15,6,54,0,0.08709006310033297,False,优彩资源,8.6,2026-09-08,2020-09-25,2026-09-03,,True,True,False,ok,8,0,947150.7775195916,0.0,True,0.00967566686650428,996201.3423449498,1013881.2629436756
002999,1000000.0,970866.9536153921,0.0,970866.9536153921,-29133.046384607907,33560.70588461,3840.0,96,35,17,96,0,0.08666774634383864,False,天禾股份,7.37,2026-09-08,2020-09-03,2026-09-08,,True,False,False,ok,6,0,970866.9536153921,0.0,True,0.015105822605371334,989616.2075345602,1035174.8505520212
003000,1000000.0,863183.8572576487,0.0,863183.8572576487,-136816.14274235128,40604.14124235502,0.0,119,43,20,119,4,0.14822561885704308,False,劲仔食品,9.98,2026-09-08,2020-09-14,2026-09-08,,True,False,False,ok,9,0,863183.8572576487,0.0,True,0.02309701387202935,1001045.8701742504,952164.732009542
003001,1000000.0,937224.1424595845,0.0,937224.1424595845,-62775.85754041548,36650.274640419986,812.3226,128,53,28,128,1,0.15216680273189148,False,中岩大地,16.17,2026-09-08,2020-10-13,2026-09-08,,True,False,False,ok,6,0,937224.1424595845,0.0,True,0.021133381867941326,1026272.47095462,971107.7928280015
003002,1000000.0,988121.2073983732,0.0,988121.2073983732,-11878.792601626832,35695.903601629994,0.0,107,36,26,107,1,0.090000953565263,False,壶化股份,19.19,2026-09-08,2020-09-22,2026-09-08,,True,False,False,ok,6,0,988121.2073983732,0.0,True,0.017594937116483078,975717.8118793403,1058937.518473097
003003,1000000.0,1053421.708030912,0.0,1053421.708030912,53421.708030912094,27893.54096908999,0.0,81,30,33,81,1,0.06288595037704935,False,天元股份,11.36,2026-09-08,2020-09-21,2026-09-08,,True,False,False,ok,5,0,1053421.708030912,0.0,True,0.015977992473534812,999852.8358465002,1004164.6404280814
003004,1000000.0,957027.485637408,0.0,957027.485637408,-42972.51436259202,33628.69886259501,1340.0,117,44,21,117,1,0.065940230622403,False,声迅股份,76.45,2026-09-08,2020-11-26,2026-09-08,,True,False,False,ok,4,0,957027.485637408,0.0,True,0.019557834885065656,997741.5978221601,955704.2020973922
003005,1000000.0,961152.2239904496,0.0,961152.2239904496,-38847.776009550435,29851.26490955399,2272.0,105,57,26,105,5,0.10020720352953026,False,竞业达,18.72,2026-09-08,2020-09-22,2026-09-08,,True,False,False,ok,4,0,961152.2239904496,0.0,True,0.019023287900543424,963130.5978986404,1015199.0250665772
003006,1000000.0,1050555.29531966,0.0,1050555.29531966,50555.2953196601,49117.42968034495,4320.0,138,60,28,138,1,0.12856291672113326,False,百亚股份,15.8,2026-09-08,2020-09-21,2026-09-08,,True,False,False,ok,6,0,1050555.29531966,0.0,True,0.027174035175137588,1015098.2954090002,1044957.5195114312
003007,1000000.0,970336.3891653564,0.0,970336.3891653564,-29663.610834643594,29632.500334644996,0.0,123,55,35,123,6,0.08911901685460595,False,直真科技,39.19,2026-09-08,2020-09-23,2026-09-08,,True,False,False,ok,5,0,970336.3891653564,0.0,True,0.016502602733750957,1016126.4610252602,1011054.1353554906
003008,1000000.0,1000814.812926313,0.0,1000814.812926313,814.812926313025,25039.921073689988,0.0,61,8,5,61,1,0.07710568701790085,False,开普检测,19.97,2026-09-08,2020-09-23,2026-09-08,,True,False,False,ok,11,0,1000814.812926313,0.0,True,0.009720503846777544,1035459.39373655,1074386.466535611
003009,1000000.0,992354.7563920696,0.0,992354.7563920696,-7645.243607930373,38200.782107934996,0.0,127,37,21,127,0,0.08040455800711536,False,中天火箭,48.02,2026-09-08,2020-09-25,2026-09-08,,True,False,False,ok,7,0,992354.7563920696,0.0,True,0.020027416202188154,1013597.1798725502,976213.9653904077
003010,1000000.0,1036902.1706039283,0.0,1036902.1706039283,36902.17060392827,31532.56439607499,1520.0,120,48,27,120,3,0.09730534596141656,False,若羽臣,30.92,2026-09-08,2020-09-25,2026-09-08,,True,False,False,ok,7,0,1036902.1706039283,0.0,True,0.017491315990831258,966822.24944148,1063487.9856981514
003011,1000000.0,978934.0275339069,0.0,978934.0275339069,-21065.97246609314,24204.742466095002,0.0,79,28,24,79,0,0.07874131854585076,False,海象新材,20.64,2026-09-08,2020-09-30,2026-09-08,,True,False,False,ok,8,0,978934.0275339069,0.0,True,0.01292855575511875,1040170.0708862303,993957.2183155558
003012,1000000.0,791831.0983282315,0.0,791831.0983282315,-208168.90167176852,32037.77567177,3860.0,88,43,15,88,1,0.21381130555496233,False,东鹏控股,4.81,2026-09-08,2020-10-19,2026-09-08,,True,False,False,ok,6,0,791831.0983282315,0.0,True,0.01882839094510925,1004654.7163090201,912920.8473100457
003013,1000000.0,965954.637634273,0.0,965954.637634273,-34045.36236572696,37889.00636573003,0.0,91,37,31,91,0,0.10474632327491123,False,地铁设计,16.64,2026-09-08,2020-10-22,2026-09-08,,True,False,False,ok,6,0,965954.637634273,0.0,True,0.02407381573756003,1005773.7772295703,1007003.7410198064
003015,1000000.0,1075999.9166004597,0.0,1075999.9166004597,75999.91660045972,33955.296899545014,3960.0,110,36,31,110,2,0.10727302664017972,False,日久光电,12.21,2026-09-08,2020-10-21,2026-09-08,,True,False,False,ok,6,0,1075999.9166004597,0.0,True,0.01740676863483597,998101.0753333699,1075206.5053344765
003016,1000000.0,948388.3211607132,0.0,948388.3211607132,-51611.67883928679,29276.887339290006,0.0,87,48,23,87,0,0.11322745706242889,False,欣贺股份,7.51,2026-09-08,2020-10-26,2026-09-08,,True,False,False,ok,4,0,948388.3211607132,0.0,True,0.01662051069276412,996076.6043561602,898940.1063927568
003017,1000000.0,980030.2150062467,0.0,980030.2150062467,-19969.784993753303,29819.92349375498,0.0,76,13,8,76,0,0.08011057294407899,False,大洋生物,23.09,2026-09-08,2020-10-26,2026-09-08,,True,False,False,ok,8,0,980030.2150062467,0.0,True,0.01171994939187293,998404.7048026002,1007959.574650171
003018,1000000.0,923665.1672621812,0.0,923665.1672621812,-76334.83273781883,30699.533737819995,0.0,85,15,21,85,1,0.14376809863930645,False,金富科技,52.37,2026-09-08,2020-11-06,2026-09-08,,True,False,False,ok,6,0,923665.1672621812,0.0,True,0.013392123074722382,1008070.41949974,924091.8135078761
003019,1000000.0,1022773.089821269,0.0,1022773.089821269,22773.089821269037,36216.10447873298,3240.0,112,23,21,112,0,0.04504420757086244,False,宸展光电,26.81,2026-09-08,2020-11-17,2026-09-08,,True,False,False,ok,6,0,1022773.089821269,0.0,True,0.01811739629786656,997574.07851837,966262.0065685362
003020,1000000.0,806161.032096267,0.0,806161.032096267,-193838.96790373302,33672.82790373501,1590.0,120,37,30,120,4,0.21386840223264514,False,立方制药,17.89,2026-09-08,2020-12-15,2026-09-08,,True,False,False,ok,8,0,806161.032096267,0.0,True,0.020383694004121787,996994.14889324,883594.0112871361
003021,1000000.0,851013.9991389022,0.0,851013.9991389022,-148986.00086109783,23485.171361100005,0.0,113,25,12,113,2,0.1635054126438235,False,兆威机电,71.43,2026-09-08,2020-12-04,2026-09-08,,True,False,False,ok,6,0,851013.9991389022,0.0,True,0.013771934815577744,1000000.0,939698.4944778765
003022,1000000.0,875245.0453277177,0.0,875245.0453277177,-124754.95467228233,28753.288672284983,0.0,102,35,5,102,0,0.14061137517506303,False,联泓新科,19.55,2026-09-08,2020-12-08,2026-09-08,,True,False,False,ok,6,0,875245.0453277177,0.0,True,0.013957013752538373,994515.96598598,889900.0887558919
003023,1000000.0,812762.5597787182,0.0,812762.5597787182,-187237.44022128184,31274.772721285,4840.0,89,39,21,89,1,0.19517086553914723,False,彩虹集团,27.48,2026-09-08,2020-12-11,2026-09-08,,True,False,False,ok,6,0,812762.5597787182,0.0,True,0.01904748249997447,1000000.0,925977.3393133918
003025,1000000.0,1007902.508092928,0.0,1007902.508092928,7902.508092927979,31782.653407075002,5760.0,93,27,8,93,0,0.09103332166905281,False,思进智能,12.1,2026-09-08,2020-12-11,2026-09-08,,True,False,False,ok,6,0,1007902.508092928,0.0,True,0.014286589095874968,1003071.81463344,940255.7484536412
003026,1000000.0,944848.1706156126,0.0,944848.1706156126,-55151.829384387354,27754.88888438998,0.0,108,27,20,108,4,0.1444030418225339,False,中晶科技,27.49,2026-09-08,2020-12-18,2026-09-08,,True,False,False,ok,6,0,944848.1706156126,0.0,True,0.015066602893701713,1000000.0,898825.4239314114
003027,1000000.0,846772.468855221,0.0,846772.468855221,-153227.53114477894,29476.498644780022,4870.0,103,36,25,103,2,0.23602533259333588,False,同兴科技,17.3,2026-09-08,2020-12-18,2026-09-08,,True,False,False,ok,6,0,846772.468855221,0.0,True,0.018646022577711262,1000000.0,810814.5088684259
003028,1000000.0,930279.6535112024,0.0,930279.6535112024,-69720.34648879757,30330.44998880001,2310.0,93,36,14,93,0,0.10241615324667698,False,振邦智能,23.45,2026-09-08,2020-12-28,2026-09-08,,True,False,False,ok,7,0,930279.6535112024,0.0,True,0.017503115090821315,1000000.0,967177.6992937712
003029,1000000.0,988113.894685687,0.0,988113.894685687,-11886.105314312968,26848.544314314982,0.0,112,47,26,112,1,0.12665273256266246,False,吉大正元,17.59,2026-09-08,2020-12-24,2026-09-08,,True,False,False,ok,2,0,988113.894685687,0.0,True,0.01497998400764599,1000000.0,917676.3022164206
003030,1000000.0,974592.0630733778,0.0,974592.0630733778,-25407.936926622177,27966.343926624988,0.0,81,29,15,81,0,0.06760582630781439,False,祖名股份,26.51,2026-09-08,2021-01-06,2026-09-08,,True,False,False,ok,6,0,974592.0630733778,0.0,True,0.013486493384004901,1000000.0,984127.9176618662
003031,1000000.0,914487.4859612678,0.0,914487.4859612678,-85512.51403873216,25642.49753873502,0.0,95,16,8,95,3,0.1452474631455964,False,中瓷电子,118.75,2026-09-08,2021-01-04,2026-09-08,,True,False,False,ok,5,0,914487.4859612678,0.0,True,0.012499456363729254,1000000.0,975246.1297199171
003032,1000000.0,944203.0025389139,0.0,944203.0025389139,-55796.99746108614,29280.75437108999,175.26691,106,51,28,106,5,0.07663517895381189,False,传智教育,9.98,2026-09-08,2021-01-12,2026-09-08,,True,False,False,ok,3,0,944203.0025389139,0.0,True,0.017632329293988204,1000000.0,937313.6925229518
003033,1000000.0,1030469.2844791214,0.0,1030469.2844791214,30469.284479121445,33468.81452087996,6100.0,118,26,21,118,2,0.11748635070504998,False,征和工业,71.33,2026-09-08,2021-01-11,2026-09-08,,True,False,False,ok,6,0,1030469.2844791214,0.0,True,0.01783747998153109,1000000.0,959057.4171677955
003035,1000000.0,972939.7206096026,0.0,972939.7206096026,-27060.279390397365,36172.97689039999,533.61,92,37,18,92,0,0.0699557429126002,False,南网能源,5.69,2026-09-08,2021-01-19,2026-09-08,,True,False,False,ok,7,0,972939.7206096026,0.0,True,0.019572246034915187,1000000.0,948347.9289377365
003036,1000000.0,913447.9434040823,0.0,913447.9434040823,-86552.05659591767,24371.063455919993,6275.59886,79,30,8,79,1,0.11204173646919112,False,泰坦股份,50.57,2026-09-08,2021-01-28,2026-09-08,,True,False,False,ok,6,0,913447.9434040823,0.0,True,0.01171149090824523,1000000.0,970588.7192716665
003037,1000000.0,886115.3657888034,0.0,886115.3657888034,-113884.63421119656,29369.803211200007,2370.0,97,34,19,97,2,0.1637804044304011,False,三和管桩,5.91,2026-09-08,2021-02-04,2026-09-08,,True,False,False,ok,6,0,886115.3657888034,0.0,True,0.01433160195368669,1000000.0,989463.8148677121
003038,1000000.0,884457.3423274232,0.0,884457.3423274232,-115542.65767257684,32358.099672580032,1820.0,117,43,7,117,0,0.1413082985346696,False,鑫铂股份,11.22,2026-09-08,2021-02-10,2026-09-08,,True,False,False,ok,4,0,884457.3423274232,0.0,True,0.016736883129582134,1000000.0,971952.6360086813
003039,1000000.0,1037500.2915335412,0.0,1037500.2915335412,37500.29153354117,24320.364466460003,838.2,72,15,10,72,0,0.04873607111267192,False,顺控发展,13.3,2026-09-08,2021-03-08,2026-09-08,,True,False,False,ok,6,0,1037500.2915335412,0.0,True,0.011864592717580065,1000000.0,978855.5467396957
003040,1000000.0,954284.8988264126,0.0,954284.8988264126,-45715.101173587376,29803.15517359001,0.0,103,26,9,103,4,0.07758143839577965,False,楚天龙,22.25,2026-09-08,2021-03-22,2026-09-08,,True,False,False,ok,6,0,954284.8988264126,0.0,True,0.013865256294775976,1000000.0,1012969.7987228616
003041,1000000.0,998132.2350317417,0.0,998132.2350317417,-1867.7649682583287,31798.528968259987,0.0,93,42,22,93,1,0.10416367121057529,False,真爱美家,39.27,2026-09-08,2021-04-06,2026-09-08,,True,False,False,ok,5,0,998132.2350317417,0.0,True,0.019260799132512,1000000.0,943799.9775299059
003042,1000000.0,889757.4136977084,0.0,889757.4136977084,-110242.5863022916,28221.395802295014,1110.0,106,36,15,106,4,0.11109774540236662,False,中农联合,15.51,2026-09-08,2021-04-06,2026-09-08,,True,False,False,ok,2,0,889757.4136977084,0.0,True,0.015214316420680229,1000000.0,929854.9217293971
003043,1000000.0,1008841.7366487029,0.0,1008841.7366487029,8841.736648702878,26029.391551300007,699.9972,99,19,7,99,0,0.10713425148677802,False,华亚智能,64.38,2026-09-08,2021-04-06,2026-09-08,,True,False,False,ok,5,0,1008841.7366487029,0.0,True,0.013373423653219441,1000000.0,957569.456683687
003816,1000000.0,944131.5524396823,0.0,944131.5524396823,-55868.4475603177,87219.44306032498,10108.0,144,71,25,144,0,0.15261491715736047,False,中国广核,4.31,2026-09-08,2019-08-26,2026-09-08,,True,False,False,ok,7,0,944131.5524396823,0.0,True,0.04862693373054393,941592.2085429514,913847.6263243086
600000,1000000.0,668914.9096074858,0.0,668914.9096074858,-331085.09039251425,150379.34339252493,9840.0,233,77,40,233,1,0.36458910136697714,False,浦发银行,9.28,2026-09-08,2016-05-26,2026-09-08,,False,False,False,ok,12,0,668914.9096074858,0.0,True,0.08789269699408482,751339.195778377,698338.4597730336
600004,1000000.0,938834.9435471366,0.0,938834.9435471366,-61165.056452863384,100059.67495287007,10227.0,212,70,37,212,1,0.1262709027404611,False,白云机场,7.81,2026-09-08,2016-05-26,2026-09-08,,False,False,False,ok,10,0,938834.9435471366,0.0,True,0.046447458595251255,953229.3402992339,969959.7894077342
600006,1000000.0,1032483.7168183157,0.0,1032483.7168183157,32483.716818315675,69873.31018169,0.0,187,85,47,187,4,0.09867716906334972,False,东风股份,5.38,2026-09-08,2016-05-19,2026-09-08,,False,False,False,ok,11,0,1032483.7168183157,0.0,True,0.03295628705611001,957224.624586452,981111.8205347436
600007,1000000.0,809707.8392800305,0.0,809707.8392800305,-190292.16071996954,119752.10771998011,5850.0,267,87,60,267,1,0.2464506062878207,False,中国国贸,19.23,2026-09-08,2016-05-26,2026-09-08,,False,False,False,ok,12,0,809707.8392800305,0.0,True,0.0683254341889079,808890.5185403643,843165.1345402217
600008,1000000.0,1000000.0,0.0,1000000.0,0.0,0.0,0.0,0,0,0,0,0,0.0,False,首创环保,2.83,2026-09-08,2016-05-04,2026-09-08,,False,False,True,ok,13,0,1000000.0,0.0,True,0.0,1000000.0,1000000.0
600009,1000000.0,805784.5490583048,0.0,805784.5490583048,-194215.45094169525,128107.88444170493,4356.000000000001,259,68,30,259,2,0.2663120037750031,False,上海机场,23.85,2026-09-08,2016-05-11,2026-09-08,,False,False,False,ok,11,0,805784.5490583048,0.0,True,0.06754480901131721,873704.6063766954,924645.154215213
600010,1000000.0,780112.7151495854,0.0,780112.7151495854,-219887.2848504146,78136.68235042001,974.4000000000001,199,76,32,199,2,0.23209695060779625,False,包钢股份,2.21,2026-09-08,2016-05-13,2026-09-08,,False,False,False,ok,5,0,780112.7151495854,0.0,True,0.03815110355909848,845525.1938305735,788060.6173589549
600011,1000000.0,696390.688621843,0.0,696390.688621843,-303609.311378157,106864.67937816496,14700.0,253,154,78,253,0,0.32097146683293,False,华能国际,6.9,2026-09-08,2016-05-26,2026-09-08,,False,False,False,ok,10,0,696390.688621843,0.0,True,0.07166396014319282,856117.4148796041,809897.3124502458
600012,1000000.0,957143.3379559789,0.0,957143.3379559789,-42856.66204402107,104939.94354403,16549.6,227,75,48,227,1,0.170306904922018,False,皖通高速,16.04,2026-09-08,2016-05-12,2026-09-08,,False,False,False,ok,12,0,957143.3379559789,0.0,True,0.05776341218603094,833954.5084226741,869232.8031186707
600015,1000000.0,773555.8423103909,0.0,773555.8423103909,-226444.1576896091,177798.44368962522,47954.0,239,92,41,239,2,0.2568087616695856,False,华夏银行,6.31,2026-09-08,2016-05-26,2026-09-08,,False,False,False,ok,14,0,773555.8423103909,0.0,True,0.09857942430688114,833142.0474552284,849405.8355289553
600016,1000000.0,707912.7869063513,0.0,707912.7869063513,-292087.21309364866,161740.21819366203,30910.2,203,60,29,203,0,0.29726971759488086,False,民生银行,3.63,2026-09-08,2016-05-26,2026-09-08,,False,False,False,ok,18,0,707912.7869063513,0.0,True,0.08048927980812988,784578.956651645,743704.6335197522
600017,1000000.0,948568.6624019658,0.0,948568.6624019658,-51431.33759803418,76016.52609804002,0.0,119,23,12,119,0,0.13674736847060925,False,日照港,2.88,2026-09-08,2016-05-26,2026-09-08,,False,False,False,ok,12,0,948568.6624019658,0.0,True,0.028753894803730532,973239.2898706533,957619.4661325942
600018,1000000.0,851294.7579386788,0.0,851294.7579386788,-148705.24206132116,127774.36706133003,0.0,228,94,39,228,0,0.2967594810223016,False,上港集团,5.44,2026-09-08,2016-05-23,2026-09-08,,False,False,False,ok,14,0,851294.7579386788,0.0,True,0.06894271416962898,842824.0797419335,750991.9742186405
600019,1000000.0,795660.3066437474,0.0,795660.3066437474,-204339.69335625262,108143.60185625986,78666.0,223,98,55,223,1,0.24832831762240515,False,宝钢股份,5.83,2026-09-08,2016-01-08,2026-09-08,,False,False,False,ok,17,0,795660.3066437474,0.0,True,0.05535650463156909,930731.3879272749,837780.7540841606
600020,1000000.0,841577.7365458764,0.0,841577.7365458764,-158422.26345412363,90815.28745413006,24207.9,181,65,21,181,2,0.29257883472082946,False,中原高速,3.93,2026-09-08,2016-05-26,2026-09-08,,False,False,False,ok,12,0,841577.7365458764,0.0,True,0.04588050674675075,742616.0097067631,725585.1500633692
600021,1000000.0,1084968.2602803684,0.0,1084968.2602803684,84968.26028036838,102733.06321964001,14354.0,214,82,59,214,0,0.10800057448335255,False,上海电力,13.5,2026-09-08,2016-01-29,2026-09-08,,False,False,False,ok,11,0,1084968.2602803684,0.0,True,0.05532921049238328,1004173.2799900147,971254.6698279313
600022,1000000.0,904361.530145426,0.0,904361.530145426,-95638.46985457395,90361.94735458004,11502.0,159,47,34,159,0,0.16008722710465972,False,山东钢铁,1.35,2026-09-08,2015-12-31,2026-09-08,,False,False,False,ok,4,0,904361.530145426,0.0,True,0.04153501882847094,977310.6581677536,924312.6914082547
600023,1000000.0,801218.5390690416,0.0,801218.5390690416,-198781.4609309584,158998.10443097,58968.0,253,106,60,253,0,0.22028932551973093,False,浙能电力,4.93,2026-09-08,2016-05-26,2026-09-08,,False,False,False,ok,11,0,801218.5390690416,0.0,True,0.09285389246171454,878416.0519046369,859598.428840243
600025,1000000.0,1000000.0,0.0,1000000.0,0.0,0.0,0.0,0,0,0,0,0,0.0,False,华能水电,9.61,2026-09-08,2017-12-15,2026-09-08,,True,False,False,error,0,0,1000000.0,0.0,True,0.0,1000000.0,1000000.0
600026,1000000.0,1145181.5079091578,0.0,1145181.5079091578,145181.50790915778,91870.17409084985,16849.0,258,101,84,258,3,0.11521705172636748,False,XD中远海,20.23,2026-09-08,2016-05-19,2026-09-08,,False,False,False,ok,12,0,1145181.5079091578,0.0,True,0.04623583678357387,940120.256361552,966930.2342676892
600027,1000000.0,854260.4382406478,0.0,854260.4382406478,-145739.56175935222,133405.96875936,5955.0,285,122,60,285,0,0.167838314241876,False,华电国际,4.84,2026-09-08,2016-05-11,2026-09-08,,False,False,False,ok,14,0,854260.4382406478,0.0,True,0.07038708097501986,971660.9287702036,874376.1013966557
600028,1000000.0,769513.3103781479,0.0,769513.3103781479,-230486.68962185213,154489.72262186478,42381.8,242,111,61,242,1,0.2701470144228003,False,中国石化,5.59,2026-09-08,2016-05-26,2026-09-08,,False,False,False,ok,23,0,769513.3103781479,0.0,True,0.08798147592406627,922983.1121014077,855438.9558940448
600029,1000000.0,1032934.7659422653,0.0,1032934.7659422653,32934.76594226528,103178.53655773982,5640.0,211,85,39,211,2,0.08301437316472933,False,南方航空,5.02,2026-09-08,2016-05-23,2026-09-08,,False,False,False,ok,5,0,1032934.7659422653,0.0,True,0.04895051605804008,981012.5294273425,1022438.8908907883
600030,1000000.0,1000000.0,0.0,1000000.0,0.0,0.0,0.0,0,0,0,0,0,0.0,False,中信证券,27.34,2026-09-08,2016-05-03,2026-09-08,,False,False,True,ok,14,0,1000000.0,0.0,True,0.0,1000000.0,1000000.0
600031,1000000.0,1025012.4143988515,0.0,1025012.4143988515,25012.414398851455,86925.39210115497,8162.0,200,78,48,200,1,0.10537962194897821,False,XD三一重,19.97,2026-09-08,2016-05-26,2026-09-08,,False,False,False,ok,14,0,1025012.4143988515,0.0,True,0.04366657667783893,961488.4066931539,1005526.8441835097
600032,1000000.0,980285.510215723,0.0,980285.510215723,-19714.489784277044,29109.681784280016,324.00000000000006,69,28,25,69,0,0.10427802649596543,False,浙江新能,6.88,2026-09-08,2021-05-25,2026-09-08,,True,False,False,ok,7,0,980285.510215723,0.0,True,0.017853892562314934,1000000.0,938942.9156414716
600033,1000000.0,1000459.4204505903,0.0,1000459.4204505903,459.42045059031807,133109.54404942,0.0,175,61,24,175,0,0.11437286496558115,False,福建高速,3.64,2026-09-08,2016-05-26,2026-09-08,,False,False,False,ok,14,0,1000459.4204505903,0.0,True,0.05758619210959401,938525.0383988961,930145.7757059525
600035,1000000.0,869856.1539498998,0.0,869856.1539498998,-130143.84605010017,94451.87555010992,5654.000000000001,157,34,17,157,1,0.1476457175028377,False,楚天高速,3.74,2026-09-08,2016-01-20,2026-09-08,,False,False,False,ok,12,0,869856.1539498998,0.0,True,0.03967031813151244,904775.2530944641,933156.0745124458
600036,1000000.0,894840.7787991012,0.0,894840.7787991012,-105159.22120089876,130936.01770090997,0.0,231,52,42,231,2,0.18185662588098153,False,招商银行,40.9,2026-09-08,2016-05-26,2026-09-08,,False,False,False,ok,13,0,894840.7787991012,0.0,True,0.0631702002560858,1058711.4223710261,995957.1306628829
600037,1000000.0,793596.8285416695,0.0,793596.8285416695,-206403.17145833047,71075.63495833498,0.0,165,58,22,165,0,0.23196061461982495,False,歌华有线,7.21,2026-09-08,2016-05-18,2026-09-08,,False,False,False,ok,12,0,793596.8285416695,0.0,True,0.03585745122831712,834484.2043997332,822508.270780349
600038,1000000.0,844548.0754337676,0.0,844548.0754337676,-155451.92456623237,88294.81656624001,0.0,215,43,25,215,1,0.21203908734469396,False,中直股份,27.91,2026-09-08,2016-05-12,2026-09-08,,False,False,False,ok,12,0,844548.0754337676,0.0,True,0.04572079852949793,847459.0889510446,808243.3587890003
600039,1000000.0,884394.7632009574,0.0,884394.7632009574,-115605.23679904256,110544.47379904999,32280.100000000002,229,96,63,229,3,0.17416744447770505,False,四川路桥,9.21,2026-09-08,2016-05-10,2026-09-08,,False,False,False,ok,14,0,884394.7632009574,0.0,True,0.06027136849018432,896952.3170181732,962868.4359211554
600048,1000000.0,851624.4054151593,0.0,851624.4054151593,-148375.5945848407,123713.82858484989,11151.999999999998,284,99,46,284,0,0.23406009407080627,False,保利发展,5.28,2026-09-08,2016-05-17,2026-09-08,,False,False,False,ok,12,0,851624.4054151593,0.0,True,0.059136772923808346,994123.0425546754,942726.4038543366
600050,1000000.0,832335.9834411081,0.0,832335.9834411081,-167664.01655889186,105962.2535589,3927.73,221,104,44,221,0,0.19457438015329032,False,中国联通,4.24,2026-09-08,2016-01-05,2026-09-08,,False,False,False,ok,16,0,832335.9834411081,0.0,True,0.05613250971321136,870485.2438306345,912008.897546441
600051,1000000.0,882475.3028197936,0.0,882475.3028197936,-117524.69718020642,67045.60218020996,10132.0,149,61,33,149,1,0.1412257165343198,False,宁波联合,6.47,2026-09-08,2016-02-15,2026-09-08,,False,False,False,ok,11,0,882475.3028197936,0.0,True,0.03305243949574527,912626.796938872,897140.8170146634
600052,1000000.0,834029.177370597,0.0,834029.177370597,-165970.82262940297,75916.1251294099,1715.0,193,71,39,193,2,0.22080739715375364,False,东望时代,3.98,2026-09-08,2015-12-02,2026-09-08,,False,False,False,ok,5,0,834029.177370597,0.0,True,0.03426686840719274,884389.1882171143,819603.291413361
600053,1000000.0,1014618.0458100871,0.0,1014618.0458100871,14618.045810087118,77564.08618992,0.0,232,80,50,232,3,0.16613520615708222,False,*ST九鼎,8.17,2026-09-08,2016-05-16,2026-09-08,,False,False,False,ok,5,0,1014618.0458100871,0.0,True,0.03384551172903451,1087441.1415453735,1000950.772135135
600054,1000000.0,1018215.0851057223,0.0,1018215.0851057223,18215.085105722304,93997.93939428507,0.0,169,48,19,169,0,0.08786226008564318,False,黄山旅游,11.76,2026-09-08,2016-05-26,2026-09-08,,False,False,False,ok,11,0,1018215.0851057223,0.0,True,0.040523014223756634,968065.4577298841,1023811.5428883252
600055,1000000.0,804061.6695944049,0.0,804061.6695944049,-195938.33040559513,84126.57390560007,5953.0,217,70,46,217,3,0.2491791341438228,False,万东医疗,10.76,2026-09-08,2016-05-13,2026-09-08,,False,False,False,ok,11,0,804061.6695944049,0.0,True,0.0383389300992788,977316.001149902,865536.3758148134
600056,1000000.0,878782.1806721102,0.0,878782.1806721102,-121217.81932788983,112410.602627898,4773.107,206,73,49,206,1,0.24558993564326212,True,中国医药,9.17,2026-09-08,2016-05-26,2026-09-08,,False,False,False,ok,14,0,878782.1806721102,0.0,True,0.050630992468049356,1033847.4077434349,940159.1361302335
600057,1000000.0,1000000.0,0.0,1000000.0,0.0,0.0,0.0,0,0,0,0,0,0.0,False,厦门象屿,6.56,2026-09-08,2016-05-11,2026-09-08,,False,False,True,ok,12,0,1000000.0,0.0,True,0.0,1000000.0,1000000.0
600058,1000000.0,940743.5923407229,0.0,940743.5923407229,-59256.40765927709,48013.96315928,0.0,131,42,24,131,0,0.1156110953164834,False,五矿发展,9.75,2026-09-08,2016-05-12,2026-09-08,,False,False,False,ok,2,0,940743.5923407229,0.0,True,0.020226090820997373,904503.2076746621,923940.9996109128
600059,1000000.0,951487.2774271964,0.0,951487.2774271964,-48512.722572803614,90535.95857280999,3850.0,166,67,38,166,0,0.14168187878018595,False,古越龙山,8.8,2026-09-08,2016-05-26,2026-09-08,,False,False,False,ok,11,0,951487.2774271964,0.0,True,0.04016530888654391,1046176.8619278932,1033528.0649597504
600060,1000000.0,824882.0844899522,0.0,824882.0844899522,-175117.9155100478,84963.78251005498,9009.2,224,66,38,224,1,0.2055789893110255,False,海信视像,27.59,2026-09-08,2016-05-25,2026-09-08,,False,False,False,ok,12,0,824882.0844899522,0.0,True,0.04343752698751535,883605.6318694542,875220.0478628601
600061,1000000.0,957749.3864422035,0.0,957749.3864422035,-42250.61355779646,100590.65755780505,0.0,169,44,29,169,0,0.12049731977400724,False,国投资本,6.47,2026-09-08,2016-05-11,2026-09-08,,False,False,False,ok,11,0,957749.3864422035,0.0,True,0.04273422987817317,1023823.2208654645,994646.5357791613
600062,1000000.0,776346.9715319211,0.0,776346.9715319211,-223653.02846807893,100700.24896808503,3675.1,232,85,42,232,1,0.2558968486273544,False,华润双鹤,16.2,2026-09-08,2016-05-26,2026-09-08,,False,False,False,ok,14,0,776346.9715319211,0.0,True,0.05239718130214026,800088.9032198249,787855.6293034249
600063,1000000.0,882428.054180719,0.0,882428.054180719,-117571.94581928104,58085.93781928492,0.0,151,34,23,151,4,0.15833361834556944,False,皖维高新,5.61,2026-09-08,2016-05-25,2026-09-08,,False,False,False,ok,11,0,882428.054180719,0.0,True,0.02273136156282487,914447.6157692622,901517.3633047186
600064,1000000.0,674482.2215264416,0.0,674482.2215264416,-325517.77847355837,95925.61697356502,0.0,176,40,28,176,1,0.3344006380534142,False,XD南京高,7.76,2026-09-08,2016-05-25,2026-09-08,,False,False,False,ok,12,0,674482.2215264416,0.0,True,0.04540040975995216,845601.1889895336,744748.3156884203
600066,1000000.0,1033552.3826881284,0.0,1033552.3826881284,33552.38268812839,95004.8728118801,35350.0,234,67,38,234,1,0.17796005458973468,False,宇通客车,27.91,2026-09-08,2016-05-25,2026-09-08,,False,False,False,ok,14,0,1033552.3826881284,0.0,True,0.04751919236616692,909175.6814037152,912479.4365482999
600067,1000000.0,819074.1289387002,0.0,819074.1289387002,-180925.8710612998,62697.270561305035,0.0,149,50,28,149,2,0.19471051771051984,False,冠城新材,2.92,2026-09-08,2016-05-26,2026-09-08,,False,False,False,ok,8,0,819074.1289387002,0.0,True,0.029381588883534343,919220.8978040529,832438.4852124939
600071,1000000.0,750180.8797990873,0.0,750180.8797990873,-249819.1202009127,60598.793200915024,0.0,201,73,34,201,3,0.2687379214257477,False,凤凰光学,16.84,2026-09-08,2015-11-25,2026-09-08,,False,False,False,ok,0,0,750180.8797990873,0.0,True,0.030803996826201413,896482.0585058013,826810.691795222
600072,1000000.0,721701.7877057984,0.0,721701.7877057984,-278298.2122942016,57357.243294204985,202.5,203,74,40,203,2,0.3072132413194375,False,中船科技,9.03,2026-09-08,2016-04-19,2026-09-08,,False,False,False,ok,9,0,721701.7877057984,0.0,True,0.03544401659271459,814119.3963629011,754905.934996512
600073,1000000.0,833554.7890556206,0.0,833554.7890556206,-166445.21094437945,72326.95494438504,6183.299999999999,158,45,16,158,0,0.17827233190779243,False,光明肉业,5.92,2026-09-08,2016-05-26,2026-09-08,,False,False,False,ok,10,0,833554.7890556206,0.0,True,0.03154793311774477,912619.941229632,925752.8194138631
600075,1000000.0,733713.2882312138,0.0,733713.2882312138,-266286.7117687862,55940.339768790014,5160.0,152,66,25,152,4,0.28077846055623623,False,新疆天业,5.01,2026-09-08,2016-05-11,2026-09-08,,False,False,False,ok,7,0,733713.2882312138,0.0,True,0.029458864058711554,874552.2106241016,782854.4855307477
600076,1000000.0,780009.6869872783,0.0,780009.6869872783,-219990.31301272172,62616.44401272501,0.0,155,59,24,155,3,0.277153667112518,False,康欣新材,2.71,2026-09-08,2016-01-26,2026-09-08,,False,False,False,ok,2,0,780009.6869872783,0.0,True,0.030483380806566582,822143.6735982219,746842.4999020179
600078,1000000.0,1057779.9917877608,0.0,1057779.9917877608,57779.99178776075,63903.040212244996,379.0,212,93,46,212,13,0.11238053544621183,False,澄星股份,11.1,2026-09-08,2016-04-29,2026-09-08,,False,False,False,ok,8,0,1057779.9917877608,0.0,True,0.031025021162476456,1011463.1338665225,1013955.4568681188
600079,1000000.0,805806.3121878111,0.0,805806.3121878111,-194193.68781218887,87941.583812195,11214.0,223,59,30,223,2,0.20906228036071237,False,ST人福,18.8,2026-09-08,2016-04-26,2026-09-08,,False,False,False,ok,12,0,805806.3121878111,0.0,True,0.044052851880741296,873531.6373194236,857693.194745379
600080,1000000.0,1068217.7052409584,0.0,1068217.7052409584,68217.70524095837,91998.19225905009,0.0,191,92,49,191,5,0.10069597556079886,False,ST金花,5.0,2026-09-08,2016-05-17,2026-09-08,,False,False,False,ok,6,0,1068217.7052409584,0.0,True,0.04401020170427683,1099799.9256816856,1075825.6200559125
600081,1000000.0,1000000.0,0.0,1000000.0,0.0,0.0,0.0,0,0,0,0,0,0.0,False,东风科技,10.43,2026-09-08,2016-04-26,2026-09-08,,False,False,True,ok,12,0,1000000.0,0.0,True,0.0,1000000.0,1000000.0
600082,1000000.0,795811.6218459187,0.0,795811.6218459187,-204188.3781540813,53422.693654084986,1675.0,148,66,42,148,2,0.2290832323056659,False,ST海泰,3.08,2026-09-08,2016-05-12,2026-09-08,,False,False,False,ok,3,0,795811.6218459187,0.0,True,0.028199264567798907,886522.2421227322,812153.0393288131
600084,1000000.0,739154.9248253902,0.0,739154.9248253902,-260845.07517460978,71518.86117461495,0.0,198,128,51,198,8,0.3049856664931187,False,*ST尼雅,4.38,2026-09-08,2015-06-08,2026-09-08,,False,False,False,ok,0,0,739154.9248253902,0.0,True,0.04342703723314296,823365.8982850321,826464.5208786745
600085,1000000.0,822400.8108763297,0.0,822400.8108763297,-177599.18912367034,117509.94662368012,11050.0,233,48,34,233,0,0.1899663357591542,False,同仁堂,24.35,2026-09-08,2016-05-26,2026-09-08,,False,False,False,ok,14,0,822400.8108763297,0.0,True,0.05853922338634595,927901.6870160147,902029.2316062064
600088,1000000.0,872219.6664210297,0.0,872219.6664210297,-127780.33357897028,62404.63357897501,2447.3,207,76,43,207,6,0.1576990698939687,False,中视传媒,13.14,2026-09-08,2016-05-26,2026-09-08,,False,False,False,ok,9,0,872219.6664210297,0.0,True,0.03000638246607792,924417.6789967027,881976.828662874
600089,1000000.0,1000000.0,0.0,1000000.0,0.0,0.0,0.0,0,0,0,0,0,0.0,False,特变电工,19.08,2026-09-08,2016-05-18,2026-09-08,,False,False,True,ok,12,0,1000000.0,0.0,True,0.0,1000000.0,1000000.0
600094,1000000.0,494737.48689437646,0.0,494737.48689437646,-505262.51310562354,94809.29810563006,5005.0,254,153,70,254,6,0.5088561344709158,False,大名城,4.14,2026-09-08,2016-05-26,2026-09-08,,False,False,False,ok,6,0,494737.48689437646,0.0,True,0.07181542645713096,635593.8772487043,546165.161316805
600095,1000000.0,753344.0946037953,0.0,753344.0946037953,-246655.90539620467,65192.2758962099,1728.75,239,132,58,239,3,0.2872329815881394,False,湘财股份,9.47,2026-09-08,2016-04-28,2026-09-08,,False,False,False,ok,10,0,753344.0946037953,0.0,True,0.03868074813115836,922878.9965807317,817492.8980180183
600096,1000000.0,1047880.4900359644,0.0,1047880.4900359644,47880.49003596441,64110.596964040014,7320.0,182,44,16,182,2,0.07738292121354083,False,云天化,31.91,2026-09-08,2016-05-24,2026-09-08,,False,False,False,ok,5,0,1047880.4900359644,0.0,True,0.02654096224043325,1056709.7943805922,1049618.5108183634
600097,1000000.0,584163.09914181,0.0,584163.09914181,-415836.90085819,53874.21635819504,0.0,166,36,24,166,3,0.4329611305498902,False,开创国际,9.9,2026-09-08,2016-04-25,2026-09-08,,False,False,False,ok,10,0,584163.09914181,0.0,True,0.030204021586826633,671517.7496572037,618316.4252640398
600098,1000000.0,660888.8085043416,0.0,660888.8085043416,-339111.19149565836,82727.53049566496,19329.0,167,60,30,167,0,0.3571124595362791,False,广州发展,6.33,2026-09-08,2016-05-26,2026-09-08,,False,False,False,ok,13,0,660888.8085043416,0.0,True,0.04626237718380343,739480.3147294646,668789.2317519803
600099,1000000.0,975920.7180139034,0.0,975920.7180139034,-24079.28198609664,55134.15498609995,0.0,137,29,13,137,0,0.09086972465021442,False,林海股份,9.42,2026-09-08,2016-04-29,2026-09-08,,False,False,False,ok,6,0,975920.7180139034,0.0,True,0.02010199593966965,992076.1806729217,996791.6159630329
600100,1000000.0,805845.8838329493,0.0,805845.8838329493,-194154.11616705067,61391.169667055045,7525.0,148,42,27,148,0,0.23889383377506632,False,同方股份,6.88,2026-09-08,2015-12-18,2026-09-08,,False,False,False,ok,7,0,805845.8838329493,0.0,True,0.04834093063739508,836189.2910239631,840930.7625669533
600101,1000000.0,878241.3247477592,0.0,878241.3247477592,-121758.67525224085,85280.03375224491,1960.0,179,55,26,179,7,0.15081498166706325,False,明星电力,7.87,2026-09-08,2016-05-26,2026-09-08,,False,False,False,ok,13,0,878241.3247477592,0.0,True,0.035862039915429265,984272.2363407426,983421.1315734581
600103,1000000.0,768930.0940945332,0.0,768930.0940945332,-231069.90590546676,58989.19690547,0.0,154,55,29,154,1,0.24319840896686545,False,青山纸业,4.05,2026-09-08,2016-05-26,2026-09-08,,False,False,False,ok,5,0,768930.0940945332,0.0,True,0.0274542032602635,893763.3296540526,824559.755910443
600104,1000000.0,806038.9828666153,0.0,806038.9828666153,-193961.0171333847,139463.75663339495,14112.0,260,90,48,260,3,0.23203806102106375,False,上汽集团,10.71,2026-09-08,2016-05-26,2026-09-08,,False,False,False,ok,12,0,806038.9828666153,0.0,True,0.06957436092018614,993502.6331370152,955658.8599761924
600105,1000000.0,964421.9432878938,0.0,964421.9432878938,-35578.05671210622,47942.26471211002,4010.0,175,68,37,175,5,0.18013108413580448,False,永鼎股份,39.11,2026-09-08,2016-05-12,2026-09-08,,False,False,False,ok,10,0,964421.9432878938,0.0,True,0.023449233216826005,879789.9182563726,931940.7067206635
600106,1000000.0,802518.1017385805,0.0,802518.1017385805,-197481.8982614195,65803.16676142497,14278.099999999999,162,53,19,162,4,0.2318391290920464,False,重庆路桥,4.64,2026-09-08,2016-05-11,2026-09-08,,False,False,False,ok,12,0,802518.1017385805,0.0,True,0.03277799457789884,776437.8576029118,848770.7200440932
600107,1000000.0,916241.3080183094,0.0,916241.3080183094,-83758.69198169059,61497.254981694976,0.0,199,99,44,199,5,0.22936592884403761,False,*ST尔雅,6.29,2026-09-08,2016-04-26,2026-09-08,,False,False,False,ok,0,0,916241.3080183094,0.0,True,0.033990192055526836,878008.5775086423,780232.610391678
600108,1000000.0,811658.444257776,0.0,811658.444257776,-188341.55574222398,65995.58924222995,236.7,148,57,18,148,0,0.22731722758323983,False,XD亚盛集,5.28,2026-09-08,2016-05-26,2026-09-08,,False,False,False,ok,11,0,811658.444257776,0.0,True,0.027827122150663082,951081.4675334232,847160.1098672501
600109,1000000.0,949700.2456986853,0.0,949700.2456986853,-50299.75430131471,70275.15730131997,2191.0,152,45,26,152,0,0.0963015203558335,False,国金证券,8.59,2026-09-08,2016-05-12,2026-09-08,,False,False,False,ok,12,0,949700.2456986853,0.0,True,0.03236771411861315,982630.6047222528,979167.2195985739
600110,1000000.0,787729.6440056828,0.0,787729.6440056828,-212270.35599431721,64110.356494319996,0.0,208,82,37,208,5,0.2742759982432812,False,诺德股份,11.48,2026-09-08,2016-01-25,2026-09-08,,False,False,False,ok,3,0,787729.6440056828,0.0,True,0.03367578221958923,908947.2800575416,811231.3539273822
600111,1000000.0,831597.0741658735,0.0,831597.0741658735,-168402.92583412654,54914.90233412999,0.0,171,37,17,171,3,0.2060560209633176,False,北方稀土,39.04,2026-09-08,2016-05-26,2026-09-08,,False,False,False,ok,11,0,831597.0741658735,0.0,True,0.023422952579810363,962451.4852975225,854286.8893180434
600113,1000000.0,1000000.0,0.0,1000000.0,0.0,0.0,0.0,0,0,0,0,0,0.0,False,浙江东日,31.63,2026-09-08,2016-01-06,2026-09-08,,False,False,True,ok,11,0,1000000.0,0.0,True,0.0,1000000.0,1000000.0
600114,1000000.0,945411.4813549449,0.0,945411.4813549449,-54588.51864505513,65162.675145059984,2620.0,202,88,39,202,3,0.16783718230758488,False,东睦股份,28.83,2026-09-08,2016-04-28,2026-09-08,,False,False,False,ok,14,0,945411.4813549449,0.0,True,0.0333091649885629,888158.8139975534,877671.7473534539
600115,1000000.0,854513.1338073481,0.0,854513.1338073481,-145486.8661926519,111956.19369265984,2091.0,215,80,38,215,1,0.2354369140726668,False,中国东航,3.49,2026-09-08,2016-05-26,2026-09-08,,False,False,False,ok,4,0,854513.1338073481,0.0,True,0.053330534724204556,966918.4338787531,896218.2664769605
600116,1000000.0,941828.4195540897,0.0,941828.4195540897,-58171.58044591034,128525.20694591996,10710.0,248,74,48,248,0,0.12652853093144553,False,三峡水利,6.3,2026-09-08,2016-05-10,2026-09-08,,False,False,False,ok,14,0,941828.4195540897,0.0,True,0.0650530711075737,953273.0640432352,945669.4893227972
600117,1000000.0,739288.9236777907,0.0,739288.9236777907,-260711.07632220932,70796.19132221499,0.0,211,105,63,211,2,0.2856868616677956,False,西宁特钢,2.33,2026-09-08,2016-04-01,2026-09-08,,False,False,False,ok,0,0,739288.9236777907,0.0,True,0.03974072123446687,965369.1405793529,910125.8174140785
600118,1000000.0,777813.5791746954,0.0,777813.5791746954,-222186.42082530458,65829.47982530999,0.0,175,40,14,175,2,0.2480667597350197,False,中国卫星,57.86,2026-09-08,2016-05-26,2026-09-08,,False,False,False,ok,12,0,777813.5791746954,0.0,True,0.028152398149592108,914810.1269948031,845405.4771016194
600119,1000000.0,905379.0168410052,0.0,905379.0168410052,-94620.98315899482,72300.04715900007,0.0,212,79,66,212,7,0.18489197680636058,False,*ST长投,5.22,2026-09-08,2016-05-20,2026-09-08,,False,False,False,ok,3,0,905379.0168410052,0.0,True,0.03560561381225825,945507.0289434027,916512.6847618942
600120,1000000.0,736288.2686567282,0.0,736288.2686567282,-263711.7313432718,73731.6884432771,1308.0,169,36,22,169,2,0.2821665705857552,True,浙江东方,4.94,2026-09-08,2015-08-24,2026-09-08,,False,False,False,ok,14,0,736288.2686567282,0.0,True,0.0330018070678762,852004.7059479004,799873.6653401812
600121,1000000.0,811618.977849873,0.0,811618.977849873,-188381.02215012698,62870.50065013002,0.0,198,83,52,198,2,0.22693410262295996,False,郑州煤电,5.18,2026-09-08,2016-05-10,2026-09-08,,False,False,False,ok,1,0,811618.977849873,0.0,True,0.031236969700638318,917368.5093921315,869604.6910540571
600123,1000000.0,897499.0450078493,0.0,897499.0450078493,-102500.95499215066,66743.18149215494,0.0,175,55,32,175,0,0.16096275325128911,False,兰花科创,7.24,2026-09-08,2016-05-26,2026-09-08,,False,False,False,ok,10,0,897499.0450078493,0.0,True,0.03209337163342246,914822.2540217616,889870.1113160134
600125,1000000.0,1020406.7442589353,0.0,1020406.7442589353,20406.74425893533,72169.06824106997,9350.0,139,29,19,139,0,0.0914960429970927,False,铁龙物流,5.47,2026-09-08,2016-05-26,2026-09-08,,False,False,False,ok,13,0,1020406.7442589353,0.0,True,0.02612237961316242,1032704.5475915718,1066293.2836059588
600126,1000000.0,992364.7966361508,0.0,992364.7966361508,-7635.203363849199,99276.69586385481,17604.0,248,100,60,248,2,0.1051163441183639,False,杭钢股份,6.38,2026-09-08,2016-05-17,2026-09-08,,False,False,False,ok,9,0,992364.7966361508,0.0,True,0.04606187526066576,958952.0764392228,945813.4299398987
600127,1000000.0,879693.9522142464,0.0,879693.9522142464,-120306.04778575362,90123.27428576,0.0,220,90,54,220,7,0.18219360998858683,False,金健米业,14.79,2026-09-08,2016-05-11,2026-09-08,,False,False,False,ok,0,0,879693.9522142464,0.0,True,0.04638596314698226,937900.6242272529,872261.4210453745
600128,1000000.0,1069502.7786670986,0.0,1069502.7786670986,69502.77866709861,58551.601332905,0.0,153,43,23,153,1,0.119236040288408,False,苏豪弘业,8.84,2026-09-08,2016-05-26,2026-09-08,,False,False,False,ok,11,0,1069502.7786670986,0.0,True,0.023386046332163662,885988.7838573519,1000073.6110714427
600129,1000000.0,939253.2653948005,0.0,939253.2653948005,-60746.73460519954,80866.62060520497,0.0,231,91,46,231,1,0.14330221213266373,False,太极集团,14.17,2026-09-08,2016-05-23,2026-09-08,,False,False,False,ok,3,0,939253.2653948005,0.0,True,0.04161148411491378,934998.5012123028,1047724.4773219789
600130,1000000.0,983599.867893056,0.0,983599.867893056,-16400.132106943987,60838.38760694996,0.0,185,60,39,185,3,0.17410446790248685,False,波导股份,4.67,2026-09-08,2016-05-24,2026-09-08,,False,False,False,ok,0,0,983599.867893056,0.0,True,0.02783054010190636,904129.034809283,928232.3214812744
600131,1000000.0,903772.8078384689,0.0,903772.8078384689,-96227.19216153107,79500.416161535,7706.125,233,91,44,233,1,0.18332782577591747,False,国网信通,14.82,2026-09-08,2016-05-11,2026-09-08,,False,False,False,ok,13,0,903772.8078384689,0.0,True,0.04163677217995137,872589.4951415611,890728.2751176825
600132,1000000.0,858925.2286944427,0.0,858925.2286944427,-141074.77130555734,105049.55230556497,4050.0,270,78,38,270,1,0.19627842310439694,False,重庆啤酒,40.07,2026-09-08,2016-05-26,2026-09-08,,False,False,False,ok,13,0,858925.2286944427,0.0,True,0.05952360594361924,964630.1608675136,871292.4313851654
600133,1000000.0,730663.9807289989,0.0,730663.9807289989,-269336.0192710011,64632.04127100507,2250.0,202,87,57,202,3,0.33466517648404953,False,东湖高新,8.34,2026-09-08,2016-01-27,2026-09-08,,False,False,False,ok,9,0,730663.9807289989,0.0,True,0.039922882338322495,785065.4439595722,739634.7817447128
600135,1000000.0,970617.0729682234,0.0,970617.0729682234,-29382.927031776635,50661.60303177998,0.0,134,36,25,134,1,0.0927225292150389,False,乐凯胶片,7.68,2026-09-08,2016-05-11,2026-09-08,,False,False,False,ok,9,0,970617.0729682234,0.0,True,0.021727585900862635,1007403.522711212,986297.1834376624
600136,1000000.0,586573.0473211684,0.0,586573.0473211684,-413426.95267883164,59840.67317883501,0.0,259,111,52,259,20,0.4840207777744235,False,ST明诚,1.53,2026-09-08,2015-09-16,2026-09-08,,False,False,False,ok,3,0,586573.0473211684,0.0,True,0.044491764491376685,730838.188211742,634313.751115442
600137,1000000.0,972742.8592513459,0.0,972742.8592513459,-27257.140748654143,82002.13674865999,4694.0,183,59,34,183,0,0.11038691386596432,False,浪莎股份,18.36,2026-09-08,2016-05-26,2026-09-08,,False,False,False,ok,9,0,972742.8592513459,0.0,True,0.04440580886669936,952506.9502331743,942517.8669130697
600138,1000000.0,770376.3849905303,0.0,770376.3849905303,-229623.61500946968,75158.66050947501,1750.9999999999998,167,45,22,167,2,0.24542451935818219,False,中青旅,7.57,2026-09-08,2016-05-12,2026-09-08,,False,False,False,ok,9,0,770376.3849905303,0.0,True,0.03667032921144494,880939.1320441237,821244.1973212494
600141,1000000.0,921773.3360394194,0.0,921773.3360394194,-78226.6639605806,66013.65446058498,2100.0,196,49,27,196,2,0.14809082524727152,False,兴发集团,31.92,2026-09-08,2016-05-25,2026-09-08,,False,False,False,ok,12,0,921773.3360394194,0.0,True,0.02925543379418727,994527.4483375119,874064.4959059386
600143,1000000.0,789051.6777034441,0.0,789051.6777034441,-210948.32229655585,65749.64629655996,0.0,168,49,23,168,3,0.2625879788371235,False,金发科技,13.76,2026-09-08,2016-01-15,2026-09-08,,False,False,False,ok,12,0,789051.6777034441,0.0,True,0.02943724310011267,837952.9991491325,819276.0347415282
600148,1000000.0,842506.2141727548,0.0,842506.2141727548,-157493.7858272452,70798.80932724992,875.0,197,63,29,197,2,0.1997639810112993,False,长春一东,16.47,2026-09-08,2016-01-07,2026-09-08,,False,False,False,ok,7,0,842506.2141727548,0.0,True,0.03380678914664503,909208.2792293031,845936.078391649
600149,1000000.0,746197.6667446005,0.0,746197.6667446005,-253802.33325539948,66532.51725540496,0.0,186,74,38,186,3,0.2789483093584627,False,廊坊发展,5.19,2026-09-08,2016-02-02,2026-09-08,,False,False,False,ok,0,0,746197.6667446005,0.0,True,0.035529737999969425,770395.3087490334,774059.2324306796
600150,1000000.0,924366.5693920412,0.0,924366.5693920412,-75633.43060795881,79409.463107965,1460.0,221,75,39,221,6,0.24230677205816853,False,中国船舶,39.08,2026-09-08,2015-10-30,2026-09-08,,False,False,False,ok,9,0,924366.5693920412,0.0,True,0.06043489986941584,852629.2897791634,895355.8122958138
600151,1000000.0,711087.2541731074,0.0,711087.2541731074,-288912.74582689255,49510.116326895026,1584.0,174,50,37,174,4,0.29604561037033006,False,航天机电,9.77,2026-09-08,2015-12-02,2026-09-08,,False,False,False,ok,2,0,711087.2541731074,0.0,True,0.027104564844083287,769715.6139981309,737729.8874035513
600152,1000000.0,764503.4923700951,0.0,764503.4923700951,-235496.5076299049,59663.507129910045,0.0,227,83,42,227,6,0.2443765215300647,False,维科技术,8.18,2026-09-08,2016-01-25,2026-09-08,,False,False,False,ok,1,0,764503.4923700951,0.0,True,0.029666808477122664,880693.8532403328,822653.8327043438
600153,1000000.0,758841.5323084095,0.0,758841.5323084095,-241158.46769159054,80436.07519159505,15650.0,171,54,21,171,0,0.2559932980604927,False,建发股份,8.42,2026-09-08,2015-06-11,2026-09-08,,False,False,False,ok,14,0,758841.5323084095,0.0,True,0.0380883527006796,903242.7466150625,858774.523650968
600155,1000000.0,847324.575146456,0.0,847324.575146456,-152675.42485354398,75771.36035355009,0.0,201,76,34,201,3,0.191069120193211,False,华创云信,6.19,2026-09-08,2016-05-17,2026-09-08,,False,False,False,ok,1,0,847324.575146456,0.0,True,0.035083640825548615,1002790.2797762132,908339.1645860752
600156,1000000.0,832261.793234435,0.0,832261.793234435,-167738.20676556497,58283.00626557001,0.0,212,94,54,212,4,0.2523745955722301,False,华升股份,8.83,2026-09-08,2016-05-12,2026-09-08,,False,False,False,ok,3,0,832261.793234435,0.0,True,0.03125620237249404,838595.3071188426,756561.2871402892
600157,1000000.0,892991.0987342866,0.0,892991.0987342866,-107008.90126571339,92415.20326572002,5683.52,185,89,33,185,6,0.1447681695263926,False,永泰能源,1.57,2026-09-08,2015-06-25,2026-09-08,,False,False,False,ok,4,0,892991.0987342866,0.0,True,0.047809792278888034,1003295.2440223441,1011488.4399548152
600158,1000000.0,774959.7179150502,0.0,774959.7179150502,-225040.28208494978,62124.54108495493,0.0,197,85,43,197,2,0.2740528820160224,False,中体产业,7.46,2026-09-08,2015-11-10,2026-09-08,,False,False,False,ok,11,0,774959.7179150502,0.0,True,0.037829621514771726,810539.1915588534,786241.9453909089
600159,1000000.0,939696.1726372401,0.0,939696.1726372401,-60303.827362759854,62966.553362764964,12361.0,169,70,32,169,3,0.09123792856737273,False,大龙地产,2.85,2026-09-08,2016-05-26,2026-09-08,,False,False,False,ok,8,0,939696.1726372401,0.0,True,0.028037247620174243,984155.5629531416,1018406.196201284
600160,1000000.0,1057779.1119881861,0.0,1057779.1119881861,57779.11198818614,75179.27101181996,6650.0,203,48,31,203,2,0.08260027526661823,False,巨化股份,38.23,2026-09-08,2016-05-12,2026-09-08,,False,False,False,ok,14,0,1057779.1119881861,0.0,True,0.03112189047957912,1038011.9341644838,1016169.0282160749
600161,1000000.0,774716.032579728,0.0,774716.032579728,-225283.96742027195,107648.58592028017,995.0,243,80,47,243,3,0.3116116443074673,False,天坛生物,12.73,2026-09-08,2015-11-27,2026-09-08,,False,False,False,ok,11,0,774716.032579728,0.0,True,0.0574694561056947,978775.2221338635,974724.4763076599
600162,1000000.0,851219.0638911,0.0,851219.0638911,-148780.9361089,62879.78360890499,165.0,153,59,29,153,3,0.309409880682825,False,香江控股,5.5,2026-09-08,2016-03-21,2026-09-08,,False,False,False,ok,13,0,851219.0638911,0.0,True,0.029170516121507915,830636.6129875031,803563.7817965691
600163,1000000.0,865459.9747930025,0.0,865459.9747930025,-134540.02520699752,82806.35070700505,3068.0,215,81,47,215,0,0.17349973976480798,False,中闽能源,5.26,2026-09-08,2016-04-27,2026-09-08,,False,False,False,ok,5,0,865459.9747930025,0.0,True,0.04384742844752438,873039.6984888542,853721.7568165252
600165,1000000.0,845375.0737828055,0.0,845375.0737828055,-154624.92621719453,80923.92271720011,0.0,237,146,93,237,31,0.3827605922690978,False,ST宁科,3.34,2026-09-08,2015-05-14,2026-09-08,,False,False,False,ok,1,1,845375.0737828055,0.0,True,0.08888315485584619,825592.7090840638,815282.8056107648
600166,1000000.0,851792.0681959513,0.0,851792.0681959513,-148207.9318040487,80233.52180405488,0.0,189,44,27,189,1,0.18346098286527332,False,福田汽车,2.92,2026-09-08,2016-05-24,2026-09-08,,False,False,False,ok,4,0,851792.0681959513,0.0,True,0.03209907013702364,984680.9192186131,905540.5304407442
600167,1000000.0,988425.0887566824,0.0,988425.0887566824,-11574.911243317649,105102.64324332497,8021.0,228,118,57,228,2,0.17417631138239853,False,联美控股,5.84,2026-09-08,2016-05-20,2026-09-08,,False,False,False,ok,10,0,988425.0887566824,0.0,True,0.05385033095429463,1058336.9891397536,961925.70838527
600168,1000000.0,941789.9703624197,0.0,941789.9703624197,-58210.02963758027,71879.35263758508,0.0,121,40,20,121,0,0.14693207678983847,False,武汉控股,4.53,2026-09-08,2015-09-29,2026-09-08,,False,False,False,ok,11,0,941789.9703624197,0.0,True,0.03165416783668659,948217.9635503719,931384.905036079
600169,1000000.0,979985.2659082364,0.0,979985.2659082364,-20014.734091763617,61638.836091770005,0.0,132,43,14,132,0,0.11364158323862206,False,ST太重,2.17,2026-09-08,2016-05-25,2026-09-08,,False,False,False,ok,0,0,979985.2659082364,0.0,True,0.025740373285288415,1003193.7692569934,1016286.3508971997
600170,1000000.0,783619.9824971637,0.0,783619.9824971637,-216380.0175028363,117182.23600284505,0.0,188,77,26,188,0,0.25010369495831336,False,上海建工,2.32,2026-09-08,2016-05-26,2026-09-08,,False,False,False,ok,12,0,783619.9824971637,0.0,True,0.06176941787674509,774439.2812002157,767176.4731326619
600171,1000000.0,1095305.5016092074,0.0,1095305.5016092074,95305.50160920736,62542.67239079501,4840.0,182,55,40,182,2,0.0940716394414691,False,上海贝岭,22.52,2026-09-08,2016-03-21,2026-09-08,,False,False,False,ok,12,0,1095305.5016092074,0.0,True,0.026525791444916635,1105174.8729036613,1136191.8262653416
600172,1000000.0,862844.92949638,0.0,862844.92949638,-137155.07050361997,56301.075003625025,0.0,218,87,45,218,7,0.20179925364976362,False,黄河旋风,16.5,2026-09-08,2016-05-05,2026-09-08,,False,False,False,ok,3,0,862844.92949638,0.0,True,0.028230009628943287,937615.1476224227,855798.8659722244
600173,1000000.0,926797.2778006005,0.0,926797.2778006005,-73202.72219939949,67149.80769940498,12835.0,193,76,35,193,2,0.11379655361253231,False,卧龙新能,6.29,2026-09-08,2015-06-26,2026-09-08,,False,False,False,ok,10,0,926797.2778006005,0.0,True,0.030985550990077323,998623.5576058617,921322.2590500994
600176,1000000.0,863453.4941453233,0.0,863453.4941453233,-136546.5058546767,75654.21254068051,6731.8,199,47,25,199,3,0.21312320107431426,True,中国巨石,41.39,2026-09-08,2016-05-10,2026-09-08,,False,False,False,ok,13,0,863453.4941453233,0.0,True,0.03350373903544267,947316.2379152165,854338.5947733679
600177,1000000.0,838825.0142634711,0.0,838825.0142634711,-161174.98573652888,129703.10373654001,99050.0,185,44,34,185,1,0.17215574649692233,False,雅戈尔,8.27,2026-09-08,2016-05-26,2026-09-08,,False,False,False,ok,18,0,838825.0142634711,0.0,True,0.06423839455084386,872982.8040905053,871962.6497421666
600178,1000000.0,946768.5814040133,0.0,946768.5814040133,-53231.41859598667,56737.45659599002,1309.7099999999998,174,89,47,174,4,0.10982214655452989,False,XD东安动,10.04,2026-09-08,2016-05-26,2026-09-08,,False,False,False,ok,8,0,946768.5814040133,0.0,True,0.02822132265364488,955130.2042490912,1053549.4398192768
600179,1000000.0,773206.9202898458,0.0,773206.9202898458,-226793.0797101542,83701.87821015994,1270.0,220,104,81,220,21,0.35501549025403434,False,安通控股,4.54,2026-09-08,2016-03-11,2026-09-08,,False,False,False,ok,1,0,773206.9202898458,0.0,True,0.053469885182206106,800970.6345291736,754243.5503060847
600180,1000000.0,912824.7819445997,0.0,912824.7819445997,-87175.2180554003,69992.20705540502,423.0,168,60,23,168,13,0.16480390583358456,False,*ST瑞茂,1.57,2026-09-08,2016-05-25,2026-09-08,,False,False,False,ok,13,0,912824.7819445997,0.0,True,0.030745182555768157,1009493.787455502,1004884.3361224481
600182,1000000.0,789556.9742516965,0.0,789556.9742516965,-210443.0257483035,84412.48424830996,0.0,183,60,35,183,2,0.2144940397437536,False,S佳通,13.04,2026-09-08,2015-08-19,2026-09-08,,False,False,False,ok,14,0,789556.9742516965,0.0,True,0.041694960072663066,846295.2248763035,865481.6904534849
600183,1000000.0,1175122.7165599782,0.0,1175122.7165599782,175122.7165599782,88737.08244003,5040.0,232,61,47,232,1,0.09448636139324224,False,生益科技,146.28,2026-09-08,2016-05-26,2026-09-08,,False,False,False,ok,13,0,1175122.7165599782,0.0,True,0.03793735400420393,1068896.6453515235,1062425.2163013655
600184,1000000.0,1014450.5233621735,0.0,1014450.5233621735,14450.523362173466,46619.83363783002,0.0,121,20,11,121,1,0.07888261730270606,False,光电股份,18.08,2026-09-08,2016-05-26,2026-09-08,,False,False,False,ok,11,0,1014450.5233621735,0.0,True,0.01809651523838343,977611.5057757723,959343.8018375828
600185,1000000.0,796599.636462401,0.0,796599.636462401,-203400.36353759898,76776.71253760497,602.0,235,102,44,235,5,0.30381797558582746,False,珠免集团,5.39,2026-09-08,2016-05-04,2026-09-08,,False,False,False,ok,4,0,796599.636462401,0.0,True,0.04112260405836034,829855.4212017138,781581.2659786597
600186,1000000.0,924078.3664262118,0.0,924078.3664262118,-75921.63357378822,83862.7555737951,0.0,240,129,51,240,6,0.1702217727378393,False,莲花控股,12.39,2026-09-08,2016-05-20,2026-09-08,,False,False,False,ok,0,0,924078.3664262118,0.0,True,0.04210339332085037,986832.827267664,948163.2163586445
600187,1000000.0,1046061.8598283392,0.0,1046061.8598283392,46061.85982833919,76096.15167166501,0.0,190,78,58,190,4,0.13366664717785207,False,*ST国中,1.36,2026-09-08,2016-01-08,2026-09-08,,False,False,False,ok,0,0,1046061.8598283392,0.0,True,0.036214064813286595,1085949.8259200412,1002476.0111321175
600188,1000000.0,1077260.9920887756,0.0,1077260.9920887756,77260.99208877562,69538.15691123008,26684.0,189,85,58,189,2,0.1403420670647759,False,兖矿能源,21.5,2026-09-08,2016-05-26,2026-09-08,,False,False,False,ok,15,0,1077260.9920887756,0.0,True,0.03986601750381122,964151.8902217926,960155.1193822729
600189,1000000.0,768393.2835344442,0.0,768393.2835344442,-231606.71646555583,65787.89796555997,748.0,199,112,44,199,2,0.24709532032155834,False,泉阳泉,8.15,2026-09-08,2015-04-07,2026-09-08,,False,False,False,ok,3,0,768393.2835344442,0.0,True,0.03842379737435963,830847.7000312723,892186.0119186337
600191,1000000.0,940379.3773453122,0.0,940379.3773453122,-59620.622654687846,69378.93765469494,0.0,224,103,62,224,10,0.1406489797990578,False,华资实业,10.88,2026-09-08,2016-05-23,2026-09-08,,False,False,False,ok,7,0,940379.3773453122,0.0,True,0.03494261475512516,978183.5419285626,912063.1726163661
600192,1000000.0,815195.7211806035,0.0,815195.7211806035,-184804.2788193965,52640.3188194,0.0,167,76,40,167,1,0.25341843247574475,False,长城电工,7.17,2026-09-08,2016-05-26,2026-09-08,,False,False,False,ok,6,0,815195.7211806035,0.0,True,0.024652972878245256,987544.9564846918,892197.2456403382
600195,1000000.0,815418.2733734386,0.0,815418.2733734386,-184581.72662656137,76257.86152656798,9143.199999999999,187,55,29,187,2,0.21020153226787106,False,中牧股份,7.2,2026-09-08,2016-05-25,2026-09-08,,False,False,False,ok,12,0,815418.2733734386,0.0,True,0.033885542073198015,881862.0684691258,884569.4293041119
600196,1000000.0,728395.0345153223,0.0,728395.0345153223,-271604.9654846777,83932.06848468508,2508.0,243,65,34,243,2,0.3502669730450497,False,复星医药,22.75,2026-09-08,2016-05-25,2026-09-08,,False,False,False,ok,12,0,728395.0345153223,0.0,True,0.044542178385429745,797833.6808057744,718311.8181022159
600197,1000000.0,822220.6454658358,0.0,822220.6454658358,-177779.3545341642,77738.26803417006,2065.5,215,59,26,215,1,0.2071123579029634,False,伊力特,9.87,2026-09-08,2016-05-26,2026-09-08,,False,False,False,ok,12,0,822220.6454658358,0.0,True,0.034014992943417796,994087.1729850429,945301.3039092992
600198,1000000.0,647559.8458546055,0.0,647559.8458546055,-352440.15414539445,58345.101645399984,0.0,236,91,50,236,17,0.37510611362476204,False,大唐电信,7.68,2026-09-08,2016-04-29,2026-09-08,,False,False,False,ok,0,0,647559.8458546055,0.0,True,0.03508735659751075,766758.4070124538,690025.766388189
600199,1000000.0,859554.4634162514,0.0,859554.4634162514,-140445.53658374865,79897.17258375502,391.5,227,89,58,227,3,0.17825623796350884,False,金种子酒,7.61,2026-09-08,2016-05-18,2026-09-08,,False,False,False,ok,4,0,859554.4634162514,0.0,True,0.04077378041228981,1017722.3399355736,968630.0449154053
600201,1000000.0,834978.724777706,0.0,834978.724777706,-165021.27522229403,84515.47622230003,7518.0,213,46,30,213,2,0.1922367166271262,False,生物股份,12.42,2026-09-08,2016-05-24,2026-09-08,,False,False,False,ok,14,0,834978.724777706,0.0,True,0.037114079031662875,892951.1607067545,859611.1938668799
600202,1000000.0,866753.4572900196,0.0,866753.4572900196,-133246.5427099804,54500.39770998505,0.0,158,65,47,158,4,0.14607441587739814,False,哈空调,5.23,2026-09-08,2016-05-09,2026-09-08,,False,False,False,ok,4,0,866753.4572900196,0.0,True,0.026515453251880466,896752.9099847327,895170.6288270586
600203,1000000.0,831205.7796525208,0.0,831205.7796525208,-168794.22034747922,62900.8733474849,0.0,222,92,61,222,4,0.26076892664759826,False,福日电子,10.6,2026-09-08,2016-05-25,2026-09-08,,False,False,False,ok,3,0,831205.7796525208,0.0,True,0.036979315914617554,817960.4948812331,807581.2475949598
600206,1000000.0,909555.155804959,0.0,909555.155804959,-90444.84419504099,53940.117195044986,60.199999999999996,175,54,28,175,4,0.18331611389037947,False,有研新材,46.85,2026-09-08,2016-05-26,2026-09-08,,False,False,False,ok,9,0,909555.155804959,0.0,True,0.024567780595063222,924071.303608042,889247.1920359381
600207,1000000.0,1122090.7394415552,0.0,1122090.7394415552,122090.73944155523,61289.18005845001,0.0,174,71,40,174,2,0.06326479904062085,False,安彩高科,4.54,2026-09-08,2016-05-26,2026-09-08,,False,False,False,ok,0,0,1122090.7394415552,0.0,True,0.026361177649707166,1153315.2071148325,1149834.4171938084
600208,1000000.0,745714.5635126341,0.0,745714.5635126341,-254285.43648736586,103051.37348737505,9374.400000000001,217,90,39,217,6,0.2641668013878739,False,衢州发展,2.93,2026-09-08,2016-05-06,2026-09-08,,False,False,False,ok,7,0,745714.5635126341,0.0,True,0.05053156845494866,896117.7751757351,789142.3803037922
600210,1000000.0,944243.2693268601,0.0,944243.2693268601,-55756.730673139915,65231.72017314502,0.0,157,68,31,157,0,0.1112141716916934,False,紫江企业,6.29,2026-09-08,2016-05-26,2026-09-08,,False,False,False,ok,12,0,944243.2693268601,0.0,True,0.03227155380843621,1025174.2987205226,978422.0611109538
600211,1000000.0,716825.0505866207,0.0,716825.0505866207,-283174.9494133793,70566.45491338498,2040.0,228,41,26,228,1,0.3012541451993643,False,西藏药业,38.32,2026-09-08,2016-05-26,2026-09-08,,False,False,False,ok,16,0,716825.0505866207,0.0,True,0.03751977239230068,834655.0185834835,777764.5487929747
600212,1000000.0,801905.3492884592,0.0,801905.3492884592,-198094.65071154083,61821.96221154501,0.0,231,105,48,231,4,0.25002091337804094,False,绿能慧充,6.54,2026-09-08,2015-01-05,2026-09-08,,False,False,False,ok,0,0,801905.3492884592,0.0,True,0.03573494857717843,774650.198417112,791756.3761603879
600215,1000000.0,785501.8754698721,0.0,785501.8754698721,-214498.12453012785,87139.65453013494,0.0,241,114,62,241,9,0.29430405578282665,False,派斯林,6.79,2026-09-08,2015-12-18,2026-09-08,,False,False,False,ok,10,0,785501.8754698721,0.0,True,0.04797012641141518,873245.3552288843,895834.2856557609
600216,1000000.0,919375.9152496546,0.0,919375.9152496546,-80624.08475034544,76224.44475034993,3947.0,210,100,58,210,1,0.15686392421898898,False,浙江医药,12.95,2026-09-08,2016-05-19,2026-09-08,,False,False,False,ok,12,0,919375.9152496546,0.0,True,0.04137763386391622,975595.0366953921,901903.7428124475
600217,1000000.0,875795.206397681,0.0,875795.206397681,-124204.79360231897,87975.10860232498,0.0,211,59,26,211,4,0.18418118639639622,False,中再资环,3.35,2026-09-08,2015-11-16,2026-09-08,,False,False,False,ok,2,0,875795.206397681,0.0,True,0.051425129631102455,856999.5523229734,917799.8922313895
600218,1000000.0,723406.3096188825,0.0,723406.3096188825,-276593.6903811175,52287.02788112004,1606.5000000000002,155,68,24,155,6,0.3002878227048698,False,全柴动力,7.92,2026-09-08,2016-05-26,2026-09-08,,False,False,False,ok,12,0,723406.3096188825,0.0,True,0.026931374273150586,816273.1539289019,743361.8095393723
600219,1000000.0,1000000.0,0.0,1000000.0,0.0,0.0,0.0,0,0,0,0,0,0.0,False,南山铝业,4.98,2026-09-08,2016-05-06,2026-09-08,,False,False,True,ok,15,0,1000000.0,0.0,True,0.0,1000000.0,1000000.0
600221,1000000.0,640713.5851297582,0.0,640713.5851297582,-359286.4148702418,128905.56187024993,13132.7,237,108,47,237,2,0.3634145579138016,False,海航控股,1.31,2026-09-08,2015-11-13,2026-09-08,,False,False,False,ok,3,0,640713.5851297582,0.0,True,0.07933472022666808,764872.1298750647,726684.429705787
600222,1000000.0,841090.3552078457,0.0,841090.3552078457,-158909.64479215431,67994.53329216,943.6,191,84,25,191,0,0.19309572316396786,False,太龙药业,8.39,2026-09-08,2016-05-12,2026-09-08,,False,False,False,ok,7,0,841090.3552078457,0.0,True,0.03225956072479181,1005373.8665166331,875520.9678893143
600223,1000000.0,901756.3529350054,0.0,901756.3529350054,-98243.64706499455,81729.2980649999,1940.0,220,99,49,220,2,0.13812850095109291,False,福瑞达,5.81,2026-09-08,2016-05-16,2026-09-08,,False,False,False,ok,8,0,901756.3529350054,0.0,True,0.04052880697331585,967802.3165020625,946036.5071011935
600226,1000000.0,692424.9581577105,0.0,692424.9581577105,-307575.0418422895,68444.46384229492,0.0,195,112,64,195,6,0.35286533439288936,False,亨通股份,5.86,2026-09-08,2015-01-05,2026-09-08,,False,False,False,ok,5,0,692424.9581577105,0.0,True,0.046158874174732564,835049.9468883933,781386.5348510088
600227,1000000.0,743129.3411407042,0.0,743129.3411407042,-256870.65885929577,63860.17285930004,0.0,196,63,38,196,4,0.2995484629923346,False,赤天化,4.96,2026-09-08,2015-09-15,2026-09-08,,False,False,False,ok,0,0,743129.3411407042,0.0,True,0.03592125252429194,778252.4377272727,761093.4900525988
600228,1000000.0,717711.3653481558,0.0,717711.3653481558,-282288.63465184416,67430.54515184996,0.0,260,138,75,260,8,0.3324251892362511,False,返利科技,10.06,2026-09-08,2015-07-07,2026-09-08,,False,False,False,ok,0,0,717711.3653481558,0.0,True,0.04650165668288662,709994.625656114,701479.7016483599
600229,1000000.0,853432.0325650254,0.0,853432.0325650254,-146567.96743497462,84715.87843497997,0.0,169,54,18,169,0,0.18496689278494943,False,城市传媒,5.75,2026-09-08,2016-05-23,2026-09-08,,False,False,False,ok,10,0,853432.0325650254,0.0,True,0.03375372083251857,1012404.7791131933,968042.4194872545
600230,1000000.0,939780.9683612932,0.0,939780.9683612932,-60219.0316387068,57030.05063871,402.5,208,77,48,208,1,0.19615623457647333,False,沧州大化,14.88,2026-09-08,2016-03-22,2026-09-08,,False,False,False,ok,10,0,939780.9683612932,0.0,True,0.02853213575122151,894437.6558680006,897822.4521999767
600231,1000000.0,941040.5746031501,0.0,941040.5746031501,-58959.42539684987,68150.11934685403,2815.0,182,71,47,182,1,0.16064725781345135,True,凌钢股份,1.79,2026-09-08,2016-05-26,2026-09-08,,False,False,False,ok,7,0,941040.5746031501,0.0,True,0.032858280032099216,968964.1295595979,913877.3572840686
600232,1000000.0,758036.0716650629,0.0,758036.0716650629,-241963.92833493708,74884.25183494,0.0,197,67,34,197,3,0.2484860173819828,False,金鹰股份,6.65,2026-09-08,2016-02-15,2026-09-08,,False,False,False,ok,12,0,758036.0716650629,0.0,True,0.03553018420893206,824126.0215507116,857344.8346780825
600233,1000000.0,869037.2477416801,0.0,869037.2477416801,-130962.75225831987,84539.69425832498,9684.0,207,87,28,207,1,0.24086803876406748,False,圆通速递,16.67,2026-09-08,2016-04-20,2026-09-08,,False,False,False,ok,12,0,869037.2477416801,0.0,True,0.04580015448635673,897528.4976383725,799070.6809121836
600234,1000000.0,1012764.947117721,0.0,1012764.947117721,12764.947117720963,92660.23638228499,0.0,238,121,98,238,8,0.1652399922122494,False,科新发展,21.54,2026-09-08,2016-05-16,2026-09-08,,False,False,False,ok,0,0,1012764.947117721,0.0,True,0.053424829308975165,899903.898280364,949546.66632193
600235,1000000.0,843387.2545536527,0.0,843387.2545536527,-156612.74544634728,45702.09344634995,0.0,119,37,24,119,4,0.17705929711577376,False,民丰特纸,6.02,2026-09-08,2016-05-26,2026-09-08,,False,False,False,ok,11,0,843387.2545536527,0.0,True,0.019595966474199478,878838.4568279323,874373.4346858626
600236,1000000.0,768765.4900734752,0.0,768765.4900734752,-231234.50992652483,152512.96792653494,41470.0,265,114,69,265,0,0.24919776868891505,False,桂冠电力,9.68,2026-09-08,2016-05-26,2026-09-08,,False,False,False,ok,15,0,768765.4900734752,0.0,True,0.08076593673257819,890318.8642302277,787118.2887542082
600237,1000000.0,1009128.3103742228,0.0,1009128.3103742228,9128.310374222812,38559.30612578,0.0,124,59,30,124,1,0.08645042536958338,False,铜峰电子,8.28,2026-09-08,2016-05-19,2026-09-08,,False,False,False,ok,1,0,1009128.3103742228,0.0,True,0.01817663677038112,1012877.2120650813,986844.4107603669
600238,1000000.0,913690.5940255958,0.0,913690.5940255958,-86309.40597440419,76069.76997440998,0.0,252,145,80,252,23,0.23911301613299565,False,*ST椰岛,4.59,2026-09-08,2016-05-05,2026-09-08,,False,False,False,ok,0,0,913690.5940255958,0.0,True,0.04673314557430554,848657.5758989031,842344.8097662692
600239,1000000.0,809652.5316643505,0.0,809652.5316643505,-190347.46833564946,80457.03383565495,6487.4,237,141,77,237,5,0.2829259233125988,False,ST云城,1.46,2026-09-08,2015-06-04,2026-09-08,,False,False,False,ok,4,0,809652.5316643505,0.0,True,0.06642131400833363,898963.807616522,913264.4184417834
600241,1000000.0,854397.6692406603,0.0,854397.6692406603,-145602.33075933973,65618.48175934506,0.0,195,65,37,195,8,0.26940412858416873,False,时代万恒,7.6,2026-09-08,2016-01-19,2026-09-08,,False,False,False,ok,2,0,854397.6692406603,0.0,True,0.03473990191331927,806269.0992771134,832348.8243231343
600243,1000000.0,572863.6494254147,0.0,572863.6494254147,-427136.35057458526,66054.86207458992,0.0,233,142,82,233,13,0.43032636490506515,False,*ST海华,3.65,2026-09-08,2016-04-29,2026-09-08,,False,False,False,ok,2,0,572863.6494254147,0.0,True,0.04583132193779344,770979.3683046027,767799.7666529841
600246,1000000.0,1092420.7947084068,0.0,1092420.7947084068,92420.79470840679,96000.9067916001,1871.1000000000001,274,175,95,274,3,0.10616422214344946,False,万通发展,12.68,2026-09-08,2016-04-15,2026-09-08,,False,False,False,ok,3,0,1092420.7947084068,0.0,True,0.0529614497499428,1097571.9611487037,1096354.6627961851
600248,1000000.0,949144.2345177048,0.0,949144.2345177048,-50855.76548229519,71812.29748230003,4167.800000000001,170,61,26,170,0,0.1690203024830497,False,陕建股份,2.95,2026-09-08,2015-11-10,2026-09-08,,False,False,False,ok,13,0,949144.2345177048,0.0,True,0.03458093651874263,883341.2056509521,933554.9380268939
600249,1000000.0,793993.4167632685,0.0,793993.4167632685,-206006.58323673147,53613.05623673504,0.0,151,62,28,151,2,0.2368193479502214,False,两面针,5.57,2026-09-08,2016-05-24,2026-09-08,,False,False,False,ok,3,0,793993.4167632685,0.0,True,0.026406708374627098,830143.1130326927,789508.4480485828
600250,1000000.0,767127.4360876528,0.0,767127.4360876528,-232872.5639123472,58349.39291235004,0.0,225,102,65,225,8,0.24410192044632822,False,南京商旅,10.28,2026-09-08,2016-03-22,2026-09-08,,False,False,False,ok,0,0,767127.4360876528,0.0,True,0.03322224066316835,862346.0451761712,807715.5146815067
600251,1000000.0,898230.1855819109,0.0,898230.1855819109,-101769.81441808911,69789.59991809499,10080.0,175,44,19,175,1,0.12620092448522396,False,冠农股份,11.86,2026-09-08,2016-05-26,2026-09-08,,False,False,False,ok,12,0,898230.1855819109,0.0,True,0.027185082367083217,980991.6472504835,970575.7862586044
600252,1000000.0,899028.2619060102,0.0,899028.2619060102,-100971.73809398978,83294.61909399506,0.0,132,25,10,132,0,0.16871935210855063,False,中恒集团,2.34,2026-09-08,2016-05-26,2026-09-08,,False,False,False,ok,10,0,899028.2619060102,0.0,True,0.029061760780539698,1003688.6605893131,959949.2813577836
600255,1000000.0,960986.4935034593,0.0,960986.4935034593,-39013.50649654074,64021.42299654496,0.0,185,67,48,185,2,0.10996524694324622,False,鑫科材料,3.54,2026-09-08,2015-04-27,2026-09-08,,False,False,False,ok,2,0,960986.4935034593,0.0,True,0.029607251512891154,950827.0639673626,944655.3184559385
600256,1000000.0,1000000.0,0.0,1000000.0,0.0,0.0,0.0,0,0,0,0,0,0.0,False,XD广汇能,7.21,2026-09-08,2016-05-09,2026-09-08,,False,False,True,ok,9,0,1000000.0,0.0,True,0.0,1000000.0,1000000.0
600257,1000000.0,846239.4039028792,0.0,846239.4039028792,-153760.59609712078,59156.79209712497,0.0,195,78,48,195,5,0.17149357403002044,False,大湖股份,6.04,2026-09-08,2015-10-26,2026-09-08,,False,False,False,ok,1,0,846239.4039028792,0.0,True,0.031670409129992104,912559.5685708029,904848.8350091085
600258,1000000.0,844913.5765798462,0.0,844913.5765798462,-155086.4234201538,76708.94342016002,0.0,222,62,20,222,2,0.21697386888621592,False,首旅酒店,12.02,2026-09-08,2016-05-26,2026-09-08,,False,False,False,ok,10,0,844913.5765798462,0.0,True,0.03295433497323752,898097.6903983433,849886.7639044046
600259,1000000.0,913188.4114777641,0.0,913188.4114777641,-86811.58852223586,56413.88802223999,0.0,190,31,12,190,3,0.1445242419016391,False,中稀有色,77.31,2026-09-08,2016-05-24,2026-09-08,,False,False,False,ok,1,0,913188.4114777641,0.0,True,0.022540293098524938,979510.8719749328,905374.8273606987
600261,1000000.0,824069.674080159,0.0,824069.674080159,-175930.32591984095,62689.55091984501,0.0,128,29,19,128,2,0.22416546259142156,False,阳光照明,3.27,2026-09-08,2016-05-26,2026-09-08,,False,False,False,ok,12,0,824069.674080159,0.0,True,0.027899028948388166,833925.7466921721,808860.2550049331
600262,1000000.0,914291.2502866657,0.0,914291.2502866657,-85708.74971333425,82272.88921334002,4256.9,186,58,37,186,0,0.22592439831833186,False,DR北方股,15.83,2026-09-08,2016-05-26,2026-09-08,,False,False,False,ok,10,0,914291.2502866657,0.0,True,0.03674880436338559,986301.812397024,858904.1458411948
600265,1000000.0,652384.3629387296,0.0,652384.3629387296,-347615.6370612704,115446.04206128005,0.0,253,128,90,253,4,0.40858890464338604,False,*ST景谷,23.2,2026-09-08,2016-01-19,2026-09-08,,False,False,False,ok,0,0,652384.3629387296,0.0,True,0.08929113605393625,721033.2251814757,641963.325066523
600266,1000000.0,684566.4041363853,0.0,684566.4041363853,-315433.5958636147,84174.60286362,6299.999999999999,233,92,35,233,2,0.31793247789131457,False,城建发展,4.38,2026-09-08,2016-05-26,2026-09-08,,False,False,False,ok,12,0,684566.4041363853,0.0,True,0.04364303117611822,845738.8400573425,782055.9256051036
600267,1000000.0,919506.7233697554,0.0,919506.7233697554,-80493.27663024457,88340.26763025002,615.0,225,89,49,225,2,0.13136241486038674,False,海正药业,11.74,2026-09-08,2016-03-22,2026-09-08,,False,False,False,ok,10,0,919506.7233697554,0.0,True,0.044054459998136626,881335.0438084233,885388.3095554942
600268,1000000.0,1028428.4315353791,0.0,1028428.4315353791,28428.431535379146,69868.33246462508,4684.0,202,113,54,202,3,0.14055529105274833,False,国电南自,10.45,2026-09-08,2016-05-19,2026-09-08,,False,False,False,ok,12,0,1028428.4315353791,0.0,True,0.034543216299308815,1067568.4172426725,1066933.7838092335
600269,1000000.0,886873.809747838,0.0,886873.809747838,-113126.19025216205,102708.40975217006,12848.0,142,45,29,142,0,0.13359189756212167,False,赣粤高速,3.97,2026-09-08,2016-05-26,2026-09-08,,False,False,False,ok,12,0,886873.809747838,0.0,True,0.05055429632138979,874059.5487120936,880846.7291969599
600271,1000000.0,845982.7476324544,0.0,845982.7476324544,-154017.25236754562,68340.66636755,0.0,163,45,23,163,0,0.18875624233550745,False,航天信息,6.94,2026-09-08,2016-05-17,2026-09-08,,False,False,False,ok,11,0,845982.7476324544,0.0,True,0.0288405917703918,966266.7698463728,938447.1541330938
600272,1000000.0,734419.0356591867,0.0,734419.0356591867,-265580.96434081334,61675.86484081999,1692.0,188,91,66,188,6,0.2926330264998625,False,开开实业,17.49,2026-09-08,2016-05-25,2026-09-08,,False,False,False,ok,12,0,734419.0356591867,0.0,True,0.03623331464457954,820970.2402114129,852166.0678456741
600273,1000000.0,944562.3816569909,0.0,944562.3816569909,-55437.61834300915,93559.41584301503,29475.0,183,81,55,183,2,0.19565631529489685,False,嘉化能源,6.88,2026-09-08,2016-01-08,2026-09-08,,False,False,False,ok,20,0,944562.3816569909,0.0,True,0.04830329048222778,998029.4006624332,967025.0996762946
600276,1000000.0,1026949.710401169,0.0,1026949.710401169,26949.710401169024,94714.6310988399,1200.0,220,38,27,220,0,0.11043792353746522,False,恒瑞医药,45.71,2026-09-08,2016-05-26,2026-09-08,,False,False,False,ok,12,0,1026949.710401169,0.0,True,0.04656834058054973,950799.9280049051,925396.8696536515
600278,1000000.0,817269.7595672647,0.0,817269.7595672647,-182730.2404327353,73593.50693274004,0.0,170,60,42,170,0,0.2121991322726819,False,东方创业,6.64,2026-09-08,2016-05-04,2026-09-08,,False,False,False,ok,14,0,817269.7595672647,0.0,True,0.03872780200412467,917895.3979137525,825224.0710927891
600279,1000000.0,795445.2733998648,0.0,795445.2733998648,-204554.7266001352,61404.87760013995,24765.3,135,46,25,135,2,0.20650743012168538,False,重庆港,4.43,2026-09-08,2016-05-11,2026-09-08,,False,False,False,ok,12,0,795445.2733998648,0.0,True,0.029050124959580523,876052.9723770821,902648.2970741878
600280,1000000.0,812155.4420526362,0.0,812155.4420526362,-187844.55794736382,72463.66044736998,0.0,234,123,76,234,12,0.24713702081623729,False,中央商场,3.49,2026-09-08,2016-05-24,2026-09-08,,False,False,False,ok,4,0,812155.4420526362,0.0,True,0.043798520784354276,805840.4005743635,837970.2072943299
600281,1000000.0,819588.5475281891,0.0,819588.5475281891,-180411.45247181086,57548.02447181495,0.0,177,62,28,177,1,0.21599749659423662,False,华阳新材,4.88,2026-09-08,2016-04-15,2026-09-08,,False,False,False,ok,0,0,819588.5475281891,0.0,True,0.024909965228382864,1000754.1148492828,875200.8839743643
600282,1000000.0,847363.9344393066,0.0,847363.9344393066,-152636.0655606934,110861.02656070002,0.0,229,85,41,229,0,0.24752064341023175,False,南钢股份,4.78,2026-09-08,2016-05-09,2026-09-08,,False,False,False,ok,11,0,847363.9344393066,0.0,True,0.05296039949011894,991598.1368978024,927420.7594638645
600283,1000000.0,937670.7423736039,0.0,937670.7423736039,-62329.25762639614,111018.20662640498,0.0,240,80,50,240,6,0.10309309183090644,False,钱江水利,8.32,2026-09-08,2016-05-12,2026-09-08,,False,False,False,ok,8,0,937670.7423736039,0.0,True,0.05092807234896904,951367.836936285,1019434.2491034514
600284,1000000.0,773755.693175657,0.0,773755.693175657,-226244.30682434305,80359.19832435006,22465.0,182,64,28,182,3,0.2720423999684614,False,浦东建设,5.27,2026-09-08,2016-05-25,2026-09-08,,False,False,False,ok,14,0,773755.693175657,0.0,True,0.04052303433653969,837988.4150362739,804888.929754175
600285,1000000.0,962110.220659967,0.0,962110.220659967,-37889.779340032954,83272.54534004,5865.0,199,54,35,199,0,0.09668181981198502,False,羚锐制药,19.54,2026-09-08,2016-05-26,2026-09-08,,False,False,False,ok,12,0,962110.220659967,0.0,True,0.040340645475451554,972793.4940134032,955034.8487671793
600287,1000000.0,1069300.8554220388,0.0,1069300.8554220388,69300.85542203882,64490.01157796497,1840.0,131,41,33,131,1,0.06022296052647966,False,苏豪时尚,5.19,2026-09-08,2016-05-24,2026-09-08,,False,False,False,ok,8,0,1069300.8554220388,0.0,True,0.02610751839269016,1022276.4170096132,1100243.1832397138
600288,1000000.0,823778.3580321255,0.0,823778.3580321255,-176221.6419678745,67940.27796788006,1829.0000000000002,172,41,19,172,3,0.22258703412674308,False,大恒科技,11.16,2026-09-08,2016-05-26,2026-09-08,,False,False,False,ok,11,0,823778.3580321255,0.0,True,0.026944850877349862,1032714.3883868326,964040.5942494046
600289,1000000.0,616449.4230761676,0.0,616449.4230761676,-383550.5769238324,80603.3324238398,0.0,269,171,101,269,30,0.46205156295343786,False,ST信通,4.33,2026-09-08,2015-08-06,2026-09-08,,False,False,False,ok,3,0,616449.4230761676,0.0,True,0.07152768680005189,756978.299648654,602753.1607051404
600292,1000000.0,1114331.4177003654,0.0,1114331.4177003654,114331.41770036542,58211.75729963998,0.0,153,71,50,153,1,0.10454873218006992,False,电投水电,11.93,2026-09-08,2016-05-12,2026-09-08,,False,False,False,ok,10,0,1114331.4177003654,0.0,True,0.029639774950453657,1054329.6139926722,986890.317082613
600293,1000000.0,911344.2548655644,0.0,911344.2548655644,-88655.7451344356,64256.621134440014,0.0,175,90,44,175,6,0.14444839457214492,False,三峡新材,3.0,2026-09-08,2016-01-28,2026-09-08,,False,False,False,ok,3,0,911344.2548655644,0.0,True,0.03149133429563118,957021.7097868326,955786.3628082492
600295,1000000.0,1106627.6834062706,0.0,1106627.6834062706,106627.68340627057,90523.71009373498,15679.999999999998,245,89,46,245,5,0.07718515588534347,False,鄂尔多斯,13.88,2026-09-08,2016-05-11,2026-09-08,,False,False,False,ok,12,0,1106627.6834062706,0.0,True,0.040321669735096904,996897.191004422,981519.4793579389
600298,1000000.0,993423.5975747581,0.0,993423.5975747581,-6576.402425241889,110812.24392524993,11429.177,248,76,40,248,2,0.19635384001720374,False,安琪酵母,41.9,2026-09-08,2016-05-26,2026-09-08,,False,False,False,ok,12,0,993423.5975747581,0.0,True,0.056925934991344886,947610.7503435331,905267.9720010051
600299,1000000.0,632397.8885714757,0.0,632397.8885714757,-367602.11142852425,81886.86892853,0.0,190,86,47,190,2,0.38593684937796463,False,安迪苏,8.82,2026-09-08,2016-05-26,2026-09-08,,False,False,False,ok,14,0,632397.8885714757,0.0,True,0.05130950047111818,902847.1305784725,728361.2278275893
600300,1000000.0,821455.9441692438,0.0,821455.9441692438,-178544.0558307562,76376.36383076,1476.0,180,84,45,180,4,0.2034011622461063,False,维维股份,3.39,2026-09-08,2016-05-20,2026-09-08,,False,False,False,ok,10,0,821455.9441692438,0.0,True,0.039545430652308554,905598.7373778216,878820.3950195079
600301,1000000.0,1142086.935427481,0.0,1142086.935427481,142086.93542748108,91888.16907252511,0.0,222,93,46,222,5,0.11610742831280242,False,华锡有色,46.11,2026-09-08,2016-01-19,2026-09-08,,False,False,False,ok,1,0,1142086.935427481,0.0,True,0.04375589100244268,948276.6048914837,1048336.50908787
600302,1000000.0,842421.5185985682,0.0,842421.5185985682,-157578.48140143184,58253.51790143499,0.0,162,57,41,162,6,0.23949099354317935,False,ST标准,7.29,2026-09-08,2016-05-18,2026-09-08,,False,False,False,ok,1,0,842421.5185985682,0.0,True,0.02888791624367523,942340.7114629609,853023.3352431419
600303,1000000.0,970936.0875414246,0.0,970936.0875414246,-29063.912458575447,80592.58045858015,0.0,233,125,74,233,15,0.12210526990160094,False,曙光股份,3.06,2026-09-08,2016-04-05,2026-09-08,,False,False,False,ok,4,0,970936.0875414246,0.0,True,0.0414152222235275,1067379.2193145417,1013327.3946369933
600305,1000000.0,954839.2805134507,0.0,954839.2805134507,-45160.719486549264,83650.90398655499,11052.0,179,51,34,179,1,0.11535815369554668,False,恒顺醋业,6.96,2026-09-08,2016-05-26,2026-09-08,,False,False,False,ok,12,0,954839.2805134507,0.0,True,0.0355276870251808,1021539.625055183,956019.1304367637
600307,1000000.0,878815.6282863251,0.0,878815.6282863251,-121184.37171367486,73405.54921367999,0.0,167,70,24,167,4,0.18670287159214166,False,酒钢宏兴,1.54,2026-09-08,2016-05-26,2026-09-08,,False,False,False,ok,0,0,878815.6282863251,0.0,True,0.036817788281601704,904980.9665799815,847567.5727272882
600308,1000000.0,912295.8451478593,0.0,912295.8451478593,-87704.1548521407,63661.80035214503,0.0,140,29,17,140,1,0.13853565845807805,False,华泰股份,3.37,2026-09-08,2016-05-19,2026-09-08,,False,False,False,ok,11,0,912295.8451478593,0.0,True,0.02724033097716175,871953.8259254328,912344.6909906284
600309,1000000.0,906622.2848222433,0.0,906622.2848222433,-93377.71517775673,95582.82957776295,14800.0,214,70,53,214,4,0.17054541390674735,False,万华化学,78.09,2026-09-08,2015-11-23,2026-09-08,,False,False,False,ok,13,0,906622.2848222433,0.0,True,0.06523397466160866,1007852.3375276637,1008235.9037673806
600310,1000000.0,907733.8436352761,0.0,907733.8436352761,-92266.15636472392,77096.85836473001,4843.5,208,93,59,208,3,0.14818449750253213,False,广西能源,4.53,2026-09-08,2016-04-22,2026-09-08,,False,False,False,ok,12,0,907733.8436352761,0.0,True,0.040271779831640576,965847.053927733,970009.6060610247
600312,1000000.0,893021.2391527062,0.0,893021.2391527062,-106978.76084729377,78415.56184729993,3205.0,214,51,39,214,0,0.17270641166059972,False,平高电气,19.62,2026-09-08,2016-05-26,2026-09-08,,False,False,False,ok,15,0,893021.2391527062,0.0,True,0.03801881725492856,913339.9962266035,949529.9667067939
600313,1000000.0,724682.0875354768,0.0,724682.0875354768,-275317.9124645232,79711.14196452996,0.0,249,136,79,249,7,0.2763197572337206,False,农发种业,7.96,2026-09-08,2016-05-26,2026-09-08,,False,False,False,ok,4,0,724682.0875354768,0.0,True,0.04824940080421659,878575.482196134,791849.3121880955
600315,1000000.0,828489.5426339302,0.0,828489.5426339302,-171510.45736606978,104653.32686607497,1100.0,246,47,40,246,2,0.20230563861386883,False,上海家化,19.07,2026-09-08,2016-05-09,2026-09-08,,False,False,False,ok,13,0,828489.5426339302,0.0,True,0.04795315067541506,976189.4182118134,900762.250093265
600316,1000000.0,971795.1437759588,0.0,971795.1437759588,-28204.8562240412,67027.43722404496,0.0,211,58,30,211,0,0.14368488319303757,False,洪都航空,32.47,2026-09-08,2016-05-26,2026-09-08,,False,False,False,ok,12,0,971795.1437759588,0.0,True,0.030795006741597034,952468.5026978324,938557.067300183
600318,1000000.0,678349.6395919903,0.0,678349.6395919903,-321650.3604080097,61371.21740801492,0.0,244,109,43,244,12,0.3242831094932698,False,新力金融,7.52,2026-09-08,2015-02-06,2026-09-08,,False,False,False,ok,5,0,678349.6395919903,0.0,True,0.03807392836394231,903512.015681763,754322.8205525593
600319,1000000.0,797884.2880672317,0.0,797884.2880672317,-202115.71193276835,89862.65193277491,0.0,233,120,57,233,7,0.25133422485924045,False,亚星化学,6.68,2026-09-08,2015-04-03,2026-09-08,,False,False,False,ok,0,0,797884.2880672317,0.0,True,0.056421139690120636,799317.807309535,816467.2376512256
600320,1000000.0,937572.3220880339,0.0,937572.3220880339,-62427.67791196611,71898.32841197004,1194.0,145,45,18,145,0,0.10296400680397744,False,XD振华重,4.19,2026-09-08,2016-05-26,2026-09-08,,False,False,False,ok,9,0,937572.3220880339,0.0,True,0.02945965807097349,943592.6871688226,915080.964618223
600322,1000000.0,759733.8089876737,0.0,759733.8089876737,-240266.19101232628,63310.01801233005,0.0,194,84,51,194,6,0.2700953779273427,False,津投城开,2.8,2026-09-08,2016-05-12,2026-09-08,,False,False,False,ok,2,0,759733.8089876737,0.0,True,0.03524727614409085,816807.8428710417,773215.723314628
600323,1000000.0,1029415.5485284097,0.0,1029415.5485284097,29415.54852840968,138540.8314715999,18432.0,237,72,33,237,0,0.14376090739090933,False,XD瀚蓝环,29.56,2026-09-08,2016-05-24,2026-09-08,,False,False,False,ok,13,0,1029415.5485284097,0.0,True,0.06041840691079698,1138712.870939564,1060214.592571857
600325,1000000.0,646438.5043224479,0.0,646438.5043224479,-353561.49567755207,92327.91317756008,27440.0,248,90,50,248,2,0.353962576947232,False,华发股份,2.64,2026-09-08,2016-05-18,2026-09-08,,False,False,False,ok,13,0,646438.5043224479,0.0,True,0.04934059626839009,744201.9460504659,801914.0195514763
600326,1000000.0,837496.1317783495,0.0,837496.1317783495,-162503.86822165048,66516.87622165504,0.0,198,92,44,198,3,0.24659518521294332,False,西藏天路,7.45,2026-09-08,2016-05-26,2026-09-08,,False,False,False,ok,9,0,837496.1317783495,0.0,True,0.03373557464654823,923790.0144791731,875937.2014006382
600327,1000000.0,930353.5535886844,0.0,930353.5535886844,-69646.44641131558,86076.43321132103,33485.0,213,101,56,213,0,0.09167752552143331,False,大东方,4.15,2026-09-08,2016-05-26,2026-09-08,,False,False,False,ok,12,0,930353.5535886844,0.0,True,0.04437481462198679,983298.562918117,1011840.7811929487
600328,1000000.0,798666.1847161368,0.0,798666.1847161368,-201333.81528386322,67664.08178386997,0.0,179,42,27,179,0,0.23589629656551558,False,中盐化工,6.49,2026-09-08,2015-10-30,2026-09-08,,False,False,False,ok,12,0,798666.1847161368,0.0,True,0.030409852353700677,880457.0395811833,815188.0677354448
600329,1000000.0,922059.0169624533,0.0,922059.0169624533,-77940.98303754674,95346.24203755498,21078.0,212,61,16,212,2,0.1876947423600872,False,达仁堂,35.62,2026-09-08,2016-05-25,2026-09-08,,False,False,False,ok,14,0,922059.0169624533,0.0,True,0.04097532768333144,1095219.9269631645,1032796.0724124912
600330,1000000.0,1023378.9133752972,0.0,1023378.9133752972,23378.913375297212,51240.21112470498,2520.0,158,42,16,158,0,0.11411677963808148,False,天通股份,30.08,2026-09-08,2015-12-11,2026-09-08,,False,False,False,ok,8,0,1023378.9133752972,0.0,True,0.018926868054703432,1070095.1415528608,960482.9502274119
600331,1000000.0,911739.3699378084,0.0,911739.3699378084,-88260.63006219163,58826.83356219499,0.0,213,74,32,213,6,0.21768575713155097,False,宏达股份,13.2,2026-09-08,2016-01-04,2026-09-08,,False,False,False,ok,0,0,911739.3699378084,0.0,True,0.03198727534015699,841910.5293976611,846827.7462536325
600332,1000000.0,951301.0826105005,0.0,951301.0826105005,-48698.91738949949,124116.02988950993,17611.3,216,63,39,216,0,0.16387393059671887,False,白云山,20.28,2026-09-08,2016-03-17,2026-09-08,,False,False,False,ok,14,0,951301.0826105005,0.0,True,0.05956470374052543,1028842.4947284552,963357.3071993175
600333,1000000.0,1049511.563272292,0.0,1049511.563272292,49511.56327229203,101859.12072771507,3560.0,229,115,53,229,2,0.08872650176418799,False,长春燃气,7.03,2026-09-08,2016-05-26,2026-09-08,,False,False,False,ok,3,0,1049511.563272292,0.0,True,0.04591726250799881,1074877.4672502135,1055154.3424579804
600335,1000000.0,939216.5929834665,0.0,939216.5929834665,-60783.40701653354,80298.70451653998,4243.0,211,70,41,211,3,0.15967198583588707,False,国机汽车,5.3,2026-09-08,2015-11-23,2026-09-08,,False,False,False,ok,14,0,939216.5929834665,0.0,True,0.03589122360154105,947523.4247426537,994571.6346936704
600336,1000000.0,977982.3207442912,0.0,977982.3207442912,-22017.67925570882,82364.78375571502,0.0,216,91,48,216,2,0.08740102419804814,False,澳柯玛,6.88,2026-09-08,2016-05-26,2026-09-08,,False,False,False,ok,10,0,977982.3207442912,0.0,True,0.03839428905901033,971827.9896845431,1029486.1183127596
600337,1000000.0,782820.2594534463,0.0,782820.2594534463,-217179.74054655374,81026.77204656001,5863.000000000001,231,114,61,231,0,0.26984550103744936,False,ST美克,3.16,2026-09-08,2016-04-19,2026-09-08,,False,False,False,ok,6,0,782820.2594534463,0.0,True,0.044684077458927995,894738.2983646431,848323.9192647098
600338,1000000.0,805411.4296752089,0.0,805411.4296752089,-194588.57032479113,51750.04632479496,0.0,189,62,33,189,3,0.2299120195561931,False,西藏珠峰,13.46,2026-09-08,2016-04-27,2026-09-08,,False,False,False,ok,6,0,805411.4296752089,0.0,True,0.0266110461143466,898018.517506243,840507.5175242634
600339,1000000.0,810039.8053321508,0.0,810039.8053321508,-189960.19466784922,70123.27816785495,1428.7,197,78,37,197,1,0.24451240140590366,False,中油工程,3.49,2026-09-08,2015-10-12,2026-09-08,,False,False,False,ok,10,0,810039.8053321508,0.0,True,0.03678482863922301,808191.2973901328,788408.6210275039
600340,1000000.0,660642.8566194761,0.0,660642.8566194761,-339357.1433805239,69287.28488052999,16230.0,249,147,72,249,8,0.397788621913118,False,*ST华幸,1.08,2026-09-08,2016-04-28,2026-09-08,,False,False,False,ok,6,0,660642.8566194761,0.0,True,0.0490434251883877,679238.9951711836,639121.1238117949
600343,1000000.0,1000000.0,0.0,1000000.0,0.0,0.0,0.0,0,0,0,0,0,0.0,False,航天动力,18.93,2026-09-08,2016-05-13,2026-09-08,,False,False,False,error,0,0,1000000.0,0.0,True,0.0,1000000.0,1000000.0
600345,1000000.0,939910.8609507534,0.0,939910.8609507534,-60089.13904924656,51730.56204924998,3610.0,174,52,29,174,4,0.18782997022030073,False,XD长江通,52.4,2026-09-08,2016-04-27,2026-09-08,,False,False,False,ok,12,0,939910.8609507534,0.0,True,0.02570372831698986,943844.7384545421,892672.4836283524
600346,1000000.0,899202.75202643,0.0,899202.75202643,-100797.24797357002,118798.48697357997,20924.0,290,101,49,290,0,0.16109226045108777,False,恒力石化,18.79,2026-09-08,2015-12-10,2026-09-08,,False,False,False,ok,11,0,899202.75202643,0.0,True,0.05463798241370328,971754.9243231853,940802.9429522973
600348,1000000.0,817786.6170269405,0.0,817786.6170269405,-182213.38297305955,65134.17747306499,6470.1,190,71,29,190,4,0.21578389081424293,False,华阳股份,8.88,2026-09-08,2016-05-26,2026-09-08,,False,False,False,ok,9,0,817786.6170269405,0.0,True,0.0358687779813505,896972.7806370619,829676.5647029831
600350,1000000.0,1020993.7896859947,0.0,1020993.7896859947,20993.789685994736,142302.48381401485,51342.2,242,104,71,242,0,0.16889300143221253,False,山东高速,10.02,2026-09-08,2016-05-12,2026-09-08,,False,False,False,ok,12,0,1020993.7896859947,0.0,True,0.08060395007776108,915933.3317654955,946066.425669277
600351,1000000.0,797328.5603638433,0.0,797328.5603638433,-202671.43963615666,63854.844136159976,5955.0,162,43,35,162,1,0.2570231454869669,False,亚宝药业,7.01,2026-09-08,2016-05-26,2026-09-08,,False,False,False,ok,14,0,797328.5603638433,0.0,True,0.03032142238947268,867444.0726966918,812200.5655336576
600352,1000000.0,928041.3294793278,0.0,928041.3294793278,-71958.67052067223,91386.58352068007,5460.0,185,51,37,185,0,0.177515149984288,False,浙江龙盛,12.46,2026-09-08,2016-05-12,2026-09-08,,False,False,False,ok,15,0,928041.3294793278,0.0,True,0.040257167550107054,958368.1241325145,888408.1133577003
600353,1000000.0,875660.0511713641,0.0,875660.0511713641,-124339.94882863585,50900.148328639996,0.0,173,84,40,173,2,0.1974390494181906,False,旭光电子,31.73,2026-09-08,2016-01-12,2026-09-08,,False,False,False,ok,11,0,875660.0511713641,0.0,True,0.02740276019901569,892835.4652499817,836526.2242658834
600354,1000000.0,869051.0252003403,0.0,869051.0252003403,-130948.97479965969,69811.76879966503,0.0,210,103,52,210,7,0.1822483518875822,False,敦煌种业,10.48,2026-09-08,2016-05-06,2026-09-08,,False,False,False,ok,0,0,869051.0252003403,0.0,True,0.03352587356007205,967851.8096899535,883425.8913640548
600356,1000000.0,836242.18500075,0.0,836242.18500075,-163757.81499925,57446.71999925494,1822.4,126,29,11,126,0,0.18817651989431564,False,恒丰纸业,9.41,2026-09-08,2016-05-13,2026-09-08,,False,False,False,ok,12,0,836242.18500075,0.0,True,0.023302783000084495,874797.119284013,857341.8123262089
600358,1000000.0,834851.8797007955,0.0,834851.8797007955,-165148.1202992045,76140.83129921001,0.0,223,96,55,223,2,0.20169382114727846,False,国旅联合,5.31,2026-09-08,2015-05-04,2026-09-08,,False,False,False,ok,0,0,834851.8797007955,0.0,True,0.04258307317595977,969192.1322777232,918018.3488376739
600359,1000000.0,830619.9016105237,0.0,830619.9016105237,-169380.0983894763,64735.59938947999,0.0,202,78,46,202,4,0.18752436324918476,False,新农开发,7.96,2026-09-08,2016-04-11,2026-09-08,,False,False,False,ok,0,0,830619.9016105237,0.0,True,0.03110098588316796,900242.7053627922,817675.1113344932
600360,1000000.0,1000000.0,0.0,1000000.0,0.0,0.0,0.0,0,0,0,0,0,0.0,False,华微电子,9.78,2026-09-08,2016-04-29,2026-09-08,,False,False,True,ok,13,0,1000000.0,0.0,True,0.0,1000000.0,1000000.0
600361,1000000.0,934615.8532193953,0.0,934615.8532193953,-65384.14678060473,62774.25328060997,0.0,172,65,39,172,7,0.09541671436386245,False,创新新材,3.75,2026-09-08,2016-05-11,2026-09-08,,False,False,False,ok,10,0,934615.8532193953,0.0,True,0.02836241361357229,968055.3180808821,967093.4178426638
600362,1000000.0,838249.016601376,0.0,838249.016601376,-161750.983398624,77249.86689863006,780.0,191,52,27,191,2,0.2342679740238077,False,XD江西铜,48.53,2026-09-08,2016-05-26,2026-09-08,,False,False,False,ok,13,0,838249.016601376,0.0,True,0.03661015320370482,976352.4085500732,902497.6773692883
600363,1000000.0,838810.0565948192,0.0,838810.0565948192,-161189.94340518082,56817.02790518498,920.4000000000001,184,40,21,184,1,0.17377625542030586,False,联创光电,16.05,2026-09-08,2016-01-25,2026-09-08,,False,False,False,ok,11,0,838810.0565948192,0.0,True,0.0232565885300215,983854.3402731222,942743.8695360485
600365,1000000.0,658664.7974500961,0.0,658664.7974500961,-341335.2025499039,77614.52754991008,0.0,212,70,50,212,8,0.3604773950320105,False,ST通葡,2.88,2026-09-08,2016-01-25,2026-09-08,,False,False,False,ok,1,0,658664.7974500961,0.0,True,0.0684604095881987,752417.2562925935,704699.5580630451
600366,1000000.0,831604.9945223944,0.0,831604.9945223944,-168395.00547760562,60719.80747760995,2255.0,178,65,20,178,0,0.1929830537870408,False,宁波韵升,11.23,2026-09-08,2016-05-25,2026-09-08,,False,False,False,ok,12,0,831604.9945223944,0.0,True,0.02813303315249538,952778.2192922223,872900.0449806134
600367,1000000.0,958938.8270800456,0.0,958938.8270800456,-41061.172919954406,52260.08691996006,418.0,166,37,25,166,5,0.0792277810838671,False,红星发展,35.46,2026-09-08,2016-05-26,2026-09-08,,False,False,False,ok,14,0,958938.8270800456,0.0,True,0.02138095682602746,959975.4859018531,992475.7067549588
600368,1000000.0,824862.171713083,0.0,824862.171713083,-175137.82828691695,95880.01728692517,24045.5,194,76,44,194,0,0.20627612361270353,False,五洲交通,4.37,2026-09-08,2016-05-26,2026-09-08,,False,False,False,ok,10,0,824862.171713083,0.0,True,0.04834120945198463,893113.5579939235,844425.0486011005
600369,1000000.0,792079.7684001958,0.0,792079.7684001958,-207920.23159980425,65868.77759980998,18289.0,147,37,17,147,0,0.22415401014611147,False,XD西南证,4.09,2026-09-08,2016-05-24,2026-09-08,,False,False,False,ok,17,0,792079.7684001958,0.0,True,0.02933772583023625,917353.011493382,800133.8567687088
600370,1000000.0,894882.0928267953,0.0,894882.0928267953,-105117.9071732047,77612.87917321004,0.0,187,69,35,187,8,0.18964036059759137,False,*ST三房,1.53,2026-09-08,2016-05-09,2026-09-08,,False,False,False,ok,9,0,894882.0928267953,0.0,True,0.03667333109187877,896329.1759741423,836686.0138135183
600371,1000000.0,766331.58769486,0.0,766331.58769486,-233668.41230514005,71627.24630514499,7340.0,211,74,49,211,4,0.2840151736052374,False,万向德农,15.83,2026-09-08,2016-05-26,2026-09-08,,False,False,False,ok,12,0,766331.58769486,0.0,True,0.035535532476549246,911798.1327733927,816553.0427790943
600372,1000000.0,802506.1992518306,0.0,802506.1992518306,-197493.80074816942,79860.15774817503,3860.9,187,50,31,187,0,0.20843880905676682,False,中航机载,11.78,2026-09-08,2016-04-22,2026-09-08,,False,False,False,ok,13,0,802506.1992518306,0.0,True,0.037891938747089744,894198.5226726737,857574.9837111301
600373,1000000.0,982168.6822241317,0.0,982168.6822241317,-17831.317775868345,80518.11777587495,0.0,185,69,49,185,1,0.10918027875510614,False,中文传媒,7.79,2026-09-08,2016-05-23,2026-09-08,,False,False,False,ok,12,0,982168.6822241317,0.0,True,0.04236212715837807,965397.8201059722,939262.9449692332
600375,1000000.0,663907.5950212013,0.0,663907.5950212013,-336092.4049787987,80516.31047880506,0.0,252,126,68,252,13,0.3878487424878241,False,汉马科技,3.9,2026-09-08,2015-07-03,2026-09-08,,False,False,False,ok,0,0,663907.5950212013,0.0,True,0.06685960148899095,780661.4830874834,714114.4827268654
600376,1000000.0,825314.0140166805,0.0,825314.0140166805,-174685.98598331946,86176.82448332506,0.0,209,87,49,209,2,0.21648461067299635,False,首开股份,3.39,2026-09-08,2016-05-26,2026-09-08,,False,False,False,ok,9,0,825314.0140166805,0.0,True,0.040390599590256586,897786.757878634,839734.9532717858
600377,1000000.0,843681.7044151347,0.0,843681.7044151347,-156318.29558486526,208873.73158487998,120915.0,274,93,52,274,0,0.16234218248684282,False,宁沪高速,12.4,2026-09-08,2016-05-26,2026-09-08,,False,False,False,ok,12,0,843681.7044151347,0.0,True,0.10542007093941204,890987.3216058571,936369.0676320952
600378,1000000.0,689743.90176128,0.0,689743.90176128,-310256.09823872,68156.88073872503,0.0,238,79,52,238,1,0.3540038696864555,False,昊华科技,46.49,2026-09-08,2015-11-05,2026-09-08,,False,False,False,ok,12,0,689743.90176128,0.0,True,0.04100479030277338,796153.2327690129,732824.1760167584
600379,1000000.0,892783.7886410329,0.0,892783.7886410329,-107216.21135896712,47031.27135897,1397.5,149,39,33,149,2,0.1593487265527793,True,宝光股份,14.69,2026-09-08,2016-05-09,2026-09-08,,False,False,False,ok,13,0,892783.7886410329,0.0,True,0.020082224519446724,1005085.6308593818,879790.4604820326
600380,1000000.0,1000000.0,0.0,1000000.0,0.0,0.0,0.0,0,0,0,0,0,0.0,False,健康元,9.57,2026-09-08,2016-04-22,2026-09-08,,False,False,True,ok,12,0,1000000.0,0.0,True,0.0,1000000.0,1000000.0
600381,1000000.0,821026.9823869207,0.0,821026.9823869207,-178973.01761307928,74378.66861308504,0.0,249,143,75,249,25,0.23469937799765725,False,*ST春天,4.08,2026-09-08,2015-12-28,2026-09-08,,False,False,False,ok,0,0,821026.9823869207,0.0,True,0.04094799699598442,1035254.189753483,979403.5685950438
600382,1000000.0,865895.9508745072,0.0,865895.9508745072,-134104.0491254928,73089.69627549803,1098.0,192,75,32,192,3,0.19506114870581368,False,广东明珠,6.5,2026-09-08,2016-05-23,2026-09-08,,False,False,False,ok,13,0,865895.9508745072,0.0,True,0.03600628560607855,859816.2254986248,871528.9736380117
600383,1000000.0,711761.6605290811,0.0,711761.6605290811,-288238.3394709189,87324.4579709249,18724.06,256,141,44,256,2,0.30026659105942677,False,金地集团,2.4,2026-09-08,2016-05-26,2026-09-08,,False,False,False,ok,10,0,711761.6605290811,0.0,True,0.04907139388686904,885844.2618219435,880415.6259832501
600386,1000000.0,879179.3010820635,0.0,879179.3010820635,-120820.69891793653,47151.99591794,738.0,124,45,16,124,1,0.12400450421551824,False,北巴传媒,3.66,2026-09-08,2016-05-24,2026-09-08,,False,False,False,ok,11,0,879179.3010820635,0.0,True,0.02018577653707263,951183.1696834923,960743.8825668031
600388,1000000.0,1047379.2600807017,0.0,1047379.2600807017,47379.26008070167,92616.00091930499,5220.0,194,68,46,194,0,0.15014805646990695,False,龙净环保,18.81,2026-09-08,2016-04-26,2026-09-08,,False,False,False,ok,12,0,1047379.2600807017,0.0,True,0.04363295679358946,1013136.6785290835,976975.2511751499
600389,1000000.0,866974.0419556154,0.0,866974.0419556154,-133025.9580443846,75205.40754439002,14400.0,224,81,36,224,3,0.16928361488487353,False,江山股份,19.95,2026-09-08,2015-10-16,2026-09-08,,False,False,False,ok,15,0,866974.0419556154,0.0,True,0.037611508151580875,936322.280619273,890571.9504234197
600390,1000000.0,746233.7498865542,0.0,746233.7498865542,-253766.2501134458,65191.95761344994,231.0,164,42,20,164,3,0.2693749856617577,False,五矿资本,5.0,2026-09-08,2015-11-27,2026-09-08,,False,False,False,ok,11,0,746233.7498865542,0.0,True,0.03229221475576937,811951.5132998124,785254.2563603732
600391,1000000.0,807245.3444220447,0.0,807245.3444220447,-192754.6555779553,48474.866577960005,0.0,167,33,13,167,2,0.22609441530550622,False,航发科技,41.19,2026-09-08,2016-05-26,2026-09-08,,False,False,False,ok,3,0,807245.3444220447,0.0,True,0.021561847216837817,844262.8492537325,803307.6490067488
600392,1000000.0,773826.9897460478,0.0,773826.9897460478,-226173.01025395223,49108.505253954994,715.0,185,59,33,185,1,0.24748790365415171,False,XD盛和资,21.87,2026-09-08,2016-05-19,2026-09-08,,False,False,False,ok,12,0,773826.9897460478,0.0,True,0.023691029713325443,862786.6495690111,843175.2951817266
600395,1000000.0,791889.5517805167,0.0,791889.5517805167,-208110.44821948325,74992.5667194901,20020.0,185,63,34,185,0,0.2581493117137184,False,盘江股份,5.43,2026-09-08,2016-05-26,2026-09-08,,False,False,False,ok,12,0,791889.5517805167,0.0,True,0.03744835765415216,860495.0662574937,810137.7699376298
600396,1000000.0,797940.0437870799,0.0,797940.0437870799,-202059.95621292014,66956.65671292497,0.0,199,104,41,199,6,0.2777772082837729,False,华电辽能,13.96,2026-09-08,2016-05-20,2026-09-08,,False,False,False,ok,3,0,797940.0437870799,0.0,True,0.03508782018981007,994826.9714827017,838710.7421413381
600397,1000000.0,865912.1115412634,0.0,865912.1115412634,-134087.8884587366,61136.64795873991,0.0,202,77,47,202,5,0.15842554245873866,False,江钨装备,17.08,2026-09-08,2016-03-03,2026-09-08,,False,False,False,ok,0,0,865912.1115412634,0.0,True,0.028561886128521816,960907.2079554816,936795.1516673024
600398,1000000.0,803255.2525386026,0.0,803255.2525386026,-196744.74746139743,106219.8899614049,23750.0,233,103,54,233,0,0.21577518856336236,False,海澜之家,5.9,2026-09-08,2016-05-19,2026-09-08,,False,False,False,ok,13,0,803255.2525386026,0.0,True,0.057871805383271524,919677.292199313,893045.9602189047
600399,1000000.0,775919.3737097757,0.0,775919.3737097757,-224080.62629022426,70276.21529023003,693.0,228,113,44,228,22,0.33319932147747744,False,抚顺特钢,4.76,2026-09-08,2015-07-10,2026-09-08,,False,False,False,ok,4,0,775919.3737097757,0.0,True,0.04659542053091021,733168.9085324232,727493.8648540438
600400,1000000.0,871008.4037988374,0.0,871008.4037988374,-128991.59620116255,113628.39520117016,15924.0,241,120,51,241,3,0.22029869563229137,False,红豆股份,3.2,2026-09-08,2016-01-27,2026-09-08,,False,False,False,ok,11,0,871008.4037988374,0.0,True,0.06141056701179835,881968.4436262748,890382.1951343863
600403,1000000.0,701418.7200908562,0.0,701418.7200908562,-298581.2799091438,67970.61240914998,38141.36,201,114,74,201,6,0.34213565500758936,False,大有能源,6.8,2026-09-08,2016-05-20,2026-09-08,,False,False,False,ok,6,0,701418.7200908562,0.0,True,0.04462765049846598,791930.446334363,752835.6763962047
600405,1000000.0,1000000.0,0.0,1000000.0,0.0,0.0,0.0,0,0,0,0,0,0.0,False,动力源,5.1,2026-09-08,2016-05-11,2026-09-08,,False,False,True,ok,1,0,1000000.0,0.0,True,0.0,1000000.0,1000000.0
600406,1000000.0,922862.5124807693,0.0,922862.5124807693,-77137.4875192307,124316.44001924002,9733.6,250,73,64,250,0,0.12688398490642622,False,国电南瑞,22.41,2026-09-08,2015-12-15,2026-09-08,,False,False,False,ok,14,0,922862.5124807693,0.0,True,0.07589320237619523,987862.1802710138,968810.280824091
600408,1000000.0,862351.6717131899,0.0,862351.6717131899,-137648.32828681008,74881.32528681497,0.0,233,133,65,233,7,0.18448903816591722,False,安泰集团,3.24,2026-09-08,2015-11-10,2026-09-08,,False,False,False,ok,0,0,862351.6717131899,0.0,True,0.04036362328786367,899375.629660083,934888.9378598797
600409,1000000.0,932299.0516531803,0.0,932299.0516531803,-67700.94834681973,62004.84984682501,10606.5,171,55,34,171,1,0.12470473258618836,False,三友化工,7.0,2026-09-08,2016-05-26,2026-09-08,,False,False,False,ok,12,0,932299.0516531803,0.0,True,0.028248339104723366,913031.2237716226,909019.7911928992
600410,1000000.0,995239.154614129,0.0,995239.154614129,-4760.845385871013,55091.58938587498,2268.912,202,49,33,202,3,0.08912902719448176,False,XD华胜天,14.57,2026-09-08,2016-05-12,2026-09-08,,False,False,False,ok,9,0,995239.154614129,0.0,True,0.02330964745303221,947434.0719669424,996360.2820340825
600415,1000000.0,705108.0713193896,0.0,705108.0713193896,-294891.9286806104,76899.08768061495,0.0,208,71,36,208,1,0.3194241724682897,False,小商品城,12.76,2026-09-08,2016-05-26,2026-09-08,,False,False,False,ok,12,0,705108.0713193896,0.0,True,0.040792998776462266,815567.430535133,785060.1455111887
600416,1000000.0,796276.0882636912,0.0,796276.0882636912,-203723.91173630883,53935.36523631001,0.0,181,65,40,181,2,0.23568916889384026,False,湘电股份,8.78,2026-09-08,2016-05-23,2026-09-08,,False,False,False,ok,4,0,796276.0882636912,0.0,True,0.02781336929898398,893983.850168761,852493.8431253613
600418,1000000.0,996116.1383058055,0.0,996116.1383058055,-3883.861694194493,70748.27469420002,0.0,253,101,50,253,5,0.13319549699797492,False,江淮汽车,20.55,2026-09-08,2016-05-25,2026-09-08,,False,False,False,ok,8,0,996116.1383058055,0.0,True,0.03553129562779014,942498.5587555731,982952.3113178539
600419,1000000.0,1000000.0,0.0,1000000.0,0.0,0.0,0.0,0,0,0,0,0,0.0,False,天润乳业,9.34,2026-09-08,2016-05-17,2026-09-08,,False,False,True,ok,9,0,1000000.0,0.0,True,0.0,1000000.0,1000000.0
600420,1000000.0,823758.0713781557,0.0,823758.0713781557,-176241.92862184427,80769.73262185008,21155.0,176,53,30,176,0,0.18657104060973947,False,国药现代,8.56,2026-09-08,2016-05-17,2026-09-08,,False,False,False,ok,14,0,823758.0713781557,0.0,True,0.040485492973848916,852089.6714741223,842334.7994090733
600422,1000000.0,776496.327847936,0.0,776496.327847936,-223503.67215206404,87578.16265207001,4561.0,229,86,40,229,5,0.2532241987113713,False,昆药集团,8.63,2026-09-08,2016-05-24,2026-09-08,,False,False,False,ok,11,0,776496.327847936,0.0,True,0.04360476517722257,895673.036974472,907704.1239819591
600423,1000000.0,830579.8989960771,0.0,830579.8989960771,-169420.10100392287,85616.57750393002,0.0,220,117,61,220,7,0.23028958476304479,False,*ST柳化,2.84,2026-09-08,2015-07-13,2026-09-08,,False,False,False,ok,1,0,830579.8989960771,0.0,True,0.049682250169516995,878297.8904958741,826464.0481162256
600425,1000000.0,865458.0306268199,0.0,865458.0306268199,-134541.96937318007,63957.085873184995,0.0,171,56,22,171,2,0.15528445199494884,False,青松建化,3.77,2026-09-08,2016-05-24,2026-09-08,,False,False,False,ok,6,0,865458.0306268199,0.0,True,0.027299121906158148,944023.5948789925,912763.8386124733
600426,1000000.0,943346.8703224006,0.0,943346.8703224006,-56653.12967759941,81404.57817760503,11910.0,216,72,42,216,1,0.1505098800034883,False,华鲁恒升,21.14,2026-09-08,2016-05-26,2026-09-08,,False,False,False,ok,14,0,943346.8703224006,0.0,True,0.039376244682865026,919124.8018757435,930189.918412389
600428,1000000.0,952136.3359253306,0.0,952136.3359253306,-47863.66407466936,76416.85807467505,6022.0,211,80,40,211,1,0.12958869197130485,False,中远海特,11.34,2026-09-08,2016-05-26,2026-09-08,,False,False,False,ok,9,0,952136.3359253306,0.0,True,0.03520842698566698,998095.6591357831,917087.7095347837
600429,1000000.0,789173.2554068264,0.0,789173.2554068264,-210826.74459317361,89651.07459318016,0.0,197,57,34,197,1,0.238844248882426,False,三元股份,4.93,2026-09-08,2016-05-11,2026-09-08,,False,False,False,ok,8,0,789173.2554068264,0.0,True,0.0408738984044635,873642.5793289237,854331.272939875
600433,1000000.0,996888.2001364492,0.0,996888.2001364492,-3111.799863550812,55297.50336355502,3040.0,137,43,25,137,0,0.10902825818852034,False,冠豪高新,3.44,2026-09-08,2016-05-09,2026-09-08,,False,False,False,ok,10,0,996888.2001364492,0.0,True,0.02276549360033524,967292.3712422621,998831.5236125434
600435,1000000.0,888747.9938784087,0.0,888747.9938784087,-111252.00612159132,52253.70112159505,0.0,142,26,20,142,0,0.14366753657846154,False,北方导航,11.8,2026-09-08,2016-05-26,2026-09-08,,False,False,False,ok,10,0,888747.9938784087,0.0,True,0.02251296715802335,975096.196415942,883037.4951602928
600436,1000000.0,749574.6062331018,0.0,749574.6062331018,-250425.3937668982,105423.33826690505,1620.0,226,40,14,226,1,0.3060117462515274,False,片仔癀,123.34,2026-09-08,2016-05-26,2026-09-08,,False,False,False,ok,14,0,749574.6062331018,0.0,True,0.06174035507389653,985815.7849491823,892082.7870132087
600438,1000000.0,1062662.9559917026,0.0,1062662.9559917026,62662.95599170262,95716.51250830498,2496.0,285,101,57,285,2,0.14745342408347537,False,通威股份,11.86,2026-09-08,2016-05-05,2026-09-08,,False,False,False,ok,10,0,1062662.9559917026,0.0,True,0.04399343430180101,1087911.3163081524,1031875.9999471286
600439,1000000.0,921557.7257498191,0.0,921557.7257498191,-78442.27425018093,89104.41785018702,5166.0,178,90,47,178,0,0.15137968308078925,False,瑞贝卡,1.96,2026-09-08,2016-05-11,2026-09-08,,False,False,False,ok,7,0,921557.7257498191,0.0,True,0.05178827980855945,966436.1355599519,871322.5402717928
600444,1000000.0,875329.0709260338,0.0,875329.0709260338,-124670.92907396622,56351.48507396998,0.0,155,60,35,155,3,0.15431838324067743,False,国机通用,14.53,2026-09-08,2016-05-26,2026-09-08,,False,False,False,ok,8,0,875329.0709260338,0.0,True,0.02885747809768923,915476.4289535218,872305.974613138
600446,1000000.0,938363.5080578829,0.0,938363.5080578829,-61636.49194211711,49897.47644211996,258.09999999999997,167,53,28,167,2,0.10345601707847812,False,金证股份,11.09,2026-09-08,2016-05-05,2026-09-08,,False,False,False,ok,10,0,938363.5080578829,0.0,True,0.023177303161565778,906761.3384083121,921384.4907163824
600448,1000000.0,710855.4032652396,0.0,710855.4032652396,-289144.59673476045,58897.17073476504,0.0,165,84,35,165,7,0.2914710205731703,False,华纺股份,3.09,2026-09-08,2016-05-26,2026-09-08,,False,False,False,ok,1,0,710855.4032652396,0.0,True,0.03366482411785744,793653.4806207926,769594.4586523982
600449,1000000.0,803505.3216744108,0.0,803505.3216744108,-196494.67832558916,75406.03432559494,7497.0,203,49,42,203,6,0.23168775616326084,False,宁夏建材,12.71,2026-09-08,2016-05-09,2026-09-08,,False,False,False,ok,12,0,803505.3216744108,0.0,True,0.035466965539536835,875002.0747998729,913193.7672294991
600452,1000000.0,878162.8395905468,0.0,878162.8395905468,-121837.16040945321,85872.33840946003,895.0,232,97,42,232,1,0.20544266337138203,False,涪陵电力,9.14,2026-09-08,2016-05-26,2026-09-08,,False,False,False,ok,15,0,878162.8395905468,0.0,True,0.045988580988896285,905317.5268464142,865724.85391099
600455,1000000.0,898177.2643281631,0.0,898177.2643281631,-101822.73567183688,54180.203171839974,0.0,129,44,14,129,2,0.13697390389269806,False,博通股份,25.08,2026-09-08,2015-09-07,2026-09-08,,False,False,False,ok,0,0,898177.2643281631,0.0,True,0.02327599260656871,927454.3863730214,971675.0643163477
600456,1000000.0,893892.9827496201,0.0,893892.9827496201,-106107.0172503799,63569.330250385014,14500.0,188,51,34,188,2,0.18084393761441023,False,宝钛股份,26.85,2026-09-08,2016-05-26,2026-09-08,,False,False,False,ok,12,0,893892.9827496201,0.0,True,0.02992619893958281,937481.2844291423,868155.9819723241
600458,1000000.0,835818.8777502538,0.0,835818.8777502538,-164181.12224974623,45637.344249750015,792.0,131,46,21,131,1,0.17983333921202346,False,时代新材,11.75,2026-09-08,2016-05-26,2026-09-08,,False,False,False,ok,13,0,835818.8777502538,0.0,True,0.021187363108109505,943668.1870732415,908355.7044208619
600459,1000000.0,1000000.0,0.0,1000000.0,0.0,0.0,0.0,0,0,0,0,0,0.0,False,贵研铂业,19.98,2026-09-08,2016-05-10,2026-09-08,,False,False,True,ok,12,0,1000000.0,0.0,True,0.0,1000000.0,1000000.0
600460,1000000.0,1058900.7262337203,0.0,1058900.7262337203,58900.726233720314,87384.76276628503,2500.0,236,73,44,236,2,0.2164221872089751,False,士兰微,30.36,2026-09-08,2016-01-19,2026-09-08,,False,False,False,ok,11,0,1058900.7262337203,0.0,True,0.04609403499754137,1266965.6141658325,1051262.1194358892
600461,1000000.0,917677.3969412133,0.0,917677.3969412133,-82322.60305878671,114840.1075587949,11194.542,206,69,38,206,0,0.20268054269046226,False,洪城环境,8.93,2026-09-08,2016-05-11,2026-09-08,,False,False,False,ok,11,0,917677.3969412133,0.0,True,0.06071978908361486,838986.1883306238,860932.4757366301
600463,1000000.0,782334.3590131938,0.0,782334.3590131938,-217665.64098680625,54628.31098680997,180.8,225,104,40,225,8,0.40212815776088084,False,空港股份,8.63,2026-09-08,2016-05-18,2026-09-08,,False,False,False,ok,6,0,782334.3590131938,0.0,True,0.03476038815776566,618509.2831479424,651367.1822839278
600467,1000000.0,742270.5428172441,0.0,742270.5428172441,-257729.45718275593,53932.19418275997,0.0,134,38,25,134,0,0.2768542998069565,False,XD好当家,2.6,2026-09-08,2016-05-23,2026-09-08,,False,False,False,ok,12,0,742270.5428172441,0.0,True,0.026740547320567194,826535.8636455825,764143.7679410281
600468,1000000.0,821685.6661511295,0.0,821685.6661511295,-178314.33384887048,68559.28934887507,1148.4,218,71,58,218,1,0.23393072626300274,False,百利电气,6.41,2026-09-08,2015-08-24,2026-09-08,,False,False,False,ok,10,0,821685.6661511295,0.0,True,0.03745267224836574,807340.0168472831,854954.0223045683
600469,1000000.0,887429.8646215252,0.0,887429.8646215252,-112570.13537847484,65710.42937848,438.0,166,51,23,166,2,0.17877214057259072,False,风神股份,5.3,2026-09-08,2015-08-27,2026-09-08,,False,False,False,ok,12,0,887429.8646215252,0.0,True,0.02747882923814891,1065677.9483574429,1016263.726452579
600470,1000000.0,977499.8530976184,0.0,977499.8530976184,-22500.14690238156,63031.64140238501,0.0,187,47,32,187,1,0.0956412634820013,False,六国化工,6.65,2026-09-08,2016-05-20,2026-09-08,,False,False,False,ok,2,0,977499.8530976184,0.0,True,0.026504624631231693,964661.5480374913,944809.7428698321
600475,1000000.0,992254.3963704754,0.0,992254.3963704754,-7745.603629524587,72595.74012952989,22940.0,188,67,35,188,0,0.06786697595266132,False,华光环能,15.71,2026-09-08,2016-01-28,2026-09-08,,False,False,False,ok,15,0,992254.3963704754,0.0,True,0.032355596888376734,1042054.8002062829,1018287.9537314393
600476,1000000.0,790761.446574625,0.0,790761.446574625,-209238.55342537502,60933.01042537996,0.0,211,74,50,211,3,0.21469959745633085,False,*ST湘邮,10.14,2026-09-08,2016-05-25,2026-09-08,,False,False,False,ok,0,0,790761.446574625,0.0,True,0.03196587773418517,839570.9401837129,902783.1809972187
600477,1000000.0,924529.1193032248,0.0,924529.1193032248,-75470.88069677516,62459.39869678001,8547.0,157,70,36,157,0,0.0935224378040505,False,杭萧钢构,2.53,2026-09-08,2016-05-19,2026-09-08,,False,False,False,ok,14,0,924529.1193032248,0.0,True,0.031742475818511334,948302.1680663228,943409.795705639
600478,1000000.0,774968.2280786785,0.0,774968.2280786785,-225031.77192132152,49872.852921325066,0.0,153,55,24,153,1,0.22792008785807924,False,科力远,4.82,2026-09-08,2016-05-13,2026-09-08,,False,False,False,ok,3,0,774968.2280786785,0.0,True,0.024131832494610525,858298.3841919224,848935.0176181329
600479,1000000.0,849492.8701645205,0.0,849492.8701645205,-150507.12983547954,79406.70533548502,5280.0,164,61,33,164,2,0.17079894125148087,False,千金药业,14.81,2026-09-08,2016-05-13,2026-09-08,,False,False,False,ok,12,0,849492.8701645205,0.0,True,0.039200738128315635,923655.842893013,910064.4659463591
600480,1000000.0,1000000.0,0.0,1000000.0,0.0,0.0,0.0,0,0,0,0,0,0.0,False,凌云股份,8.34,2026-09-08,2015-11-18,2026-09-08,,False,False,True,ok,14,0,1000000.0,0.0,True,0.0,1000000.0,1000000.0
600481,1000000.0,834336.83987219,0.0,834336.83987219,-165663.16012780997,68142.50412781499,0.0,203,106,45,203,1,0.18007187290035978,False,双良节能,4.37,2026-09-08,2016-03-02,2026-09-08,,False,False,False,ok,11,0,834336.83987219,0.0,True,0.03575698883473617,923727.7525620629,887172.6836774498
600482,1000000.0,750200.1907490164,0.0,750200.1907490164,-249799.80925098364,88409.89225098987,2884.617,232,57,37,232,1,0.30911647480247195,False,中国动力,34.41,2026-09-08,2016-04-26,2026-09-08,,False,False,False,ok,10,0,750200.1907490164,0.0,True,0.047109915337638315,750225.8670704231,757311.8950101094
600483,1000000.0,806761.9219503141,0.0,806761.9219503141,-193238.07804968592,111686.26904969502,0.0,239,95,68,239,0,0.20527678126769225,False,福能股份,11.04,2026-09-08,2016-05-13,2026-09-08,,False,False,False,ok,13,0,806761.9219503141,0.0,True,0.06626216804424521,879066.9159393554,847007.3890520316
600486,1000000.0,969653.3846109617,0.0,969653.3846109617,-30346.615389038343,109524.22738904493,5983.0,236,65,28,236,1,0.1782977901631258,False,扬农化工,58.88,2026-09-08,2016-05-19,2026-09-08,,False,False,False,ok,13,0,969653.3846109617,0.0,True,0.05036902682755042,1137989.8480955728,1003756.580770215
600487,1000000.0,1022602.9143703522,0.0,1022602.9143703522,22602.91437035217,75878.56262965506,3465.0,188,46,28,188,0,0.10112551267157174,False,亨通光电,63.11,2026-09-08,2016-04-27,2026-09-08,,False,False,False,ok,13,0,1022602.9143703522,0.0,True,0.030774930851721487,1024977.9968625141,1037538.8539322803
600488,1000000.0,855260.623625904,0.0,855260.623625904,-144739.37637409603,57907.08037409997,4086.0,131,32,22,131,2,0.20109047198972427,False,津药药业,5.31,2026-09-08,2016-01-26,2026-09-08,,False,False,False,ok,12,0,855260.623625904,0.0,True,0.02703595366887395,880038.9575493524,819851.7738382632
600489,1000000.0,1000000.0,0.0,1000000.0,0.0,0.0,0.0,0,0,0,0,0,0.0,False,中金黄金,25.2,2026-09-08,2016-05-03,2026-09-08,,False,False,True,ok,11,0,1000000.0,0.0,True,0.0,1000000.0,1000000.0
600490,1000000.0,916896.4452073473,0.0,916896.4452073473,-83103.55479265272,53311.55979265497,2557.9,179,76,51,179,2,0.1444307006246965,False,鹏欣资源,7.52,2026-09-08,2015-01-12,2026-09-08,,False,False,False,ok,2,0,916896.4452073473,0.0,True,0.042994017496033446,944139.5111061018,918347.9238069274
600491,1000000.0,692685.2952296156,0.0,692685.2952296156,-307314.70477038436,87160.31677039,5494.0,239,116,52,239,2,0.34061005856883475,False,ST龙元,1.65,2026-09-08,2016-05-10,2026-09-08,,False,False,False,ok,8,0,692685.2952296156,0.0,True,0.05018792796309223,773785.4326349128,816751.4081713387
600493,1000000.0,978197.3221648529,0.0,978197.3221648529,-21802.67783514713,48436.29833515,2821.4,122,32,20,122,2,0.10546496732545202,False,凤竹纺织,6.48,2026-09-08,2016-05-26,2026-09-08,,False,False,False,ok,12,0,978197.3221648529,0.0,True,0.019741198730772846,968353.2205234518,919644.3416626474
600495,1000000.0,873692.4883324595,0.0,873692.4883324595,-126307.51166754053,56750.133167545035,713.0,125,38,26,125,0,0.1866504141808603,False,晋西车轴,4.17,2026-09-08,2016-05-26,2026-09-08,,False,False,False,ok,11,0,873692.4883324595,0.0,True,0.023224235947799383,1015908.8057017722,982383.6141270534
600496,1000000.0,905377.0939857288,0.0,905377.0939857288,-94622.9060142712,59321.213514274954,0.0,139,66,31,139,0,0.1876655270560775,False,精工钢构,3.37,2026-09-08,2016-05-11,2026-09-08,,False,False,False,ok,11,0,905377.0939857288,0.0,True,0.030820636282395328,853080.0042070824,866553.4753192279
600497,1000000.0,866794.8945305734,0.0,866794.8945305734,-133205.1054694266,52336.567969429976,0.0,137,36,18,137,0,0.1631385143538781,False,驰宏锌锗,10.04,2026-09-08,2016-04-13,2026-09-08,,False,False,False,ok,12,0,866794.8945305734,0.0,True,0.02124112290678427,972710.6628307224,941084.3736125331
600498,1000000.0,783499.7133126841,0.0,783499.7133126841,-216500.2866873159,63805.73968732003,4466.0,195,46,26,195,4,0.2831314065816507,False,烽火通信,40.24,2026-09-08,2016-05-26,2026-09-08,,False,False,False,ok,12,0,783499.7133126841,0.0,True,0.03149916274222554,808491.1134307233,773230.9099508789
600499,1000000.0,938414.6497477646,0.0,938414.6497477646,-61585.350252235425,69593.66825223996,16154.999999999998,207,53,36,207,0,0.15282492035886813,False,科达制造,14.64,2026-09-08,2016-04-26,2026-09-08,,False,False,False,ok,10,0,938414.6497477646,0.0,True,0.032006363467103054,982258.3817045719,927105.3853112787
600500,1000000.0,818591.3650951724,0.0,818591.3650951724,-181408.63490482757,59188.77840483,11264.0,134,51,20,134,2,0.2088191900568339,False,中化国际,5.81,2026-09-08,2016-04-11,2026-09-08,,False,False,False,ok,9,0,818591.3650951724,0.0,True,0.027464278477552888,961003.8715240712,890642.363005992
600501,1000000.0,817636.3682004815,0.0,817636.3682004815,-182363.63179951848,61647.61929952502,0.0,201,75,21,201,2,0.205902791243554,False,航天晨光,15.15,2026-09-08,2016-05-26,2026-09-08,,False,False,False,ok,5,0,817636.3682004815,0.0,True,0.02838257945297085,871668.2633520334,840886.4880257846
600502,1000000.0,852274.3912750096,0.0,852274.3912750096,-147725.6087249904,69564.92972499493,11450.0,160,60,33,160,0,0.1743296287238456,False,安徽建工,4.46,2026-09-08,2016-05-17,2026-09-08,,False,False,False,ok,14,0,852274.3912750096,0.0,True,0.03429697433922558,875497.564547122,910211.3989527837
600503,1000000.0,784638.7818198437,0.0,784638.7818198437,-215361.2181801563,49495.056180160005,524.0,146,56,27,146,1,0.228842014473537,False,华丽家族,2.27,2026-09-08,2016-05-26,2026-09-08,,False,False,False,ok,9,0,784638.7818198437,0.0,True,0.024485527074502626,834085.9860912818,798029.7328003729
600505,1000000.0,824514.6557349358,0.0,824514.6557349358,-175485.34426506422,67681.73776507002,2220.2,214,98,52,214,2,0.21262811009468327,False,西昌电力,10.65,2026-09-08,2016-05-26,2026-09-08,,False,False,False,ok,12,0,824514.6557349358,0.0,True,0.03707765084904222,859642.3897797934,860209.3627709192
600506,1000000.0,761683.6304316543,0.0,761683.6304316543,-238316.36956834572,60555.67806835001,0.0,223,84,37,223,3,0.2571187677080366,False,统一股份,17.56,2026-09-08,2016-01-26,2026-09-08,,False,False,False,ok,1,0,761683.6304316543,0.0,True,0.03262489905186614,835251.2409973615,858755.5806267528
600507,1000000.0,958110.2448794534,0.0,958110.2448794534,-41889.75512054656,104949.38362055505,2422.2000000000003,216,86,36,216,1,0.17767745585150288,False,方大特钢,4.29,2026-09-08,2016-05-26,2026-09-08,,False,False,False,ok,11,0,958110.2448794534,0.0,True,0.043755504830631585,1105313.381299095,986915.361195102
600508,1000000.0,902557.6984757953,0.0,902557.6984757953,-97442.30152420467,87720.34652420993,24138.5,173,44,21,173,4,0.15702971813189162,False,上海能源,11.49,2026-09-08,2016-05-26,2026-09-08,,False,False,False,ok,12,0,902557.6984757953,0.0,True,0.03903405959391232,930890.8202527114,910027.5117213232
600509,1000000.0,770494.7726840957,0.0,770494.7726840957,-229505.22731590434,73183.45381590996,0.0,209,79,31,209,0,0.23510245724905643,False,天富能源,7.4,2026-09-08,2016-05-05,2026-09-08,,False,False,False,ok,9,0,770494.7726840957,0.0,True,0.03460272861088727,921053.5897506621,895617.1422482637
600510,1000000.0,661490.5249299152,0.0,661490.5249299152,-338509.4750700848,65128.02707009006,0.0,183,61,26,183,2,0.35495010187125076,False,黑牡丹,6.87,2026-09-08,2016-05-12,2026-09-08,,False,False,False,ok,12,0,661490.5249299152,0.0,True,0.031873384146214864,844085.2364148332,668807.751567029
600511,1000000.0,1011182.2445401789,0.0,1011182.2445401789,11182.244540178915,125956.39495983011,18635.6,251,58,32,251,1,0.0927504340103316,False,国药股份,26.92,2026-09-08,2015-11-27,2026-09-08,,False,False,False,ok,12,0,1011182.2445401789,0.0,True,0.05446265276963843,1025175.7435171636,996095.6952126052
600512,1000000.0,678855.9118849282,0.0,678855.9118849282,-321144.08811507176,61462.54911507501,2217.0,146,59,37,146,0,0.33062656091020654,False,腾达建设,2.14,2026-09-08,2016-03-29,2026-09-08,,False,False,False,ok,10,0,678855.9118849282,0.0,True,0.03455449340550135,774699.7188656919,753258.1639202029
600513,1000000.0,810754.4117929391,0.0,810754.4117929391,-189245.58820706094,66593.70970706496,1971.1999999999998,190,59,28,190,2,0.20100087746746362,False,联环药业,15.58,2026-09-08,2016-05-26,2026-09-08,,False,False,False,ok,12,0,810754.4117929391,0.0,True,0.028747550810490047,858872.4631145726,823634.0831450181
600515,1000000.0,967675.9995038832,0.0,967675.9995038832,-32324.000496116816,44233.883996119985,0.0,112,54,27,112,5,0.11448732040661819,False,海南机场,2.87,2026-09-08,2015-04-02,2026-09-08,,False,False,False,ok,2,1,967675.9995038832,0.0,True,0.02340522336582113,967675.9995038832,967675.9995038832
600516,1000000.0,887524.513804974,0.0,887524.513804974,-112475.48619502597,59836.030195030035,23270.0,165,50,30,165,2,0.19091139151638295,False,方大炭素,5.26,2026-09-08,2016-05-24,2026-09-08,,False,False,False,ok,8,0,887524.513804974,0.0,True,0.027865230453129823,942971.7666974426,905954.3275841584
600517,1000000.0,814256.582026188,0.0,814256.582026188,-185743.41797381197,66796.85947381497,1686.4,174,86,35,174,2,0.22024725038214343,False,国网英大,5.09,2026-09-08,2016-05-11,2026-09-08,,False,False,False,ok,12,0,814256.582026188,0.0,True,0.033311414696582865,888398.2956270517,829532.5645561472
600518,1000000.0,468163.9178447741,0.0,468163.9178447741,-531836.0821552259,103326.93515523495,876.0,280,135,80,280,36,0.5652139280192867,False,康美药业,1.45,2026-09-08,2016-04-01,2026-09-08,,False,False,False,ok,5,0,468163.9178447741,0.0,True,0.082704395587841,690629.2480566958,577682.9429551172
600519,1000000.0,894344.6847302576,0.0,894344.6847302576,-105655.3152697424,97730.86626974987,2388.2,230,2,5,230,1,0.17398666614476524,False,贵州茅台,1309.3,2026-09-08,2016-05-26,2026-09-08,,False,False,False,ok,14,0,894344.6847302576,0.0,True,0.050471132769929636,933496.5215835038,895068.7079128704
600520,1000000.0,921383.3892953452,0.0,921383.3892953452,-78616.61070465483,73684.68570465998,0.0,258,120,70,258,4,0.15198463048220653,False,三佳科技,24.57,2026-09-08,2016-05-12,2026-09-08,,False,False,False,ok,0,0,921383.3892953452,0.0,True,0.04198729429016384,858797.5485888514,980511.8506243174
600521,1000000.0,949039.407178574,0.0,949039.407178574,-50960.59282142599,88422.10897143307,4120.0,252,87,51,252,3,0.17235232141137705,True,华海药业,15.89,2026-09-08,2016-05-26,2026-09-08,,False,False,False,ok,11,0,949039.407178574,0.0,True,0.04187634637195957,1010863.5798599959,1042550.8291783521
600522,1000000.0,1011329.0596267949,0.0,1011329.0596267949,11329.059626794886,76461.17487321007,870.0,203,58,28,203,2,0.09389194672566302,False,中天科技,32.51,2026-09-08,2016-05-26,2026-09-08,,False,False,False,ok,12,0,1011329.0596267949,0.0,True,0.031056880561311093,1013542.5942771123,999440.0728170889
600523,1000000.0,1067154.3155357796,0.0,1067154.3155357796,67154.31553577958,64008.403964225035,6276.400000000001,171,52,21,171,2,0.08259658918130444,False,贵航股份,12.12,2026-09-08,2016-05-26,2026-09-08,,False,False,False,ok,12,0,1067154.3155357796,0.0,True,0.025105748929513,1100577.9998770421,1083393.889526984
600525,1000000.0,845644.7489776495,0.0,845644.7489776495,-154355.2510223505,74295.26852235498,0.0,206,82,47,206,5,0.17046282618826336,False,ST长园,5.02,2026-09-08,2016-02-01,2026-09-08,,False,False,False,ok,4,0,845644.7489776495,0.0,True,0.03827899427694798,953169.5664158529,902720.2308757538
600526,1000000.0,820219.8998825997,0.0,820219.8998825997,-179780.1001174003,54613.519617405,0.0,129,46,34,129,1,0.1855535575786481,False,菲达环保,4.75,2026-09-08,2016-04-22,2026-09-08,,False,False,False,ok,5,0,820219.8998825997,0.0,True,0.02497395532095711,908580.8257905429,838680.9679467246
600527,1000000.0,835358.3842786845,0.0,835358.3842786845,-164641.6157213155,65608.69122131995,44581.0,158,65,32,158,4,0.1680386628474342,False,江南高纤,2.33,2026-09-08,2016-05-12,2026-09-08,,False,False,False,ok,12,0,835358.3842786845,0.0,True,0.034238586480848925,890025.0992716227,887385.8861592787
600528,1000000.0,922390.6917397822,0.0,922390.6917397822,-77609.30826021777,108268.76176022485,0.0,187,54,17,187,1,0.1167638623515511,False,中铁工业,7.01,2026-09-08,2016-05-18,2026-09-08,,False,False,False,ok,12,0,922390.6917397822,0.0,True,0.04696860944019656,952079.3974512934,942135.1619336352
600529,1000000.0,874848.7316888082,0.0,874848.7316888082,-125151.26831119182,128544.21281119998,6810.0,271,75,43,271,0,0.22801133326414988,False,山东药玻,18.9,2026-09-08,2016-05-26,2026-09-08,,False,False,False,ok,14,0,874848.7316888082,0.0,True,0.05703661789787709,1066943.2331531444,1032240.5710445753
600530,1000000.0,876760.2184685599,0.0,876760.2184685599,-123239.7815314401,77077.00903144512,0.0,228,101,82,228,9,0.2651605459694945,False,交大昂立,3.95,2026-09-08,2015-07-01,2026-09-08,,False,False,False,ok,5,0,876760.2184685599,0.0,True,0.055647533773282534,870097.0093610229,833756.1286516937
600531,1000000.0,993319.0364269841,0.0,993319.0364269841,-6680.963573015877,59883.26857301998,0.0,178,50,37,178,2,0.10689000096379414,False,豫光金铅,12.92,2026-09-08,2016-05-26,2026-09-08,,False,False,False,ok,12,0,993319.0364269841,0.0,True,0.0255825096566489,935970.5256006528,923849.8674521338
600533,1000000.0,1040315.5462823346,0.0,1040315.5462823346,40315.5462823346,62041.138217669955,0.0,144,55,26,144,0,0.08264326683052439,False,栖霞建设,2.31,2026-09-08,2016-05-20,2026-09-08,,False,False,False,ok,9,0,1040315.5462823346,0.0,True,0.025976532830781475,1011472.025485513,1001140.341869694
600535,1000000.0,1014370.1488474323,0.0,1014370.1488474323,14370.148847432341,96490.32615257498,9456.0,181,52,18,181,0,0.13356551200186775,False,天士力,14.55,2026-09-08,2016-05-24,2026-09-08,,False,False,False,ok,15,0,1014370.1488474323,0.0,True,0.045993610278627535,945520.7126653234,971269.6984970543
600536,1000000.0,895046.41569071,0.0,895046.41569071,-104953.58430929005,66626.64680929507,0.0,241,86,41,241,0,0.16278834883850327,False,中国软件,33.13,2026-09-08,2016-05-24,2026-09-08,,False,False,False,ok,9,0,895046.41569071,0.0,True,0.035267867647585195,980344.3783052729,934486.6140066038
600537,1000000.0,762231.3022906824,0.0,762231.3022906824,-237768.69770931755,53331.00370931995,0.0,189,112,49,189,9,0.24637020431111323,False,*ST亿晶,2.22,2026-09-08,2016-05-09,2026-09-08,,False,False,False,ok,5,0,762231.3022906824,0.0,True,0.0313212796724676,861057.4478539911,804631.3226404217
600538,1000000.0,713604.6441049373,0.0,713604.6441049373,-286395.3558950627,84735.90739506998,0.0,215,153,100,215,4,0.3721602524004034,False,国发股份,5.28,2026-09-08,2016-04-29,2026-09-08,,False,False,False,ok,0,0,713604.6441049373,0.0,True,0.06733887736070727,759768.9123427954,663225.0873034215
600539,1000000.0,764725.7752332899,0.0,764725.7752332899,-235274.22476671007,91107.50226671505,0.0,214,92,61,214,7,0.3296357120718915,False,狮头股份,13.73,2026-09-08,2015-05-20,2026-09-08,,False,False,False,ok,0,0,764725.7752332899,0.0,True,0.05424859741679001,804405.2398717336,740404.8273901591
600540,1000000.0,861209.7022691345,0.0,861209.7022691345,-138790.29773086554,71523.05323087003,0.0,207,97,54,207,7,0.20009578653761723,False,新赛股份,6.55,2026-09-08,2016-02-19,2026-09-08,,False,False,False,ok,1,0,861209.7022691345,0.0,True,0.03481975996423314,1024270.1128503118,970261.9965278532
600543,1000000.0,817782.8594306937,0.0,817782.8594306937,-182217.14056930633,62265.973069309985,0.0,192,72,33,192,4,0.21120545953258404,False,*ST莫高,4.44,2026-09-08,2016-04-18,2026-09-08,,False,False,False,ok,2,0,817782.8594306937,0.0,True,0.03263731891257698,866914.7041838618,838963.0881807324
600545,1000000.0,1015478.2052688637,0.0,1015478.2052688637,15478.205268863705,103296.82623114507,8094.18,233,99,52,233,5,0.19591172437197768,False,卓郎智能,4.13,2026-09-08,2015-11-27,2026-09-08,,False,False,False,ok,5,0,1015478.2052688637,0.0,True,0.05748563424344526,854951.1807782059,936792.2863365926
600546,1000000.0,964132.2607747664,0.0,964132.2607747664,-35867.739225233556,87530.17372523998,22965.0,260,118,75,260,4,0.1358895545543638,False,山煤国际,13.09,2026-09-08,2016-03-18,2026-09-08,,False,False,False,ok,8,0,964132.2607747664,0.0,True,0.046056367909801804,928381.1881841023,1020325.167328959
600547,1000000.0,1046770.2999953454,0.0,1046770.2999953454,46770.29999534541,125545.66350466505,3541.4210000000003,268,80,53,268,4,0.11712135572432819,False,山东黄金,36.01,2026-09-08,2016-04-13,2026-09-08,,False,False,False,ok,16,0,1046770.2999953454,0.0,True,0.060227689800045815,1060772.1005192758,1090367.8667999425
600548,1000000.0,816508.8225002171,0.0,816508.8225002171,-183491.17749978288,153524.45549979497,12004.8,224,94,58,224,2,0.2591337920001621,False,深高速,8.17,2026-09-08,2016-05-26,2026-09-08,,False,False,False,ok,12,0,816508.8225002171,0.0,True,0.08344231559827514,957618.132617097,855029.8503343534
600549,1000000.0,895628.702511648,0.0,895628.702511648,-104371.29748835205,55766.995988355004,3388.0,167,41,19,167,2,0.1592117231660015,False,厦门钨业,49.87,2026-09-08,2016-05-26,2026-09-08,,False,False,False,ok,13,0,895628.702511648,0.0,True,0.025583909903488994,897037.795189462,854002.2047672025
600550,1000000.0,864159.3465612642,0.0,864159.3465612642,-135840.65343873575,57940.81243873999,0.0,194,97,50,194,6,0.23287254682317854,False,保变电气,10.94,2026-09-08,2016-05-20,2026-09-08,,False,False,False,ok,0,0,864159.3465612642,0.0,True,0.03502380477209382,803298.5234583617,822529.7454829229
600551,1000000.0,897442.927983301,0.0,897442.927983301,-102557.072016699,72447.94351670504,3400.0,160,49,28,160,0,0.1877482885333184,False,时代出版,8.25,2026-09-08,2015-11-26,2026-09-08,,False,False,False,ok,14,0,897442.927983301,0.0,True,0.03227819164324813,991034.2675912129,958187.1020913995
600552,1000000.0,1011840.4705737588,0.0,1011840.4705737588,11840.470573758823,52358.331926245024,415.0,171,43,22,171,4,0.10075659181959482,False,凯盛科技,16.8,2026-09-08,2015-12-25,2026-09-08,,False,False,False,ok,8,0,1011840.4705737588,0.0,True,0.020634190847515506,990054.1972300217,986795.9851218126
600556,1000000.0,655568.1260946544,0.0,655568.1260946544,-344431.87390534556,61053.92040535006,160.0,229,114,43,229,7,0.37813279517590115,False,天下秀,4.99,2026-09-08,2015-03-06,2026-09-08,,False,False,False,ok,7,0,655568.1260946544,0.0,True,0.06051930248774755,753780.1417370829,686076.0421256984
600557,1000000.0,815644.2305264714,0.0,815644.2305264714,-184355.7694735286,87246.68997353497,2420.0000000000005,217,64,26,217,2,0.21678331189295227,False,康缘药业,12.63,2026-09-08,2016-05-19,2026-09-08,,False,False,False,ok,8,0,815644.2305264714,0.0,True,0.04071921657651311,841131.7541560237,891628.2020896748
600558,1000000.0,944092.3917121404,0.0,944092.3917121404,-55907.60828785959,56910.52178786499,0.0,131,42,17,131,2,0.13092576759302113,False,大西洋,4.89,2026-09-08,2016-04-28,2026-09-08,,False,False,False,ok,13,0,944092.3917121404,0.0,True,0.023718716848500486,933943.5982393136,984805.459465989
600559,1000000.0,877530.5081830941,0.0,877530.5081830941,-122469.49181690591,76463.19761691095,4075.0,209,91,44,209,10,0.20196238628154314,False,老白干酒,11.77,2026-09-08,2015-08-04,2026-09-08,,False,False,False,ok,12,0,877530.5081830941,0.0,True,0.07208950859191761,898430.3188144959,853101.9296644919
600560,1000000.0,778276.6369279284,0.0,778276.6369279284,-221723.36307207157,53824.54607207501,0.0,159,44,27,159,6,0.2242080645899385,False,XD金自天,11.55,2026-09-08,2016-05-26,2026-09-08,,False,False,False,ok,12,0,778276.6369279284,0.0,True,0.023885617566869483,881290.0545845018,851945.5333954225
600561,1000000.0,995361.5324343903,0.0,995361.5324343903,-4638.467565609724,63458.90506561503,1086.0,147,37,25,147,3,0.07401833991896639,False,江西长运,6.25,2026-09-08,2016-05-26,2026-09-08,,False,False,False,ok,6,0,995361.5324343903,0.0,True,0.02558080017317949,974386.2745125424,1019590.1036418497
600562,1000000.0,859312.809600674,0.0,859312.809600674,-140687.19039932603,50194.514899330046,0.0,134,47,27,134,2,0.17537944199509217,False,国睿科技,29.26,2026-09-08,2016-05-25,2026-09-08,,False,False,False,ok,13,0,859312.809600674,0.0,True,0.026257228120373736,881217.7862789314,865747.2948888426
600563,1000000.0,1057858.389929982,0.0,1057858.389929982,57858.3899299819,77935.07957002496,2070.0,225,46,21,225,0,0.09097665232095033,False,法拉电子,123.4,2026-09-08,2016-05-26,2026-09-08,,False,False,False,ok,12,0,1057858.389929982,0.0,True,0.03756952223217085,1022916.3616515831,949806.4708565146
600566,1000000.0,983073.9164368038,0.0,983073.9164368038,-16926.08356319624,115154.59106320502,58776.0,262,94,51,262,1,0.10725946817993415,False,济川药业,25.86,2026-09-08,2016-05-25,2026-09-08,,False,False,False,ok,12,0,983073.9164368038,0.0,True,0.059027066470742906,1022349.2158319242,987329.9138646703
600567,1000000.0,786714.0584855485,0.0,786714.0584855485,-213285.94151445152,88401.73951446009,10467.1,166,55,30,166,1,0.22724351396098216,False,山鹰国际,1.38,2026-09-08,2016-05-26,2026-09-08,,False,False,False,ok,7,0,786714.0584855485,0.0,True,0.039176594134249204,921311.599833505,825805.5169138715
600568,1000000.0,777281.3134317033,0.0,777281.3134317033,-222718.68656829675,90057.550568305,976.0,236,128,71,236,12,0.3407878424345446,False,ST中珠,2.29,2026-09-08,2015-04-09,2026-09-08,,False,False,False,ok,4,0,777281.3134317033,0.0,True,0.0790249310993089,838492.8792085446,751994.7314080617
600569,1000000.0,893088.6966443157,0.0,893088.6966443157,-106911.30335568427,69116.54085569002,0.0,192,118,54,192,0,0.12473993802991551,False,安阳钢铁,1.88,2026-09-08,2016-05-16,2026-09-08,,False,False,False,ok,4,0,893088.6966443157,0.0,True,0.03505057711914284,969581.4377500633,906343.1821925144
600570,1000000.0,813324.3239731439,0.0,813324.3239731439,-186675.67602685606,65969.98852685999,3064.0,204,40,18,204,2,0.22155697388749745,False,恒生电子,21.43,2026-09-08,2016-05-24,2026-09-08,,False,False,False,ok,12,0,813324.3239731439,0.0,True,0.03070854293903773,896081.630423692,861465.467519013
600571,1000000.0,809369.114076238,0.0,809369.114076238,-190630.885923762,53835.52492376505,329.0,190,79,36,190,5,0.20891196464516973,False,信雅达,11.09,2026-09-08,2016-01-25,2026-09-08,,False,False,False,ok,10,0,809369.114076238,0.0,True,0.026684720500663978,945847.6207874711,866681.2871956222
600572,1000000.0,1000000.0,0.0,1000000.0,0.0,0.0,0.0,0,0,0,0,0,0.0,False,康恩贝,4.46,2026-09-08,2016-05-25,2026-09-08,,False,False,False,error,0,1,1000000.0,0.0,True,0.0,1000000.0,1000000.0
600573,1000000.0,924380.1326938081,0.0,924380.1326938081,-75619.86730619194,70893.873806195,724.4999999999999,182,53,30,182,0,0.15395783231182758,False,惠泉啤酒,10.42,2026-09-08,2016-05-26,2026-09-08,,False,False,False,ok,12,0,924380.1326938081,0.0,True,0.030024832457631802,966800.427533261,962521.6052418874
600575,1000000.0,753066.8340054824,0.0,753066.8340054824,-246933.16599451762,93796.15499452502,21003.0,200,111,55,200,3,0.30438310695286463,False,淮河能源,3.32,2026-09-08,2016-04-06,2026-09-08,,False,False,False,ok,3,0,753066.8340054824,0.0,True,0.0626143890498359,776807.2855238846,748341.8632088966
600576,1000000.0,793319.2213164532,0.0,793319.2213164532,-206680.7786835468,62057.226183549996,0.0,184,100,41,184,5,0.21272460781277902,False,祥源文旅,6.06,2026-09-08,2015-08-21,2026-09-08,,False,False,False,ok,1,0,793319.2213164532,0.0,True,0.03606479611380003,858306.2231604009,861206.8191346516
600577,1000000.0,835154.9783846991,0.0,835154.9783846991,-164845.0216153009,61176.690615305044,12283.0,181,52,44,181,3,0.22413145960068556,False,精达股份,8.09,2026-09-08,2015-07-14,2026-09-08,,False,False,False,ok,16,0,835154.9783846991,0.0,True,0.028841549774845755,905224.330914013,795826.7546029037
600578,1000000.0,794657.0274830961,0.0,794657.0274830961,-205342.9725169039,87855.97051691003,10130.0,180,50,41,180,2,0.3160608595334605,False,XD京能电,5.44,2026-09-08,2016-05-19,2026-09-08,,False,False,False,ok,11,0,794657.0274830961,0.0,True,0.04327932374662349,759707.1386690033,750532.4439571546
600579,1000000.0,756370.6195884272,0.0,756370.6195884272,-243629.38041157275,72236.89791158009,0.0,245,126,69,245,15,0.3271135442513562,False,中化装备,7.21,2026-09-08,2015-10-28,2026-09-08,,False,False,False,ok,0,0,756370.6195884272,0.0,True,0.04457674090647527,819574.0609805046,765490.7807150208
600580,1000000.0,968143.1326241454,0.0,968143.1326241454,-31856.867375854636,73163.26487585997,7509.0,189,53,33,189,1,0.14592103488674737,False,卧龙电驱,28.52,2026-09-08,2016-05-09,2026-09-08,,False,False,False,ok,12,0,968143.1326241454,0.0,True,0.028180265809627465,1039645.3445616227,1033649.6517355342
600581,1000000.0,877247.8329416198,0.0,877247.8329416198,-122752.1670583802,69854.87005838503,0.0,208,114,67,208,4,0.19158492929304172,False,*ST八钢,2.48,2026-09-08,2015-09-23,2026-09-08,,False,False,False,ok,1,0,877247.8329416198,0.0,True,0.03625085951373964,1017025.0594154221,944238.4535818485
600582,1000000.0,952747.8997346063,0.0,952747.8997346063,-47252.10026539373,81208.63626540004,11927.999999999998,162,43,31,162,1,0.12299647680807163,False,天地科技,4.76,2026-09-08,2016-05-26,2026-09-08,,False,False,False,ok,13,0,952747.8997346063,0.0,True,0.036941180757535795,941613.3036932228,954268.2829374892
600583,1000000.0,745962.7455099358,0.0,745962.7455099358,-254037.25449006422,95111.53799006983,0.0,231,86,54,231,1,0.27651745287977114,False,海油工程,6.2,2026-09-08,2016-05-26,2026-09-08,,False,False,False,ok,12,0,745962.7455099358,0.0,True,0.05212419477058383,792737.3813631621,752994.8186934935
600584,1000000.0,745004.8670391585,0.0,745004.8670391585,-254995.13296084153,59753.07346084503,255.0,216,45,25,216,2,0.26487418004517166,False,长电科技,68.6,2026-09-08,2015-11-20,2026-09-08,,False,False,False,ok,11,0,745004.8670391585,0.0,True,0.028052931863835763,921397.407480492,776531.5153201828
600585,1000000.0,928228.0551368243,0.0,928228.0551368243,-71771.94486317574,131548.00736318494,63170.0,231,73,36,231,1,0.24114484088488025,False,海螺水泥,17.92,2026-09-08,2016-05-26,2026-09-08,,False,False,False,ok,13,0,928228.0551368243,0.0,True,0.05861112776419698,1096415.7606262544,1008349.1731805361
600586,1000000.0,809689.9180124544,0.0,809689.9180124544,-190310.0819875456,54713.395487549955,832.5,170,44,29,170,0,0.23340561533992085,False,金晶科技,4.18,2026-09-08,2016-05-26,2026-09-08,,False,False,False,ok,8,0,809689.9180124544,0.0,True,0.02638259101150948,927339.7188347123,830602.4762642535
600587,1000000.0,800588.3186633406,0.0,800588.3186633406,-199411.68133665936,66957.26283666502,5000.0,191,50,36,191,3,0.22880915340358018,False,新华医疗,12.77,2026-09-08,2016-05-26,2026-09-08,,False,False,False,ok,13,0,800588.3186633406,0.0,True,0.034026767657807204,847061.4808725826,808101.7602045387
600588,1000000.0,942711.6745885862,0.0,942711.6745885862,-57288.325411413796,75024.28631141804,3615.0,227,85,48,227,2,0.14192947650576743,False,用友网络,9.96,2026-09-08,2016-05-24,2026-09-08,,False,False,False,ok,9,0,942711.6745885862,0.0,True,0.034629833164169524,993403.6855324847,1025663.1121196708
600589,1000000.0,744164.8082241198,0.0,744164.8082241198,-255835.19177588017,61086.189775885054,726.0,224,122,41,224,23,0.26838703560701516,False,大位科技,8.37,2026-09-08,2016-03-16,2026-09-08,,False,False,False,ok,5,0,744164.8082241198,0.0,True,0.033330936705706665,886938.4807511822,865561.4577477634
600590,1000000.0,883391.5483505337,0.0,883391.5483505337,-116608.4516494663,37304.18764947,1968.0,117,48,24,117,2,0.18774905630064115,False,泰豪科技,8.69,2026-09-08,2015-12-08,2026-09-08,,False,False,False,ok,6,0,883391.5483505337,0.0,True,0.03044839232791281,859936.7979467921,850892.0865552276
600592,1000000.0,972440.1452344697,0.0,972440.1452344697,-27559.854765530326,62148.84226553498,6542.1,193,79,45,193,3,0.14512857391419948,False,龙溪股份,15.29,2026-09-08,2016-03-31,2026-09-08,,False,False,False,ok,13,0,972440.1452344697,0.0,True,0.03049285448478173,902923.7003467825,932852.6101077532
600593,1000000.0,841673.343689103,0.0,841673.343689103,-158326.65631089697,108669.88431090495,0.0,252,194,117,252,16,0.3242365132221668,False,大连圣亚,41.12,2026-09-08,2016-05-10,2026-09-08,,False,False,False,ok,4,0,841673.343689103,0.0,True,0.08557583744802501,916348.1873432964,884204.9927414723
600594,1000000.0,799741.8439165144,0.0,799741.8439165144,-200258.15608348558,60390.21408349003,7470.0,149,39,26,149,0,0.20025815608348557,False,益佰制药,3.91,2026-09-08,2016-05-26,2026-09-08,,False,False,False,ok,8,0,799741.8439165144,0.0,True,0.028477694052930266,873376.874255792,864717.002531183
600595,1000000.0,850932.922922651,0.0,850932.922922651,-149067.07707734895,69767.11557735509,0.0,210,85,41,210,6,0.2364208814387747,False,中孚实业,6.38,2026-09-08,2016-05-18,2026-09-08,,False,False,False,ok,1,0,850932.922922651,0.0,True,0.035629586176621444,934249.0430106419,885657.3275137942
600596,1000000.0,805845.9980113994,0.0,805845.9980113994,-194154.0019886006,62511.014488605,22110.0,196,55,35,196,6,0.2564497782226418,False,新安股份,12.08,2026-09-08,2016-05-06,2026-09-08,,False,False,False,ok,12,0,805845.9980113994,0.0,True,0.029462389112378126,899599.2315956014,799056.455864908
600597,1000000.0,930490.8784686921,0.0,930490.8784686921,-69509.12153130793,95965.86053131499,0.0,176,37,21,176,0,0.14317317090260082,False,光明乳业,7.17,2026-09-08,2016-05-26,2026-09-08,,False,False,False,ok,11,0,930490.8784686921,0.0,True,0.03909701755320211,1001797.1504946529,939664.1534979846
600598,1000000.0,1067152.621902344,0.0,1067152.621902344,67152.62190234405,116622.80459766506,0.0,232,53,39,232,2,0.0736379791064877,False,北大荒,14.06,2026-09-08,2016-05-26,2026-09-08,,False,False,False,ok,12,0,1067152.621902344,0.0,True,0.05153047075686502,992137.8382732141,969417.7815646903
600600,1000000.0,865049.0224665035,0.0,865049.0224665035,-134950.97753349645,106142.02553350503,2058.0,240,57,29,240,0,0.1818307692534577,False,青岛啤酒,51.47,2026-09-08,2016-05-26,2026-09-08,,False,False,False,ok,12,0,865049.0224665035,0.0,True,0.05602083933688135,943592.2038585144,873606.3282976907
600601,1000000.0,901066.5469598725,0.0,901066.5469598725,-98933.45304012753,78046.52204013497,0.0,211,90,47,211,7,0.11978006096561301,False,方正科技,14.48,2026-09-08,2016-05-20,2026-09-08,,False,False,False,ok,4,0,901066.5469598725,0.0,True,0.03684585254620739,928480.107352853,918956.5243004814
600602,1000000.0,859205.417732292,0.0,859205.417732292,-140794.58226770803,64127.53026771499,0.0,200,53,32,200,2,0.14900038519804717,False,云赛智联,17.66,2026-09-08,2016-02-15,2026-09-08,,False,False,False,ok,11,0,859205.417732292,0.0,True,0.0283613877965167,921854.9689743039,962168.1464767209
600603,1000000.0,727351.700187115,0.0,727351.700187115,-272648.299812885,80463.67281289004,0.0,236,112,58,236,6,0.2890985475641232,False,广汇物流,5.0,2026-09-08,2016-03-16,2026-09-08,,False,False,False,ok,5,0,727351.700187115,0.0,True,0.04430331539264339,827842.1819032624,956813.1390177587
600604,1000000.0,861002.61628602,0.0,861002.61628602,-138997.38371397997,63455.26071398499,0.0,189,83,34,189,4,0.15426723989013452,False,市北高新,4.86,2026-09-08,2016-05-26,2026-09-08,,False,False,False,ok,10,0,861002.61628602,0.0,True,0.029915810481526344,907126.5873045527,871584.9833858045
600605,1000000.0,721985.7179275862,0.0,721985.7179275862,-278014.28207241383,70062.56457241996,1813.0,214,102,48,214,5,0.2801666568654707,False,汇通能源,28.16,2026-09-08,2016-05-18,2026-09-08,,False,False,False,ok,12,0,721985.7179275862,0.0,True,0.04270545396489607,796746.5016551637,818988.2463163744
600606,1000000.0,767876.5593488486,0.0,767876.5593488486,-232123.44065115135,68301.66615115505,13600.0,168,76,32,168,0,0.24517174312704873,False,绿地控股,1.35,2026-09-08,2016-05-19,2026-09-08,,False,False,False,ok,7,0,767876.5593488486,0.0,True,0.03761849703210252,840499.6756251422,795649.3809654727
600609,1000000.0,785482.4304070127,0.0,785482.4304070127,-214517.5695929873,74603.82559299495,0.0,229,126,63,229,3,0.2389313119442928,False,金杯汽车,3.44,2026-09-08,2015-12-17,2026-09-08,,False,False,False,ok,1,0,785482.4304070127,0.0,True,0.04356519238353557,905871.085941883,867011.1363942205
600610,1000000.0,719232.6312785698,0.0,719232.6312785698,-280767.3687214302,17622.163221430004,0.0,58,61,33,58,22,0.33709653516943017,False,中毅达,8.93,2026-09-08,2015-01-05,2026-09-08,,False,False,False,ok,0,1,719232.6312785698,0.0,True,0.03801406360481268,719232.6312785698,719232.6312785698
600611,1000000.0,1067239.1303377368,0.0,1067239.1303377368,67239.1303377368,92734.91216226993,3114.2000000000003,181,57,45,181,0,0.10746796574015967,False,大众交通,4.92,2026-09-08,2016-05-26,2026-09-08,,False,False,False,ok,12,0,1067239.1303377368,0.0,True,0.0414591056329211,919579.8452424135,904152.2420636546
600612,1000000.0,799497.4035894785,0.0,799497.4035894785,-200502.59641052154,129109.86391053011,34522.0,268,68,40,268,1,0.21743345732622885,False,老凤祥,34.71,2026-09-08,2016-05-26,2026-09-08,,False,False,False,ok,13,0,799497.4035894785,0.0,True,0.07179096578671547,898129.1096026746,886448.0332213863
600613,1000000.0,1119201.3499681207,0.0,1119201.3499681207,119201.34996812069,61458.33253188499,5820.0,154,66,46,154,4,0.0778487452538422,False,神奇制药,9.91,2026-09-08,2016-05-26,2026-09-08,,False,False,False,ok,9,0,1119201.3499681207,0.0,True,0.02883783136685829,1093084.5883655432,1139617.7274115593
600615,1000000.0,792501.3526144202,0.0,792501.3526144202,-207498.64738557977,67817.59988558496,0.0,210,82,57,210,12,0.20973179689332982,False,鑫源智造,9.78,2026-09-08,2016-05-05,2026-09-08,,False,False,False,ok,2,0,792501.3526144202,0.0,True,0.036871303301033935,877077.689858643,859313.9443607343
600616,1000000.0,795678.0485445249,0.0,795678.0485445249,-204321.95145547506,57829.38145548,624.0,161,62,22,161,0,0.22297307703324992,False,金枫酒业,4.62,2026-09-08,2016-05-26,2026-09-08,,False,False,False,ok,11,0,795678.0485445249,0.0,True,0.02686792271846761,891232.4802821329,792206.5136077439
600617,1000000.0,736846.5135985044,0.0,736846.5135985044,-263153.48640149564,66331.07240149991,0.0,182,75,30,182,2,0.2785839715474559,False,国新能源,3.52,2026-09-08,2016-05-26,2026-09-08,,False,False,False,ok,6,0,736846.5135985044,0.0,True,0.03425930676755335,793013.2807016828,743991.222291809
600618,1000000.0,945534.1379214448,0.0,945534.1379214448,-54465.86207855516,58427.40807855997,5440.0,157,38,26,157,2,0.09667952545953926,False,氯碱化工,10.63,2026-09-08,2016-05-26,2026-09-08,,False,False,False,ok,9,0,945534.1379214448,0.0,True,0.024559212291175102,972021.638296942,947974.192326718
600619,1000000.0,818736.8729871812,0.0,818736.8729871812,-181263.12701281882,71118.94251282496,3257.6,209,99,53,209,4,0.20550867057596134,False,海立股份,13.71,2026-09-08,2016-05-03,2026-09-08,,False,False,False,ok,12,0,818736.8729871812,0.0,True,0.038735991593700836,998995.021059383,904230.212971329
600620,1000000.0,818929.3065356865,0.0,818929.3065356865,-181070.69346431352,77870.08046431998,532.0,200,98,58,200,1,0.19811840447212647,False,天宸股份,4.6,2026-09-08,2016-05-11,2026-09-08,,False,False,False,ok,12,0,818929.3065356865,0.0,True,0.045695341718469146,885998.257064493,891187.3726568808
600621,1000000.0,817073.2442669462,0.0,817073.2442669462,-182926.75573305378,72179.37373305998,0.0,230,91,48,230,5,0.20729444367348543,False,华鑫股份,13.45,2026-09-08,2016-02-26,2026-09-08,,False,False,False,ok,13,0,817073.2442669462,0.0,True,0.0387148053487013,853540.6800177238,872302.7933685303
600622,1000000.0,703078.5168804149,0.0,703078.5168804149,-296921.4831195851,67180.06536959007,3213.0000000000005,227,93,47,227,4,0.31459388291378004,False,光大嘉宝,2.58,2026-09-08,2016-05-26,2026-09-08,,False,False,False,ok,7,0,703078.5168804149,0.0,True,0.03390059532658079,820664.7185723431,728608.2171384544
600623,1000000.0,778778.1311691294,0.0,778778.1311691294,-221221.8688308706,62310.09033087494,3206.0,161,44,26,161,0,0.24674449596798023,False,华谊集团,8.76,2026-09-08,2016-05-26,2026-09-08,,False,False,False,ok,12,0,778778.1311691294,0.0,True,0.03057328894019214,868168.8986380126,786487.5898712386
600624,1000000.0,802067.4552530283,0.0,802067.4552530283,-197932.5447469717,64129.170746975,0.0,185,57,42,185,7,0.2545343366564834,False,ST复华,4.72,2026-09-08,2016-05-16,2026-09-08,,False,False,False,ok,6,0,802067.4552530283,0.0,True,0.03165287632894987,877369.3579566318,827284.4918756722
600626,1000000.0,1000000.0,0.0,1000000.0,0.0,0.0,0.0,0,0,0,0,0,0.0,False,申达股份,3.72,2026-09-08,2016-04-26,2026-09-08,,False,False,False,error,0,0,1000000.0,0.0,True,0.0,1000000.0,1000000.0
600628,1000000.0,782147.5489308705,0.0,782147.5489308705,-217852.4510691295,85906.23606913506,3516.5,197,62,33,197,5,0.2709475279262864,False,新世界,6.59,2026-09-08,2016-05-26,2026-09-08,,False,False,False,ok,12,0,782147.5489308705,0.0,True,0.04305705618046857,834019.0142219327,781975.0488094141
600629,1000000.0,833285.1879499173,0.0,833285.1879499173,-166714.81205008272,89886.52655008998,253.0,232,116,62,232,3,0.25193454711266106,False,华建集团,17.55,2026-09-08,2016-03-25,2026-09-08,,False,False,False,ok,9,0,833285.1879499173,0.0,True,0.04834553973072644,917563.2536329548,869824.1076572106
600630,1000000.0,836465.7283150404,0.0,836465.7283150404,-163534.27168495965,59465.239184965,3239.1,181,86,63,181,5,0.23882357194644283,False,龙头股份,7.19,2026-09-08,2016-05-24,2026-09-08,,False,False,False,ok,6,0,836465.7283150404,0.0,True,0.03261026919645953,808855.1881552826,882400.5655141938
600633,1000000.0,827873.0822756451,0.0,827873.0822756451,-172126.9177243549,62470.32722435997,1912.0,195,49,29,195,5,0.1953103231379948,False,浙数文化,10.69,2026-09-08,2016-03-30,2026-09-08,,False,False,False,ok,14,0,827873.0822756451,0.0,True,0.02829950482972888,873923.4496650825,848624.0970279437
600635,1000000.0,975108.0445090273,0.0,975108.0445090273,-24891.95549097273,85777.45499098001,0.0,199,74,42,199,4,0.12259345694998909,False,大众公用,4.79,2026-09-08,2016-05-25,2026-09-08,,False,False,False,ok,12,0,975108.0445090273,0.0,True,0.0388943873407275,1027267.9611721343,1001005.6657382553
600637,1000000.0,739478.93447156,0.0,739478.93447156,-260521.06552844006,59831.866028445045,2561.0,142,34,17,142,1,0.2734418621593205,False,东方明珠,8.73,2026-09-08,2016-05-13,2026-09-08,,False,False,False,ok,13,0,739478.93447156,0.0,True,0.029269930124506998,815895.2106003528,763436.1495432386
600638,1000000.0,829013.3048664653,0.0,829013.3048664653,-170986.69513353473,67367.07263354007,10185.0,161,62,28,161,3,0.21281438025654578,False,新黄浦,5.1,2026-09-08,2016-05-23,2026-09-08,,False,False,False,ok,11,0,829013.3048664653,0.0,True,0.03469462403423649,877958.4323176339,841393.9780247102
600639,1000000.0,773069.1354252226,0.0,773069.1354252226,-226930.86457477743,96808.60307478509,14421.000000000002,192,51,26,192,2,0.23361870386406128,False,XD浦东金,9.56,2026-09-08,2016-05-26,2026-09-08,,False,False,False,ok,12,0,773069.1354252226,0.0,True,0.04677784531617091,850741.0971676642,806200.9916558858
600640,1000000.0,897867.5688085636,0.0,897867.5688085636,-102132.43119143636,56049.43069144006,1210.0,193,56,40,193,3,0.13052105563797167,False,国脉文化,11.36,2026-09-08,2016-01-06,2026-09-08,,False,False,False,ok,10,0,897867.5688085636,0.0,True,0.025772697519604832,961338.547590742,975804.4920514824
600641,1000000.0,755702.632268905,0.0,755702.632268905,-244297.36773109494,60701.15773109999,3290.3,205,71,32,205,2,0.258446855569619,False,先导基电,30.35,2026-09-08,2016-01-26,2026-09-08,,False,False,False,ok,11,0,755702.632268905,0.0,True,0.03173129168578148,813819.426011564,765157.9878866691
600642,1000000.0,1063716.7369196406,0.0,1063716.7369196406,63716.73691964056,138243.4055803701,8288.0,200,68,44,200,0,0.12774153253959675,False,申能股份,8.52,2026-09-08,2016-05-26,2026-09-08,,False,False,False,ok,12,0,1063716.7369196406,0.0,True,0.06279827659448112,1059507.8433371256,1001534.5753051627
600643,1000000.0,738632.6205617946,0.0,738632.6205617946,-261367.3794382054,76740.86393821005,0.0,161,53,22,161,1,0.26467430227613714,False,爱建集团,4.2,2026-09-08,2016-01-07,2026-09-08,,False,False,False,ok,9,0,738632.6205617946,0.0,True,0.03735254547317988,874198.0191606833,825048.7478125142
600644,1000000.0,899655.9478367607,0.0,899655.9478367607,-100344.05216323934,66413.42566324488,0.0,181,74,41,181,2,0.1728605529948483,False,乐山电力,9.15,2026-09-08,2016-05-26,2026-09-08,,False,False,False,ok,1,0,899655.9478367607,0.0,True,0.03316878099205071,853732.1351767721,927846.3418527091
600645,1000000.0,958503.2887943746,0.0,958503.2887943746,-41496.71120562544,69481.42570562992,0.0,179,54,26,179,2,0.08426460052228102,False,中源协和,18.74,2026-09-08,2015-01-26,2026-09-08,,False,False,False,ok,0,0,958503.2887943746,0.0,True,0.031270426287229564,956791.7263694829,962905.237525929
600648,1000000.0,817561.7806683796,0.0,817561.7806683796,-182438.21933162038,138683.60733162993,37785.579999999994,232,125,76,232,1,0.2158229318945218,False,外高桥,9.37,2026-09-08,2016-05-12,2026-09-08,,False,False,False,ok,12,0,817561.7806683796,0.0,True,0.09246493372779181,904010.7205508145,914725.3592751913
600649,1000000.0,897926.2505254085,0.0,897926.2505254085,-102073.74947459146,104836.96097459999,6204.0,173,54,30,173,2,0.1604388260018332,False,城投控股,4.09,2026-09-08,2015-09-14,2026-09-08,,False,False,False,ok,10,0,897926.2505254085,0.0,True,0.04885165947450637,864022.3614666057,897193.174121582
600650,1000000.0,897006.1009639004,0.0,897006.1009639004,-102993.89903609955,57871.73553610497,4501.6,170,47,34,170,7,0.21271385445494492,False,锦江在线,10.95,2026-09-08,2016-05-26,2026-09-08,,False,False,False,ok,12,0,897006.1009639004,0.0,True,0.028703631582515484,806490.7558857714,842152.6815331425
600651,1000000.0,739350.630303006,0.0,739350.630303006,-260649.36969699396,59381.591697,0.0,196,74,37,196,10,0.27863234679451904,False,飞乐音响,5.58,2026-09-08,2016-03-31,2026-09-08,,False,False,False,ok,4,0,739350.630303006,0.0,True,0.03314869992248745,844072.3620969034,809534.7011597791
600653,1000000.0,782942.1074806643,0.0,782942.1074806643,-217057.89251933573,70348.27901933999,0.0,175,77,29,175,1,0.24025021383035916,False,申华控股,1.78,2026-09-08,2015-08-31,2026-09-08,,False,False,False,ok,0,0,782942.1074806643,0.0,True,0.035883471060083,845803.9599521122,794495.2886982632
600654,1000000.0,827158.1881308086,0.0,827158.1881308086,-172841.81186919136,73689.13186919491,0.0,217,103,45,217,5,0.18132434722147112,False,中安科,3.25,2026-09-08,2015-01-05,2026-09-08,,False,False,False,ok,2,0,827158.1881308086,0.0,True,0.03891382735504132,919517.6276472623,866627.8184215883
600655,1000000.0,849058.9293739303,0.0,849058.9293739303,-150941.07062606968,85961.38262607498,27300.0,182,89,41,182,2,0.18009862341003627,False,豫园股份,4.66,2026-09-08,2015-06-30,2026-09-08,,False,False,False,ok,11,0,849058.9293739303,0.0,True,0.04967405225695849,960391.7219470821,842580.9620389692
600657,1000000.0,822673.3108620169,0.0,822673.3108620169,-177326.68913798314,70678.03713798999,14580.0,208,98,48,208,4,0.2009068780897937,False,信达地产,3.36,2026-09-08,2015-11-25,2026-09-08,,False,False,False,ok,8,0,822673.3108620169,0.0,True,0.0568303094571179,845941.9505506328,826761.8473128395
600658,1000000.0,743479.001831152,0.0,743479.001831152,-256520.998168848,79346.68916885494,0.0,225,99,51,225,4,0.2747061786934862,False,电子城,4.3,2026-09-08,2016-05-26,2026-09-08,,False,False,False,ok,9,0,743479.001831152,0.0,True,0.04553412749998641,847813.7635782942,758164.6798839762
600660,1000000.0,928571.0938025429,0.0,928571.0938025429,-71428.90619745711,117695.12419746489,0.0,234,61,39,234,1,0.11908866698381579,False,福耀玻璃,54.17,2026-09-08,2016-05-26,2026-09-08,,False,False,False,ok,14,0,928571.0938025429,0.0,True,0.056408451332047665,984998.9207430036,963122.8133001799
600661,1000000.0,645898.4964804368,0.0,645898.4964804368,-354101.50351956324,77037.75051957008,0.0,228,103,61,228,5,0.3764248374977911,False,昂立教育,8.91,2026-09-08,2016-05-26,2026-09-08,,False,False,False,ok,2,0,645898.4964804368,0.0,True,0.04630357227072724,821609.8242565145,737392.0667137858
600662,1000000.0,719105.4273621198,0.0,719105.4273621198,-280894.5726378802,70227.01113788498,0.0,171,46,35,171,1,0.2984254152255022,False,外服控股,4.39,2026-09-08,2016-05-11,2026-09-08,,False,False,False,ok,11,0,719105.4273621198,0.0,True,0.03429758664643958,841273.909678563,750525.0502950537
600663,1000000.0,783204.1754348498,0.0,783204.1754348498,-216795.8245651502,107045.18256516002,13519.344,202,62,42,202,1,0.25445405678118466,False,陆家嘴,9.03,2026-09-08,2015-11-17,2026-09-08,,False,False,False,ok,14,0,783204.1754348498,0.0,True,0.058149089594388005,887065.139323765,819342.4856252219
600664,1000000.0,711159.4639159896,0.0,711159.4639159896,-288840.5360840104,69006.810584015,0.0,178,63,34,178,5,0.33395964656448396,False,哈药股份,7.75,2026-09-08,2015-12-30,2026-09-08,,False,False,False,ok,4,0,711159.4639159896,0.0,True,0.03806267398523695,738918.4861860921,767929.180554708
600665,1000000.0,872686.2623067603,0.0,872686.2623067603,-127313.7376932397,75542.83719324502,0.0,171,76,40,171,2,0.22091162717760426,False,天地源,3.67,2026-09-08,2016-05-26,2026-09-08,,False,False,False,ok,9,0,872686.2623067603,0.0,True,0.0390431455240951,883285.5140458032,811525.0491925138
600666,1000000.0,816956.8662614434,0.0,816956.8662614434,-183043.13373855664,46237.306738560015,0.0,136,84,57,136,18,0.3053729809669251,False,奥瑞德,3.52,2026-09-08,2015-01-05,2026-09-08,,False,False,False,ok,2,1,816956.8662614434,0.0,True,0.03950653763431975,790044.9764545624,816956.8662614434
600667,1000000.0,925391.89014994,0.0,925391.89014994,-74608.10985005996,64042.67585006505,1512.0,172,50,30,172,4,0.0970267983074193,False,太极实业,18.59,2026-09-08,2016-05-26,2026-09-08,,False,False,False,ok,11,0,925391.89014994,0.0,True,0.027872584373402093,956120.389409343,955854.2900636195
600668,1000000.0,953700.2299179154,0.0,953700.2299179154,-46299.77008208458,70857.15408208997,17200.0,150,40,18,150,1,0.10002131997780925,False,尖峰集团,7.6,2026-09-08,2016-05-26,2026-09-08,,False,False,False,ok,12,0,953700.2299179154,0.0,True,0.02896045139311947,990052.8438944633,987113.9247366943
600671,1000000.0,709182.2295387794,0.0,709182.2295387794,-290817.77046122064,71770.46046122506,0.0,237,121,70,237,17,0.41457112536324253,False,天目药业,21.8,2026-09-08,2015-04-21,2026-09-08,,False,False,False,ok,0,0,709182.2295387794,0.0,True,0.0645005168733868,682788.0807187627,688232.2102768237
600673,1000000.0,1033996.76073735,0.0,1033996.76073735,33996.76073734998,102645.24326265503,0.0,232,115,90,232,2,0.17782069086798197,False,东阳光,31.18,2026-09-08,2015-03-26,2026-09-08,,False,False,False,ok,5,0,1033996.76073735,0.0,True,0.055250201253747244,1021094.7822283418,973837.2210093378
600674,1000000.0,774573.5177737311,0.0,774573.5177737311,-225426.48222626885,163585.5267262796,25610.0,257,79,41,257,0,0.2331344708697054,False,川投能源,15.69,2026-09-08,2016-05-26,2026-09-08,,False,False,False,ok,12,0,774573.5177737311,0.0,True,0.08645508716654114,885584.1894167557,881309.9186186023
600675,1000000.0,759597.9779476511,0.0,759597.9779476511,-240402.02205234894,86783.26505235503,34771.59999999999,210,96,49,210,1,0.27509074699230546,False,中华企业,2.35,2026-09-08,2015-11-24,2026-09-08,,False,False,False,ok,7,0,759597.9779476511,0.0,True,0.047033530932745704,798563.0778742349,782548.2829824304
600676,1000000.0,703660.3516695126,0.0,703660.3516695126,-296339.6483304874,54734.24983048995,1272.0,147,54,30,147,7,0.3075585456655376,False,交运股份,6.72,2026-09-08,2016-05-26,2026-09-08,,False,False,False,ok,6,0,703660.3516695126,0.0,True,0.02884691506329859,802460.4010294314,763830.9148718172
600678,1000000.0,685493.9673962641,0.0,685493.9673962641,-314506.0326037359,51472.62410373994,0.0,186,89,40,186,13,0.3248503595864975,False,ST金顶,5.91,2026-09-08,2015-11-13,2026-09-08,,False,False,False,ok,0,0,685493.9673962641,0.0,True,0.030698301057223844,814716.8778160119,767704.0230686928
600679,1000000.0,738460.520244168,0.0,738460.520244168,-261539.479755832,91580.70575583997,0.0,236,97,59,236,8,0.2936092068773268,False,XD上海凤,10.32,2026-09-08,2016-05-09,2026-09-08,,False,False,False,ok,4,0,738460.520244168,0.0,True,0.05179511944144676,920410.3833734744,809525.7127884014
600681,1000000.0,929742.0647896223,0.0,929742.0647896223,-70257.93521037768,108536.76121038501,18031.0,198,96,56,198,1,0.1388035520840862,False,百川能源,3.63,2026-09-08,2016-01-14,2026-09-08,,False,False,False,ok,14,0,929742.0647896223,0.0,True,0.057228167810181335,920156.8193157244,911870.255760171
600682,1000000.0,602536.3226527694,0.0,602536.3226527694,-397463.6773472306,77011.08634723502,1746.0,197,80,41,197,8,0.46337804648800407,False,南京新百,5.89,2026-09-08,2015-02-06,2026-09-08,,False,False,False,ok,9,0,602536.3226527694,0.0,True,0.06702759924657907,751611.812126712,705982.1013875984
600683,1000000.0,795605.5777815544,0.0,795605.5777815544,-204394.42221844557,65753.05971845005,0.0,214,102,61,214,8,0.23320118431604273,False,京投发展,10.0,2026-09-08,2016-05-12,2026-09-08,,False,False,False,ok,6,0,795605.5777815544,0.0,True,0.03475425584527007,923248.743328222,878638.5971157232
600684,1000000.0,750771.8873147407,0.0,750771.8873147407,-249228.11268525932,62828.163185264995,2140.0,210,73,48,210,3,0.25329895717673534,False,珠江股份,3.73,2026-09-08,2016-05-26,2026-09-08,,False,False,False,ok,6,0,750771.8873147407,0.0,True,0.03309102619517925,778793.6074310022,823699.7435408486
600685,1000000.0,863438.3161451751,0.0,863438.3161451751,-136561.68385482486,73510.84035482985,0.0,222,69,31,222,6,0.19814069741138043,False,中船防务,27.71,2026-09-08,2015-11-24,2026-09-08,,False,False,False,ok,10,0,863438.3161451751,0.0,True,0.03786975314179273,882699.0634772625,856306.9726751689
600686,1000000.0,819968.0686145904,0.0,819968.0686145904,-180031.93138540955,71600.50238541499,1390.0,244,115,68,244,3,0.2405195451700074,False,金龙汽车,11.19,2026-09-08,2016-05-09,2026-09-08,,False,False,False,ok,11,0,819968.0686145904,0.0,True,0.04134261421008418,775131.8311051927,817526.658357774
600688,1000000.0,754819.7949714545,0.0,754819.7949714545,-245180.20502854546,137823.01202855486,23110.0,226,102,61,226,1,0.2546508241445672,False,上海石化,2.94,2026-09-08,2016-05-26,2026-09-08,,False,False,False,ok,8,0,754819.7949714545,0.0,True,0.07003389617804293,923063.0212895367,878122.0708744572
600689,1000000.0,867161.2678792449,0.0,867161.2678792449,-132838.73212075513,62682.188120760016,256.5,181,64,49,181,7,0.15168378497304222,False,上海三毛,12.76,2026-09-08,2016-05-24,2026-09-08,,False,False,False,ok,5,0,867161.2678792449,0.0,True,0.029248819255936,963136.4045123329,990374.0892191844
600690,1000000.0,914468.0278578319,0.0,914468.0278578319,-85531.97214216809,101263.52714217483,15503.712,217,70,52,217,2,0.19025446594457499,False,海尔智家,21.42,2026-09-08,2016-05-24,2026-09-08,,False,False,False,ok,13,0,914468.0278578319,0.0,True,0.05176376197606027,1057164.5805508734,983874.6357092191
600691,1000000.0,877843.5374705342,0.0,877843.5374705342,-122156.46252946579,64828.91902947001,0.0,173,52,34,173,2,0.1532125155363105,False,潞化科技,3.36,2026-09-08,2016-05-19,2026-09-08,,False,False,False,ok,1,0,877843.5374705342,0.0,True,0.027592713503792284,982639.5226453923,928257.2183052686
600692,1000000.0,844880.9598855476,0.0,844880.9598855476,-155119.04011445236,56519.520614455,484.0,154,58,26,154,1,0.20150030826749918,False,亚通股份,6.76,2026-09-08,2016-05-26,2026-09-08,,False,False,False,ok,1,0,844880.9598855476,0.0,True,0.026272140328410652,856225.5963359722,831570.7419792075
600693,1000000.0,629051.5217422129,0.0,629051.5217422129,-370948.47825778706,108661.02625779509,3590.0,249,157,69,249,5,0.39334030388337515,False,XD东百集,11.52,2026-09-08,2016-05-25,2026-09-08,,False,False,False,ok,9,0,629051.5217422129,0.0,True,0.07353387757203819,800522.0796497348,743495.4027078006
600694,1000000.0,722855.4680364312,0.0,722855.4680364312,-277144.53196356876,94356.64751357555,26908.0,187,45,21,187,1,0.30392432806285447,False,大商股份,14.99,2026-09-08,2016-05-26,2026-09-08,,False,False,False,ok,11,0,722855.4680364312,0.0,True,0.044323046302863496,757366.789878485,762445.1053556906
600697,1000000.0,1025317.8081786693,0.0,1025317.8081786693,25317.808178669307,64387.525821334995,6800.0,130,27,14,130,2,0.080218165337754,False,欧亚集团,11.66,2026-09-08,2016-05-24,2026-09-08,,False,False,False,ok,12,0,1025317.8081786693,0.0,True,0.02445259273452287,965015.2365045329,986584.1189857983
600698,1000000.0,901519.2513191855,0.0,901519.2513191855,-98480.74868081452,70045.62718082011,0.0,229,113,61,229,3,0.17881743675085268,False,湖南天雁,7.62,2026-09-08,2016-05-20,2026-09-08,,False,False,False,ok,0,0,901519.2513191855,0.0,True,0.03814322593840456,886569.6538270831,905215.8066634589
600699,1000000.0,798649.4563665839,0.0,798649.4563665839,-201350.54363341606,60645.31863342008,7254.0,186,45,14,186,1,0.22667163804503496,False,均胜电子,20.09,2026-09-08,2016-05-23,2026-09-08,,False,False,False,ok,10,0,798649.4563665839,0.0,True,0.026345061973848255,958954.5316180219,871759.3226213127
600702,1000000.0,859664.44941647,0.0,859664.44941647,-140335.55058352998,68463.44108353503,4270.0,233,50,27,233,2,0.21613078912117986,False,舍得酒业,36.26,2026-09-08,2016-05-10,2026-09-08,,False,False,False,ok,12,0,859664.44941647,0.0,True,0.03609090462706439,963306.3141051527,809804.871999078
600703,1000000.0,936394.196932809,0.0,936394.196932809,-63605.80306719104,69573.71006719502,0.0,215,58,39,215,1,0.18498697539598627,False,三安光电,12.86,2026-09-08,2016-05-25,2026-09-08,,False,False,False,ok,11,0,936394.196932809,0.0,True,0.030563245480201787,998685.7382932326,943964.4612937135
600704,1000000.0,798628.3775899244,0.0,798628.3775899244,-201371.62241007562,64739.01141008004,26964.0,135,70,26,135,0,0.24240839779481563,False,物产中大,5.01,2026-09-08,2016-05-26,2026-09-08,,False,False,False,ok,13,0,798628.3775899244,0.0,True,0.03266469783345916,886603.3314317527,808156.1985893332
600706,1000000.0,923285.8744799206,0.0,923285.8744799206,-76714.1255200794,78369.60952008501,0.0,218,126,70,218,4,0.22575204643944355,False,曲江文旅,8.89,2026-09-08,2016-05-12,2026-09-08,,False,False,False,ok,2,0,923285.8744799206,0.0,True,0.047373185104164627,853375.1041026127,917796.5688497892
600707,1000000.0,946263.4169611499,0.0,946263.4169611499,-53736.583038850105,78482.56753885499,0.0,224,103,65,224,6,0.16791712264624298,False,彩虹股份,8.61,2026-09-08,2016-05-25,2026-09-08,,False,False,False,ok,1,0,946263.4169611499,0.0,True,0.040516819439218095,1020714.9343061822,991482.8058054284
600708,1000000.0,803606.3542929767,0.0,803606.3542929767,-196393.64570702333,73382.83330702702,9240.0,198,89,27,198,1,0.2251812459659113,False,光明地产,3.14,2026-09-08,2016-05-26,2026-09-08,,False,False,False,ok,10,0,803606.3542929767,0.0,True,0.03510950292884965,949633.8161318402,886034.0150932204
600710,1000000.0,1002038.7446815034,0.0,1002038.7446815034,2038.744681503391,68823.10931849999,0.0,183,70,54,183,1,0.13825818622957006,False,苏美达,10.79,2026-09-08,2015-01-05,2026-09-08,,False,False,False,ok,10,0,1002038.7446815034,0.0,True,0.04103405284731614,913715.1663775716,913284.4756628624
600711,1000000.0,896993.9745473687,0.0,896993.9745473687,-103006.0254526313,54885.977952634945,1915.4,175,57,40,175,4,0.20300684006251743,False,盛屯矿业,11.86,2026-09-08,2016-01-22,2026-09-08,,False,False,False,ok,11,0,896993.9745473687,0.0,True,0.02925823701117744,955978.2631796019,893897.0527401427
600712,1000000.0,839344.004660141,0.0,839344.004660141,-160655.99533985904,69697.07133986498,0.0,225,126,55,225,4,0.2549557021166551,False,南宁百货,6.13,2026-09-08,2016-05-26,2026-09-08,,False,False,False,ok,4,0,839344.004660141,0.0,True,0.04078039901109518,785416.4554645038,801648.2818214698
600713,1000000.0,907401.2050359694,0.0,907401.2050359694,-92598.79496403062,59166.71146403498,0.0,111,29,12,111,0,0.13391358438651974,False,南京医药,5.38,2026-09-08,2016-05-25,2026-09-08,,False,False,False,ok,11,0,907401.2050359694,0.0,True,0.02497062404483839,938164.2704468227,885190.4842736484
600714,1000000.0,999079.7892499298,0.0,999079.7892499298,-920.2107500701677,58824.558250075,0.0,178,68,46,178,4,0.09107986510431801,False,金瑞矿业,22.6,2026-09-08,2016-04-26,2026-09-08,,False,False,False,ok,4,0,999079.7892499298,0.0,True,0.026988823225175918,1019889.311805322,985122.844161583
600715,1000000.0,605313.5213166506,0.0,605313.5213166506,-394686.47868334944,72616.58268335492,0.0,229,137,69,229,12,0.4384236051962649,False,文投控股,1.76,2026-09-08,2015-09-15,2026-09-08,,False,False,False,ok,2,0,605313.5213166506,0.0,True,0.05835818874107695,738192.1153292126,711160.382315519
600716,1000000.0,919494.4231591289,0.0,919494.4231591289,-80505.57684087113,74259.056840875,0.0,161,51,37,161,1,0.11498657968571178,False,凤凰股份,3.77,2026-09-08,2016-05-26,2026-09-08,,False,False,False,ok,5,0,919494.4231591289,0.0,True,0.03318099680366897,984982.6378323216,955641.3073940577
600717,1000000.0,790195.7435946608,0.0,790195.7435946608,-209804.25640533923,63398.315105344,13263.5,110,33,18,110,2,0.24004509452337544,False,天津港,4.36,2026-09-08,2016-05-03,2026-09-08,,False,False,False,ok,12,0,790195.7435946608,0.0,True,0.03105999323099843,811356.4363504591,829248.5162626599
600718,1000000.0,832329.2350825329,0.0,832329.2350825329,-167670.76491746714,58735.568917469944,1368.0,153,30,23,153,0,0.19513341937692424,False,东软集团,8.06,2026-09-08,2016-05-12,2026-09-08,,False,False,False,ok,7,0,832329.2350825329,0.0,True,0.026004728237304615,941834.519000051,910089.0533250213
600719,1000000.0,937452.0207563364,0.0,937452.0207563364,-62547.979243663605,73916.85024366995,0.0,212,95,62,212,3,0.13205066883361974,False,大连热电,7.65,2026-09-08,2016-04-27,2026-09-08,,False,False,False,ok,7,0,937452.0207563364,0.0,True,0.03597062305525955,948945.7721393837,939870.6718593548
600720,1000000.0,1000000.0,0.0,1000000.0,0.0,0.0,0.0,0,0,0,0,0,0.0,False,中交设计,5.3,2026-09-08,2016-05-10,2026-09-08,,False,False,False,error,0,0,1000000.0,0.0,True,0.0,1000000.0,1000000.0
600721,1000000.0,818954.6335016164,0.0,818954.6335016164,-181045.36649838358,75782.15399839004,868.0,230,115,56,230,7,0.20311462601388128,False,百花医药,12.28,2026-09-08,2016-04-27,2026-09-08,,False,False,False,ok,1,0,818954.6335016164,0.0,True,0.042782046208591926,896958.0807100631,941303.0506426803
600722,1000000.0,856842.9303075885,0.0,856842.9303075885,-143157.06969241146,60912.13469241496,0.0,192,84,53,192,6,0.18613950594738032,False,金牛化工,19.77,2026-09-08,2016-05-24,2026-09-08,,False,False,False,ok,0,0,856842.9303075885,0.0,True,0.030728264132818255,942332.2444471729,887455.8890840035
600724,1000000.0,970292.1197284712,0.0,970292.1197284712,-29707.880271528848,81740.37277153488,22845.000000000004,201,96,48,201,1,0.15235899057125643,False,宁波富达,5.28,2026-09-08,2016-01-26,2026-09-08,,False,False,False,ok,10,0,970292.1197284712,0.0,True,0.04479548557555426,888105.2799667831,954112.0966497445
600725,1000000.0,888452.61894668,0.0,888452.61894668,-111547.38105332002,824.94555332,0.0,2,1,1,2,0,0.1376734486772406,False,云维股份,3.4,2026-09-08,2015-04-21,2026-09-08,,False,False,False,ok,0,1,888452.61894668,0.0,True,0.03506688285533207,888452.61894668,888452.61894668
600726,1000000.0,839805.0180186513,0.0,839805.0180186513,-160194.9819813487,80317.45998135503,0.0,205,96,51,205,5,0.22716417015749996,False,华电能源,5.38,2026-09-08,2016-05-11,2026-09-08,,False,False,False,ok,0,0,839805.0180186513,0.0,True,0.0404383261092309,940478.7341253342,835084.2386672657
600727,1000000.0,712569.4343912506,0.0,712569.4343912506,-287430.5656087494,61194.45810875505,0.0,180,67,38,180,0,0.3270443754414562,False,鲁北化工,8.03,2026-09-08,2016-05-04,2026-09-08,,False,False,False,ok,6,0,712569.4343912506,0.0,True,0.03428322653881797,809297.8349156337,749824.3133094547
600728,1000000.0,710285.3593620944,0.0,710285.3593620944,-289714.64063790557,55538.57813791001,499.1,170,54,29,170,2,0.30823885183037486,False,佳都科技,4.7,2026-09-08,2016-05-26,2026-09-08,,False,False,False,ok,8,0,710285.3593620944,0.0,True,0.026572236380859184,818248.5759071627,776472.2570651534
600729,1000000.0,826116.8354419704,0.0,826116.8354419704,-173883.16455802962,88146.74355803494,35201.0,216,76,41,216,3,0.23238016674083975,False,重百集团,19.98,2026-09-08,2016-03-09,2026-09-08,,False,False,False,ok,13,0,826116.8354419704,0.0,True,0.04953652156263931,915575.353804543,872637.8362646243
600730,1000000.0,955663.8110806841,0.0,955663.8110806841,-44336.18891931593,50345.94791931998,0.0,161,47,43,161,5,0.14573364880789128,False,*ST高科,9.56,2026-09-08,2016-05-18,2026-09-08,,False,False,False,ok,6,0,955663.8110806841,0.0,True,0.024317937325738285,895286.5037343219,870558.2607030582
600731,1000000.0,802364.2600813196,0.0,802364.2600813196,-197635.7399186804,67403.55266868505,1076.0,158,66,21,158,4,0.20390445654765985,False,湖南海利,6.11,2026-09-08,2016-05-26,2026-09-08,,False,False,False,ok,3,0,802364.2600813196,0.0,True,0.03260068180639907,881781.2117762923,831747.6426363637
600732,1000000.0,934617.751782915,0.0,934617.751782915,-65382.24821708503,71184.73671708992,0.0,233,87,52,233,5,0.17449065017832766,False,爱旭股份,10.99,2026-09-08,2015-01-05,2026-09-08,,False,False,False,ok,2,0,934617.751782915,0.0,True,0.033592567402695776,972617.5313906827,957661.7277304989
600733,1000000.0,1000000.0,0.0,1000000.0,0.0,0.0,0.0,0,0,0,0,0,0.0,False,北汽蓝谷,4.97,2026-09-08,2015-01-05,2026-09-08,,False,False,False,ok,0,1,1000000.0,0.0,True,0.0,1000000.0,1000000.0
600734,1000000.0,699422.7816512214,0.0,699422.7816512214,-300577.21834877855,32368.440848780017,0.0,127,92,38,127,14,0.3033393251167786,False,*ST实达,1.88,2026-09-08,2015-01-05,2026-09-08,,False,False,False,ok,0,1,699422.7816512214,0.0,True,0.026475419926353938,763840.9194866513,699422.7816512214
600735,1000000.0,868279.8162692013,0.0,868279.8162692013,-131720.18373079866,66827.47323080491,493.2,198,129,94,198,19,0.21430161310184065,False,ST新华锦,5.93,2026-09-08,2015-04-10,2026-09-08,,False,False,False,ok,8,0,868279.8162692013,0.0,True,0.0548656601287999,879016.1768961845,879343.9823981351
600736,1000000.0,1072449.3474351305,0.0,1072449.3474351305,72449.3474351305,99473.0745648749,6576.2,199,52,30,199,0,0.10279218454481526,False,苏州高新,6.79,2026-09-08,2016-03-18,2026-09-08,,False,False,False,ok,11,0,1072449.3474351305,0.0,True,0.03613589120025005,1016442.3404560928,1048765.2634886485
600737,1000000.0,999780.8410099309,0.0,999780.8410099309,-219.15899006905966,100220.54999008008,7880.0,208,63,48,208,1,0.10005315184356169,False,中粮糖业,18.16,2026-09-08,2016-05-05,2026-09-08,,False,False,False,ok,13,0,999780.8410099309,0.0,True,0.042076138939655956,1083219.9268176463,1035642.4401516032
600738,1000000.0,784327.7666511864,0.0,784327.7666511864,-215672.2333488136,82503.92284882012,8930.0,221,124,59,221,2,0.24008190351376263,False,丽尚国潮,4.48,2026-09-08,2016-01-21,2026-09-08,,False,False,False,ok,10,0,784327.7666511864,0.0,True,0.04765667229872895,808289.983093404,814147.8899833453
600739,1000000.0,756610.1870470613,0.0,756610.1870470613,-243389.81295293872,86386.99795294502,0.0,171,58,29,171,3,0.2640287489803809,False,辽宁成大,10.8,2026-09-08,2016-05-17,2026-09-08,,False,False,False,ok,9,0,756610.1870470613,0.0,True,0.043836742770560974,875437.2518580134,807144.1521160802
600740,1000000.0,864681.3712066059,0.0,864681.3712066059,-135318.62879339408,73644.9867934,1812.0,189,63,41,189,4,0.19451001025241302,False,山西焦化,3.97,2026-09-08,2016-05-04,2026-09-08,,False,False,False,ok,8,0,864681.3712066059,0.0,True,0.03120698588812681,956249.1351364327,925542.0074465349
600741,1000000.0,904310.4253792381,0.0,904310.4253792381,-95689.57462076191,100065.92912077012,23300.0,221,50,44,221,0,0.14112392034524718,False,华域汽车,15.5,2026-09-08,2016-05-26,2026-09-08,,False,False,False,ok,12,0,904310.4253792381,0.0,True,0.046168114715438906,1019482.8522350545,1005344.087523995
600742,1000000.0,859987.7099098352,0.0,859987.7099098352,-140012.29009016475,63539.661090170004,0.0,148,41,18,148,1,0.19757008025259865,False,富维股份,7.92,2026-09-08,2016-05-26,2026-09-08,,False,False,False,ok,15,0,859987.7099098352,0.0,True,0.0282577195232414,888352.1465012638,854614.9382286841
600743,1000000.0,1000000.0,0.0,1000000.0,0.0,0.0,0.0,0,0,0,0,0,0.0,False,华远控股,2.21,2026-09-08,2016-05-18,2026-09-08,,False,False,True,ok,7,0,1000000.0,0.0,True,0.0,1000000.0,1000000.0
600744,1000000.0,1056919.9097413945,0.0,1056919.9097413945,56919.909741394455,73381.34525861009,0.0,217,83,41,217,3,0.08191023953484802,False,华银电力,6.26,2026-09-08,2016-05-26,2026-09-08,,False,False,False,ok,0,0,1056919.9097413945,0.0,True,0.03338601743815817,932635.6738958817,948560.5680139175
600745,1000000.0,1002913.4023164196,0.0,1002913.4023164196,2913.4023164196406,77134.77418358496,142.0,233,83,44,233,14,0.20363043943779716,False,*ST闻泰,17.6,2026-09-08,2015-04-16,2026-09-08,,False,False,False,ok,5,0,1002913.4023164196,0.0,True,0.05054421862824453,1140903.4302218428,1036488.6596721238
600746,1000000.0,800468.0340608895,0.0,800468.0340608895,-199531.9659391105,68903.55593911499,0.0,204,80,40,204,5,0.23148002076701585,False,江苏索普,7.45,2026-09-08,2016-05-24,2026-09-08,,False,False,False,ok,7,0,800468.0340608895,0.0,True,0.03488476473235634,891336.827476822,830027.5863615236
600748,1000000.0,801080.0940062179,0.0,801080.0940062179,-198919.9059937821,61661.846493784964,0.0,167,73,40,167,3,0.23925710347403212,False,上实发展,3.99,2026-09-08,2016-05-25,2026-09-08,,False,False,False,ok,11,0,801080.0940062179,0.0,True,0.029186308047310434,907782.8348914813,854411.5936102776
600749,1000000.0,893904.2439131502,0.0,893904.2439131502,-106095.75608684984,72593.12208685491,0.0,210,90,49,210,5,0.15673099600274987,False,西藏旅游,15.77,2026-09-08,2015-09-29,2026-09-08,,False,False,False,ok,0,0,893904.2439131502,0.0,True,0.03901948345034016,941083.6026019328,951612.6760122591
600750,1000000.0,921244.9706962726,0.0,921244.9706962726,-78755.02930372744,103807.73680373513,0.0,205,71,40,205,0,0.19228376856494186,False,华润江中,23.27,2026-09-08,2016-02-23,2026-09-08,,False,False,False,ok,17,0,921244.9706962726,0.0,True,0.05443756506072279,980856.2800338125,946550.010107494
600751,1000000.0,651663.2291558497,0.0,651663.2291558497,-348336.77084415033,50577.570344155065,0.0,187,90,49,187,13,0.3842214094463101,False,海航科技,3.14,2026-09-08,2015-03-25,2026-09-08,,False,False,False,ok,1,0,651663.2291558497,0.0,True,0.05113638604970921,673986.9601849335,640514.785115954
600753,1000000.0,741682.7131606896,0.0,741682.7131606896,-258317.28683931043,71541.84833931502,0.0,250,133,66,250,12,0.3037399914809758,False,ST海钦,11.06,2026-09-08,2015-09-14,2026-09-08,,False,False,False,ok,2,0,741682.7131606896,0.0,True,0.0681974273686286,781452.2088395539,756894.9472935239
600754,1000000.0,777255.826762154,0.0,777255.826762154,-222744.173237846,75672.26823784996,0.0,229,58,30,229,0,0.2778340081040357,False,锦江酒店,19.59,2026-09-08,2016-05-26,2026-09-08,,False,False,False,ok,13,0,777255.826762154,0.0,True,0.04140675312242248,835306.2267614023,784622.7192395879
600755,1000000.0,724153.6952191016,0.0,724153.6952191016,-275846.3047808984,77188.90128090497,2150.0,175,54,25,175,0,0.28273861160307096,False,厦门国贸,5.83,2026-09-08,2016-05-25,2026-09-08,,False,False,False,ok,14,0,724153.6952191016,0.0,True,0.03952633288035772,927143.2780689222,851790.1397261494
600756,1000000.0,850938.852756724,0.0,850938.852756724,-149061.147243276,65138.56824327997,1959.0,191,80,29,191,1,0.23837570062504693,False,浪潮软件,14.29,2026-09-08,2016-05-26,2026-09-08,,False,False,False,ok,7,0,850938.852756724,0.0,True,0.029407325050656314,954496.4888288233,870642.4462044489
600757,1000000.0,886633.8426768507,0.0,886633.8426768507,-113366.15732314927,78808.08532315493,0.0,168,54,29,168,1,0.15719673203997664,False,长江传媒,7.62,2026-09-08,2016-05-26,2026-09-08,,False,False,False,ok,12,0,886633.8426768507,0.0,True,0.04021575502368385,874031.8611706316,867659.639989103
600758,1000000.0,1005715.0842786802,0.0,1005715.0842786802,5715.084278680151,60550.368721325016,0.0,170,51,35,170,1,0.14749296278983456,False,辽宁能源,3.8,2026-09-08,2016-04-29,2026-09-08,,False,False,False,ok,8,0,1005715.0842786802,0.0,True,0.025658334797409692,928871.3314236527,982181.7720995587
600759,1000000.0,824699.4109747558,0.0,824699.4109747558,-175300.58902524423,60099.745025250006,0.0,196,126,57,196,25,0.22894994756596232,False,ST洲际,2.6,2026-09-08,2015-04-07,2026-09-08,,False,False,False,ok,3,0,824699.4109747558,0.0,True,0.03713546318649629,883905.0172951735,823576.5055166942
600760,1000000.0,877018.4774980767,0.0,877018.4774980767,-122981.52250192326,91176.62350193008,1722.5,245,80,37,245,3,0.16484573377918094,False,中航沈飞,48.11,2026-09-08,2016-01-22,2026-09-08,,False,False,False,ok,10,0,877018.4774980767,0.0,True,0.048540084660198726,959695.3971820826,886614.6119322695
600761,1000000.0,931203.0710528272,0.0,931203.0710528272,-68796.92894717283,82819.03464717895,43555.0,206,64,35,206,1,0.1978929695702904,False,安徽合力,16.36,2026-09-08,2016-05-26,2026-09-08,,False,False,False,ok,13,0,931203.0710528272,0.0,True,0.03920235976618212,941847.7791780594,876893.8581751904
600763,1000000.0,1264346.8075225977,0.0,1264346.8075225977,264346.8075225977,84193.83747741001,4236.0,207,28,26,207,0,0.06893305427238927,False,通策医疗,35.14,2026-09-08,2016-04-29,2026-09-08,,False,False,False,ok,5,0,1264346.8075225977,0.0,True,0.032755811002644505,1207619.7988698042,1237039.4372245462
600764,1000000.0,776664.2457573658,0.0,776664.2457573658,-223335.75424263417,80561.79324263998,10038.300000000001,239,81,25,239,2,0.2576279387621924,False,中国海防,18.7,2026-09-08,2015-05-13,2026-09-08,,False,False,False,ok,10,0,776664.2457573658,0.0,True,0.04172116633596122,887879.1997310942,860449.7672619597
600765,1000000.0,906280.8372050251,0.0,906280.8372050251,-93719.16279497487,66478.83629498,1705.1999999999998,182,44,19,182,2,0.16845031348774053,False,中航重机,13.99,2026-09-08,2016-05-12,2026-09-08,,False,False,False,ok,12,0,906280.8372050251,0.0,True,0.02779671970908891,1016446.1439766121,973101.1588299384
600768,1000000.0,951503.5979525787,0.0,951503.5979525787,-48496.40204742132,47539.448547424974,0.0,123,40,22,123,4,0.0965738313779094,False,宁波富邦,15.09,2026-09-08,2015-02-17,2026-09-08,,False,False,False,ok,3,0,951503.5979525787,0.0,True,0.021385675539658172,979069.2930725517,959450.4405816029
600769,1000000.0,909577.8013041789,0.0,909577.8013041789,-90422.1986958211,62141.47669582503,0.0,201,84,47,201,4,0.18559289265316117,False,祥龙电业,16.91,2026-09-08,2016-05-12,2026-09-08,,False,False,False,ok,0,0,909577.8013041789,0.0,True,0.03131779118689554,880452.695937352,915303.4388480284
600770,1000000.0,857912.1108872091,0.0,857912.1108872091,-142087.88911279093,57131.88611279493,0.0,156,59,33,156,0,0.15459437990654842,False,综艺股份,5.9,2026-09-08,2016-05-17,2026-09-08,,False,False,False,ok,0,0,857912.1108872091,0.0,True,0.024868869495610457,962131.9047095323,951736.8938074433
600771,1000000.0,821643.7989236497,0.0,821643.7989236497,-178356.2010763503,79672.63607635492,0.0,230,57,27,230,2,0.20640125071972398,False,广誉远,13.94,2026-09-08,2016-05-19,2026-09-08,,False,False,False,ok,1,0,821643.7989236497,0.0,True,0.038037374840718736,869735.9278664322,818904.331642783
600773,1000000.0,715635.190935598,0.0,715635.190935598,-284364.809064402,53373.568064405095,0.0,190,56,24,190,1,0.30513725326465296,False,西藏城投,10.95,2026-09-08,2015-12-04,2026-09-08,,False,False,False,ok,11,0,715635.190935598,0.0,True,0.02625873999343704,924671.078153922,763008.6361107529
600774,1000000.0,1179619.2881467321,0.0,1179619.2881467321,179619.28814673214,83231.85585327493,0.0,204,90,51,204,2,0.10752165869182069,False,汉商集团,8.1,2026-09-08,2016-04-28,2026-09-08,,False,False,False,ok,6,0,1179619.2881467321,0.0,True,0.03896632598975693,1035551.7476960749,1053452.361968311
600775,1000000.0,825357.8149967192,0.0,825357.8149967192,-174642.18500328076,56154.72550328499,0.0,191,56,38,191,2,0.17503682777336077,False,南京熊猫,9.97,2026-09-08,2016-05-04,2026-09-08,,False,False,False,ok,10,0,825357.8149967192,0.0,True,0.02631734514571607,862058.7419806917,905899.1313630431
600776,1000000.0,908389.3375422647,0.0,908389.3375422647,-91610.66245773528,59478.43745774001,0.0,184,73,30,184,7,0.26676631346866303,False,东方通信,13.33,2026-09-08,2016-05-26,2026-09-08,,False,False,False,ok,12,0,908389.3375422647,0.0,True,0.028144079203948118,890950.1476549327,856210.5171852286
600777,1000000.0,653038.2492672106,0.0,653038.2492672106,-346961.7507327894,78573.71323279504,0.0,236,155,72,236,16,0.35324626412528176,False,新潮能源,4.25,2026-09-08,2015-07-01,2026-09-08,,False,False,False,ok,1,0,653038.2492672106,0.0,True,0.06093692563317103,814150.2226345724,809075.4123266842
600778,1000000.0,836114.3147252151,0.0,836114.3147252151,-163885.68527478492,66095.55227478997,0.0,205,92,44,205,6,0.1830831525113069,False,友好集团,6.04,2026-09-08,2016-05-10,2026-09-08,,False,False,False,ok,1,0,836114.3147252151,0.0,True,0.035897048487978436,863602.8213055225,856221.1794328182
600779,1000000.0,811437.5570901867,0.0,811437.5570901867,-188562.44290981325,84547.49840981988,2728.0,243,73,35,243,7,0.27120258183664625,False,水井坊,27.32,2026-09-08,2016-05-24,2026-09-08,,False,False,False,ok,11,0,811437.5570901867,0.0,True,0.04838218830219767,1015220.2032608028,813888.4708267197
600780,1000000.0,1002226.2875882076,0.0,1002226.2875882076,2226.2875882076332,71906.26291180003,0.0,162,70,37,162,1,0.07362645535264316,False,通宝能源,6.29,2026-09-08,2016-05-26,2026-09-08,,False,False,False,ok,5,0,1002226.2875882076,0.0,True,0.03477595765069147,978616.4709548036,1064221.8243663153
600782,1000000.0,940005.9876827465,0.0,940005.9876827465,-59994.01231725351,88150.15381726003,0.0,210,66,41,210,1,0.19492399781566577,False,新钢股份,2.83,2026-09-08,2016-05-16,2026-09-08,,False,False,False,ok,12,0,940005.9876827465,0.0,True,0.036195622095172124,1029238.2247643524,968337.2153516492
600783,1000000.0,846817.4986013258,0.0,846817.4986013258,-153182.5013986742,57788.98539867998,1080.0,184,78,47,184,1,0.1779689114583945,False,鲁信创投,16.11,2026-09-08,2016-05-26,2026-09-08,,False,False,False,ok,12,0,846817.4986013258,0.0,True,0.03118068309390924,871230.0110197433,902033.8946321947
600784,1000000.0,809588.5253998605,0.0,809588.5253998605,-190411.47460013954,65946.42060014496,0.0,154,41,23,154,1,0.1951514554735561,False,鲁银投资,7.42,2026-09-08,2015-09-18,2026-09-08,,False,False,False,ok,10,0,809588.5253998605,0.0,True,0.030160197575336375,883218.9373275733,915621.7879247246
600785,1000000.0,825820.1304745717,0.0,825820.1304745717,-174179.86952542828,88870.19552543499,1170.0,237,116,68,237,4,0.2526488216984997,False,新华百货,12.2,2026-09-08,2016-05-18,2026-09-08,,False,False,False,ok,7,0,825820.1304745717,0.0,True,0.05303822888783245,810018.578440414,841671.5367936601
600787,1000000.0,843775.3351544096,0.0,843775.3351544096,-156224.66484559036,68852.71284559502,8460.7,163,55,24,163,2,0.19567156386274176,False,中储股份,4.66,2026-09-08,2016-05-26,2026-09-08,,False,False,False,ok,11,0,843775.3351544096,0.0,True,0.031595576045775016,986962.874910672,908470.819814783
600789,1000000.0,748854.1475164228,0.0,748854.1475164228,-251145.8524835772,87273.34698358498,2831.0,244,123,57,244,6,0.26086272377089487,False,鲁抗医药,7.8,2026-09-08,2016-05-13,2026-09-08,,False,False,False,ok,11,0,748854.1475164228,0.0,True,0.04894810921585353,859381.2425228248,847502.9131108908
600790,1000000.0,909936.7581306688,0.0,909936.7581306688,-90063.24186933122,100154.98256933896,16853.0,151,39,31,151,0,0.10339789341819104,False,轻纺城,3.47,2026-09-08,2016-05-26,2026-09-08,,False,False,False,ok,12,0,909936.7581306688,0.0,True,0.04205251951735075,950439.5925279201,996267.548005247
600791,1000000.0,814353.896088294,0.0,814353.896088294,-185646.103911706,60865.31591171001,213.0,184,85,37,184,2,0.24514489825978916,False,京能置业,7.99,2026-09-08,2016-05-26,2026-09-08,,False,False,False,ok,8,0,814353.896088294,0.0,True,0.0276338375844779,972898.2165111918,872745.4121621033
600792,1000000.0,962965.6107212462,0.0,962965.6107212462,-37034.38927875378,73079.02377875999,0.0,205,88,45,205,0,0.1532881426254424,False,云煤能源,4.47,2026-09-08,2016-05-19,2026-09-08,,False,False,False,ok,1,0,962965.6107212462,0.0,True,0.03392912933290916,985786.0099166833,1031883.9182326194
600793,1000000.0,712418.8342429145,0.0,712418.8342429145,-287581.16575708555,63949.57775709003,0.0,219,101,59,219,5,0.3072066181444706,False,宜宾纸业,15.81,2026-09-08,2016-04-29,2026-09-08,,False,False,False,ok,1,0,712418.8342429145,0.0,True,0.04215528587764999,759332.9585203927,754004.9155588483
600794,1000000.0,761004.9771856203,0.0,761004.9771856203,-238995.02281437966,69283.13881438503,2323.2,169,74,42,169,4,0.24568566158991403,False,保税科技,3.33,2026-09-08,2015-12-07,2026-09-08,,False,False,False,ok,11,0,761004.9771856203,0.0,True,0.03626771434653693,831404.9503365336,779432.1990828844
600795,1000000.0,972958.6936505751,0.0,972958.6936505751,-27041.306349424878,132607.4193494349,36049.0,224,116,64,224,0,0.23225981447510868,False,国电电力,5.26,2026-09-08,2016-02-24,2026-09-08,,False,False,False,ok,14,0,972958.6936505751,0.0,True,0.09289076178304369,866176.080611105,911035.3422166471
600796,1000000.0,748684.7920826685,0.0,748684.7920826685,-251315.20791733149,50917.057417334974,0.0,144,54,35,144,1,0.2546631732260278,False,钱江生化,5.4,2026-09-08,2015-06-10,2026-09-08,,False,False,False,ok,7,0,748684.7920826685,0.0,True,0.027920937804716554,827490.9892401017,774979.9015272376
600797,1000000.0,914982.0264976834,0.0,914982.0264976834,-85017.97350231663,45411.72850232,3057.0,131,45,22,131,3,0.13483305728692246,False,浙大网新,6.92,2026-09-08,2016-02-26,2026-09-08,,False,False,False,ok,9,0,914982.0264976834,0.0,True,0.019551845325860188,1014463.9139434118,946110.331047893
600798,1000000.0,769489.5699743645,0.0,769489.5699743645,-230510.43002563552,67451.73652564005,3560.0,184,78,55,184,3,0.24746126723478162,False,宁波海运,3.47,2026-09-08,2016-01-11,2026-09-08,,False,False,False,ok,12,0,769489.5699743645,0.0,True,0.035635908520288376,881728.2472676819,845604.2549631379
600800,1000000.0,934081.6593816816,0.0,934081.6593816816,-65918.34061831841,76228.83511832486,0.0,198,82,43,198,3,0.12644577013076364,False,渤海化学,3.54,2026-09-08,2015-11-16,2026-09-08,,False,False,False,ok,0,0,934081.6593816816,0.0,True,0.03511390060080975,975360.5121216439,936711.9193079807
600801,1000000.0,829894.9566672734,0.0,829894.9566672734,-170105.04333272658,96032.90423273302,18460.0,263,111,60,263,2,0.23205109329503845,False,华新建材,25.01,2026-09-08,2016-05-24,2026-09-08,,False,False,False,ok,13,0,829894.9566672734,0.0,True,0.052546979835635846,906871.165578265,867781.9293682864
600802,1000000.0,936641.7211057453,0.0,936641.7211057453,-63358.278894254705,69449.36889426003,5312.0,167,62,39,167,0,0.12600423630960852,False,福建水泥,5.2,2026-09-08,2016-05-26,2026-09-08,,False,False,False,ok,6,0,936641.7211057453,0.0,True,0.02930973731882644,1049570.7233001532,977699.4202693093
600803,1000000.0,1000000.0,0.0,1000000.0,0.0,0.0,0.0,0,0,0,0,0,0.0,False,新奥股份,18.96,2026-09-08,2016-02-25,2026-09-08,,False,False,True,ok,13,0,1000000.0,0.0,True,0.0,1000000.0,1000000.0
600805,1000000.0,841528.4469249104,0.0,841528.4469249104,-158471.55307508959,62508.73557509503,0.0,149,39,23,149,1,0.22685320615390633,False,悦达投资,4.68,2026-09-08,2016-05-26,2026-09-08,,False,False,False,ok,7,0,841528.4469249104,0.0,True,0.027535029878595074,885167.4972461029,838473.6998084444
600807,1000000.0,729955.8581734801,0.0,729955.8581734801,-270044.14182651986,74387.00982652497,0.0,258,155,94,258,24,0.3122508012700277,False,济高发展,2.76,2026-09-08,2015-04-23,2026-09-08,,False,False,False,ok,1,0,729955.8581734801,0.0,True,0.0563745991371933,815026.1797906519,746775.7617733787
600808,1000000.0,748441.3454987304,0.0,748441.3454987304,-251558.65450126957,89737.03400127504,39393.0,207,100,50,207,0,0.2783420561574816,False,马钢股份,2.64,2026-09-08,2016-05-26,2026-09-08,,False,False,False,ok,7,0,748441.3454987304,0.0,True,0.04499110802082422,902020.3511661533,824415.0683677194
600809,1000000.0,788610.158371582,0.0,788610.158371582,-211389.84162841795,78428.44412842498,16789.0,216,28,13,216,1,0.2626750271855974,False,山西汾酒,122.2,2026-09-08,2016-05-10,2026-09-08,,False,False,False,ok,12,0,788610.158371582,0.0,True,0.03899935300121142,1016574.2372560629,936158.3312486303
600810,1000000.0,737160.1430628346,0.0,737160.1430628346,-262839.8569371654,80020.31493717004,12383.7,226,139,79,226,3,0.3581815984855772,False,神马股份,6.63,2026-09-08,2016-04-08,2026-09-08,,False,False,False,ok,8,0,737160.1430628346,0.0,True,0.047826150278135034,960893.3349271924,891989.5332665336
600812,1000000.0,777481.1966305459,0.0,777481.1966305459,-222518.8033694541,90408.03586946,1024.624,218,100,35,218,2,0.29542991934202906,False,华北制药,4.87,2026-09-08,2016-05-12,2026-09-08,,False,False,False,ok,10,0,777481.1966305459,0.0,True,0.04264439403642504,997772.9106335328,888900.9932392647
600814,1000000.0,1078355.7173654863,0.0,1078355.7173654863,78355.71736548631,81796.23863451998,13020.5,186,80,29,186,3,0.09866360496667861,False,杭州解百,7.46,2026-09-08,2016-05-13,2026-09-08,,False,False,False,ok,13,0,1078355.7173654863,0.0,True,0.03623446236461884,983524.8835312928,1080711.5961257291
600815,1000000.0,744976.4315685699,0.0,744976.4315685699,-255023.56843143015,73454.43343143497,0.0,192,95,50,192,0,0.2660492011766277,False,厦工股份,4.18,2026-09-08,2016-05-13,2026-09-08,,False,False,False,ok,0,0,744976.4315685699,0.0,True,0.03922761737114141,924131.081125522,850351.224934573
600816,1000000.0,611674.1183459065,0.0,611674.1183459065,-388325.8816540935,88961.75065409983,0.0,254,148,78,254,9,0.41313613390412535,False,建元信托,2.5,2026-09-08,2016-03-07,2026-09-08,,False,False,False,ok,5,0,611674.1183459065,0.0,True,0.05790640615691758,771945.8398548044,698833.4654436455
600817,1000000.0,792387.6198274656,0.0,792387.6198274656,-207612.38017253438,68204.57317254001,0.0,181,85,42,181,5,0.2076123801725344,False,宇通重工,10.04,2026-09-08,2015-01-05,2026-09-08,,False,False,False,ok,8,0,792387.6198274656,0.0,True,0.0388748298742352,865653.4691000434,855942.127675064
600818,1000000.0,692934.8960598751,0.0,692934.8960598751,-307065.10394012486,64754.27694012999,0.0,240,101,62,240,13,0.32720331748648857,False,ST中路,7.72,2026-09-08,2016-01-25,2026-09-08,,False,False,False,ok,4,0,692934.8960598751,0.0,True,0.04137768415179665,826712.0960170836,777952.7444132093
600819,1000000.0,821632.7072022241,0.0,821632.7072022241,-178367.29279777594,62358.28979778001,3392.3999999999996,178,61,26,178,1,0.20454392829282678,False,耀皮玻璃,5.95,2026-09-08,2016-05-26,2026-09-08,,False,False,False,ok,13,0,821632.7072022241,0.0,True,0.028825858925965668,920763.4260995525,860448.3567020525
600820,1000000.0,957806.8786749754,0.0,957806.8786749754,-42193.12132502464,86938.21582503007,9296.0,137,29,20,137,1,0.1385275923454655,False,隧道股份,5.52,2026-09-08,2016-05-26,2026-09-08,,False,False,False,ok,15,0,957806.8786749754,0.0,True,0.03776045100781663,879407.2763638729,872847.9114401233
600821,1000000.0,891351.7452863408,0.0,891351.7452863408,-108648.25471365917,75256.38071366498,7220.0,214,83,47,214,0,0.17295405365314098,False,金开新能,6.28,2026-09-08,2016-02-15,2026-09-08,,False,False,False,ok,5,0,891351.7452863408,0.0,True,0.04085704316746111,898034.8785591226,897442.7060373636
600822,1000000.0,1106000.2433093165,0.0,1106000.2433093165,106000.24330931646,73139.70619069,0.0,207,57,47,207,4,0.08363900792023113,False,上海物贸,8.99,2026-09-08,2015-12-30,2026-09-08,,False,False,False,ok,0,0,1106000.2433093165,0.0,True,0.03129212258011816,954233.2765685023,1040594.4995728601
600824,1000000.0,727125.6096690353,0.0,727125.6096690353,-272874.3903309647,73001.57333097,8281.6,167,78,40,167,0,0.2882545966604619,False,益民集团,3.9,2026-09-08,2016-05-12,2026-09-08,,False,False,False,ok,11,0,727125.6096690353,0.0,True,0.03992504657648266,888787.3187821232,831312.1780950688
600825,1000000.0,695266.3899957505,0.0,695266.3899957505,-304733.6100042495,69044.14400425502,1126.5,211,76,32,211,4,0.3098376175578055,False,新华传媒,5.31,2026-09-08,2016-02-22,2026-09-04,,False,True,False,ok,10,0,695266.3899957505,0.0,True,0.036126534741677194,823744.162290113,801041.3668281339
600826,1000000.0,712648.4158227643,0.0,712648.4158227643,-287351.5841772357,71904.39317724001,11172.0,196,76,45,196,5,0.2947472310006011,False,兰生股份,7.86,2026-09-08,2016-05-11,2026-09-08,,False,False,False,ok,14,0,712648.4158227643,0.0,True,0.04038187576908259,811053.0304151129,763647.5852032334
600827,1000000.0,825435.9777666009,0.0,825435.9777666009,-174564.0222333991,73077.15773340504,3096.0,190,76,33,190,0,0.1916050334056694,False,百联股份,8.05,2026-09-08,2016-05-26,2026-09-08,,False,False,False,ok,11,0,825435.9777666009,0.0,True,0.03946496344494902,846936.2935435432,842115.5184562393
600828,1000000.0,873411.1553612015,0.0,873411.1553612015,-126588.8446387985,92091.90513880493,24460.0,216,77,55,216,4,0.1506193739155774,False,茂业商业,5.04,2026-09-08,2016-05-16,2026-09-08,,False,False,False,ok,11,0,873411.1553612015,0.0,True,0.040719265693092394,947069.4859206341,957190.8081986404
600829,1000000.0,653150.4552349496,0.0,653150.4552349496,-346849.5447650504,77671.58126505499,0.0,214,95,58,214,7,0.3652433638140605,False,人民同泰,10.32,2026-09-08,2015-12-30,2026-09-08,,False,False,False,ok,4,0,653150.4552349496,0.0,True,0.044922871684111645,843162.1318151623,750535.7744308386
600830,1000000.0,911169.6729522441,0.0,911169.6729522441,-88830.32704775594,54645.845547759935,0.0,176,51,31,176,1,0.23140253966687055,False,香溢融通,9.68,2026-09-08,2016-05-26,2026-09-08,,False,False,False,ok,9,0,911169.6729522441,0.0,True,0.02798105639673559,793900.2061008322,836761.6681406881
600831,1000000.0,784335.4209018688,0.0,784335.4209018688,-215664.57909813116,47743.064098135,87.0,150,45,28,150,10,0.23164047545576177,False,广电网络,3.53,2026-09-08,2016-05-24,2026-09-08,,False,False,False,ok,7,0,784335.4209018688,0.0,True,0.023146074515990708,848148.6323223319,850237.5031028284
600833,1000000.0,818395.6928981745,0.0,818395.6928981745,-181604.30710182549,69557.53910182993,2281.5,181,50,24,181,1,0.2232776787574322,False,第一医药,10.85,2026-09-08,2016-05-24,2026-09-08,,False,False,False,ok,12,0,818395.6928981745,0.0,True,0.03247293024172661,844912.7939475828,805574.1931072883
600834,1000000.0,807322.1541424219,0.0,807322.1541424219,-192677.8458575781,87284.07385758506,1515.3999999999999,200,72,52,200,1,0.23665675241161202,False,申通地铁,7.79,2026-09-08,2016-01-21,2026-09-08,,False,False,False,ok,14,0,807322.1541424219,0.0,True,0.044885307156112324,934111.9698047235,808577.8453076545
600835,1000000.0,744152.7330197259,0.0,744152.7330197259,-255847.26698027411,68573.36948027999,9364.000000000002,173,63,17,173,0,0.2561522288876791,False,上海机电,18.56,2026-09-08,2016-05-26,2026-09-08,,False,False,False,ok,14,0,744152.7330197259,0.0,True,0.03431938735709559,828255.0362973937,787314.6583787549
600838,1000000.0,1016932.1509099823,0.0,1016932.1509099823,16932.150909982272,82520.193090025,2425.2,190,50,40,190,1,0.0933463842908033,False,上海九百,8.77,2026-09-08,2016-05-26,2026-09-08,,False,False,False,ok,12,0,1016932.1509099823,0.0,True,0.035786664188602366,946788.9381534838,971653.7866388306
600839,1000000.0,818097.596607741,0.0,818097.596607741,-181902.40339225903,64152.83489226501,976.0,188,74,32,188,2,0.19768299114780427,False,四川长虹,7.0,2026-09-08,2016-05-26,2026-09-08,,False,False,False,ok,10,0,818097.596607741,0.0,True,0.029735780212590598,924649.9785491622,918080.2047309784
600841,1000000.0,904579.8756184399,0.0,904579.8756184399,-95420.12438156013,63427.04588156497,2884.1,180,56,43,180,3,0.13124939192418814,False,动力新科,5.84,2026-09-08,2016-05-11,2026-09-08,,False,False,False,ok,8,0,904579.8756184399,0.0,True,0.02833997475719343,959692.7985767527,1008579.4845068386
600843,1000000.0,850481.4401187785,0.0,850481.4401187785,-149518.5598812215,66433.76438122509,0.0,183,61,32,183,3,0.19411849578767598,False,上工申贝,7.27,2026-09-08,2015-12-14,2026-09-08,,False,False,False,ok,3,0,850481.4401187785,0.0,True,0.030477337401008234,829361.7660575124,875441.7876179832
600844,1000000.0,696087.0977804447,0.0,696087.0977804447,-303912.90221955534,79187.17271956007,0.0,250,127,47,250,7,0.3735288721126407,False,金煤科技,3.82,2026-09-08,2015-12-17,2026-09-08,,False,False,False,ok,0,0,696087.0977804447,0.0,True,0.04506744982941932,797043.7374200425,713369.2787645635
600845,1000000.0,1024141.1840617177,0.0,1024141.1840617177,24141.184061717708,109314.90523828803,17780.0,264,97,68,264,0,0.1291587574786299,False,宝信软件,17.17,2026-09-08,2016-05-24,2026-09-08,,False,False,False,ok,12,0,1024141.1840617177,0.0,True,0.05421098248484867,1125220.4156108333,1073611.2176319314
600846,1000000.0,855346.2237364659,0.0,855346.2237364659,-144653.7762635341,75584.91026353993,0.0,181,47,34,181,1,0.1788390498768223,False,同济科技,11.8,2026-09-08,2016-05-16,2026-09-08,,False,False,False,ok,12,0,855346.2237364659,0.0,True,0.033429516022855044,1002202.6915219331,951384.5583530697
600847,1000000.0,719684.2751538715,0.0,719684.2751538715,-280315.7248461285,69833.152346135,0.0,207,100,57,207,6,0.31698166178420634,False,万里股份,12.85,2026-09-08,2015-08-11,2026-09-08,,False,False,False,ok,0,0,719684.2751538715,0.0,True,0.04079409989806118,756307.5603567243,709439.1009210156
600848,1000000.0,881373.79568678,0.0,881373.79568678,-118626.20431321999,97258.98881322496,0.0,217,67,54,217,3,0.22457511869605734,False,上海临港,8.7,2026-09-08,2015-09-25,2026-09-08,,False,False,False,ok,9,0,881373.79568678,0.0,True,0.04594467479097842,939970.7104737123,911416.6180773983
600850,1000000.0,726493.1558487844,0.0,726493.1558487844,-273506.8441512156,53429.40965122002,2340.0,161,45,24,161,0,0.3044974667548916,False,电科数字,14.48,2026-09-08,2016-01-19,2026-09-08,,False,False,False,ok,13,0,726493.1558487844,0.0,True,0.029300872076367907,774136.3138904527,718134.7731844685
600851,1000000.0,715136.5155984114,0.0,715136.5155984114,-284863.48440158856,66971.70740159498,2664.0,171,66,35,171,4,0.3472415421810789,False,海欣股份,8.58,2026-09-08,2016-05-26,2026-09-08,,False,False,False,ok,12,0,715136.5155984114,0.0,True,0.03417211416837728,898940.0372473142,827663.10466426
600853,1000000.0,1000565.3029163931,0.0,1000565.3029163931,565.3029163931496,76708.33548361302,2263.5,182,97,58,182,9,0.1159782259632293,False,龙建股份,3.44,2026-09-08,2016-05-16,2026-09-08,,False,False,False,ok,13,0,1000565.3029163931,0.0,True,0.03705151637603933,999726.3052822253,1007122.0656824516
600854,1000000.0,1055699.8747956306,0.0,1055699.8747956306,55699.874795630574,61326.383704375054,2650.5,145,60,33,145,1,0.09174787172253883,False,春兰股份,4.81,2026-09-08,2016-05-26,2026-09-08,,False,False,False,ok,9,0,1055699.8747956306,0.0,True,0.027716402350538835,974073.7131736726,989575.135409144
600855,1000000.0,835673.4283881442,0.0,835673.4283881442,-164326.57161185576,56409.10111185998,225.0,178,71,35,178,1,0.1651750089569958,False,航天长峰,13.5,2026-09-08,2015-11-13,2026-09-08,,False,False,False,ok,9,0,835673.4283881442,0.0,True,0.025940267055511865,971904.2791493732,897105.2451788934
600857,1000000.0,880384.6346532506,0.0,880384.6346532506,-119615.36534674943,97347.59734675495,0.0,224,79,57,224,0,0.14549365517201313,False,宁波中百,22.97,2026-09-08,2016-05-23,2026-09-08,,False,False,False,ok,6,0,880384.6346532506,0.0,True,0.04521577224805535,886550.9440265333,902293.38721617
600858,1000000.0,923169.1382822269,0.0,923169.1382822269,-76830.86171777314,82571.90721777997,0.0,189,66,43,189,2,0.16814065580523138,False,银座股份,5.26,2026-09-08,2016-05-26,2026-09-08,,False,False,False,ok,10,0,923169.1382822269,0.0,True,0.036524018881359664,903946.2118930133,879985.9882780807
600859,1000000.0,866857.2528389862,0.0,866857.2528389862,-133142.74716101377,75614.16466101998,0.0,211,86,38,211,1,0.19397660226835622,False,王府井,10.37,2026-09-08,2015-08-03,2026-09-08,,False,False,False,ok,11,0,866857.2528389862,0.0,True,0.038792074322855766,904209.4571634729,845614.261202605
600860,1000000.0,952117.1084470404,0.0,952117.1084470404,-47882.89155295957,75923.81605296498,0.0,226,96,50,226,5,0.1420203217880879,False,京城股份,8.75,2026-09-08,2016-04-25,2026-09-08,,False,False,False,ok,0,0,952117.1084470404,0.0,True,0.035815787325929105,1059205.5988997333,1029356.4381954438
600861,1000000.0,907339.7346843617,0.0,907339.7346843617,-92660.26531563827,83561.60331564498,0.0,203,63,31,203,3,0.12778443981709423,False,北京人力,13.13,2026-09-08,2016-05-11,2026-09-08,,False,False,False,ok,9,0,907339.7346843617,0.0,True,0.03908169116995647,943871.6254010033,895861.9663602248
600862,1000000.0,914027.1576458495,0.0,914027.1576458495,-85972.84235415049,68419.36085415502,2742.9,194,57,29,194,0,0.1767783736723662,False,中航高科,18.57,2026-09-08,2016-05-26,2026-09-08,,False,False,False,ok,8,0,914027.1576458495,0.0,True,0.03147065225393323,1047706.3605016223,932406.2019304634
600863,1000000.0,995803.378098865,0.0,995803.378098865,-4196.62190113496,116354.92040114493,3029.1,213,98,36,213,3,0.14280319358751456,False,华能蒙电,4.84,2026-09-08,2016-04-29,2026-09-08,,False,False,False,ok,12,0,995803.378098865,0.0,True,0.052796526864610976,1047043.8947762747,1135477.8820476616
600864,1000000.0,868276.423936055,0.0,868276.423936055,-131723.57606394496,60695.53806395005,0.0,173,48,21,173,3,0.1951419411100376,False,哈投股份,5.73,2026-09-08,2016-05-26,2026-09-08,,False,False,False,ok,9,0,868276.423936055,0.0,True,0.028077050663280506,874679.5630285025,820685.2384792037
600865,1000000.0,778733.499635664,0.0,778733.499635664,-221266.50036433595,67297.96186433999,2592.0,187,86,43,187,0,0.2347183578357664,False,百大集团,13.74,2026-09-08,2016-05-23,2026-09-08,,False,False,False,ok,8,0,778733.499635664,0.0,True,0.036321056012045765,853976.5018860229,808414.0361603237
600866,1000000.0,733287.1038782464,0.0,733287.1038782464,-266712.8961217536,67988.38462175998,7220.0,196,98,44,196,2,0.27500513104633534,False,星湖科技,4.61,2026-09-08,2016-01-19,2026-09-08,,False,False,False,ok,3,0,733287.1038782464,0.0,True,0.039609655357893285,846974.2750142836,756889.8819130706
600867,1000000.0,814729.2540982976,0.0,814729.2540982976,-185270.74590170244,89808.39390170999,7375.0,210,61,38,210,2,0.2905647013866613,False,通化东宝,8.08,2026-09-08,2016-05-10,2026-09-08,,False,False,False,ok,13,0,814729.2540982976,0.0,True,0.04143647410687588,896267.2248097641,862323.6399116807
600868,1000000.0,684277.7513609114,0.0,684277.7513609114,-315722.2486390886,76237.04763909498,275.4,188,54,27,188,2,0.324587077098042,False,梅雁吉祥,2.89,2026-09-08,2016-05-13,2026-09-08,,False,False,False,ok,7,0,684277.7513609114,0.0,True,0.03655474414915959,798417.736124884,765698.4813651596
600869,1000000.0,874438.8042642794,0.0,874438.8042642794,-125561.19573572057,82239.02973572501,0.0,196,95,47,196,1,0.1990829673443285,False,远东股份,22.66,2026-09-08,2016-05-06,2026-09-08,,False,False,False,ok,5,0,874438.8042642794,0.0,True,0.04390837926974863,932304.8340300531,837829.2839221489
600871,1000000.0,801984.7367317114,0.0,801984.7367317114,-198015.26326828857,89581.78576829504,0.0,195,77,42,195,5,0.2570836876297323,False,石化油服,2.35,2026-09-08,2016-04-12,2026-09-08,,False,False,False,ok,0,0,801984.7367317114,0.0,True,0.04328526385122378,877503.3916321837,855883.8367084794
600872,1000000.0,713488.2539005402,0.0,713488.2539005402,-286511.7460994598,86065.31309946504,1584.0,237,67,41,237,4,0.307185742917484,False,中炬高新,18.56,2026-09-08,2016-05-26,2026-09-08,,False,False,False,ok,11,0,713488.2539005402,0.0,True,0.04807146005760598,820931.1171914332,815883.9876102087
600873,1000000.0,974423.5099303673,0.0,974423.5099303673,-25576.49006963265,100638.75056964,0.0,194,73,27,194,0,0.09482885175731819,False,梅花生物,7.92,2026-09-08,2016-05-26,2026-09-08,,False,False,False,ok,13,0,974423.5099303673,0.0,True,0.04530389874540555,1056780.0077940426,1004987.6652041143
600874,1000000.0,806185.953902076,0.0,806185.953902076,-193814.046097924,70478.94609793008,0.0,140,63,35,140,1,0.2208168426442916,False,创业环保,5.7,2026-09-08,2016-05-17,2026-09-08,,False,False,False,ok,11,0,806185.953902076,0.0,True,0.03786108308399793,867758.2881654243,861385.0565843805
600875,1000000.0,931901.3324127747,0.0,931901.3324127747,-68098.66758722533,67334.27958722996,7187.000000000001,184,62,28,184,2,0.1289049172000744,False,东方电气,24.98,2026-09-08,2016-02-01,2026-09-08,,False,False,False,ok,10,0,931901.3324127747,0.0,True,0.031878965009880196,942351.0212906321,938629.6360039078
600876,1000000.0,944758.5414988241,0.0,944758.5414988241,-55241.45850117586,68193.49200118006,0.0,202,55,32,202,0,0.14611986885688544,False,凯盛新能,7.22,2026-09-08,2015-11-24,2026-09-08,,False,False,False,ok,0,0,944758.5414988241,0.0,True,0.027976180449237407,1033446.0883996821,1031901.2991558982
600877,1000000.0,741679.9541495095,0.0,741679.9541495095,-258320.04585049045,66942.35635049506,0.0,206,81,45,206,0,0.2658923919169086,False,电科芯片,11.9,2026-09-08,2015-05-19,2026-09-08,,False,False,False,ok,0,0,741679.9541495095,0.0,True,0.05271712606691814,865818.8613917835,819491.6254176842
600879,1000000.0,903622.3074771977,0.0,903622.3074771977,-96377.69252280227,62695.785022804994,0.0,152,33,22,152,0,0.12443236310496364,False,航天电子,14.3,2026-09-08,2016-05-26,2026-09-08,,False,False,False,ok,7,0,903622.3074771977,0.0,True,0.025847614092818647,939805.7840996908,888201.7548688713
600880,1000000.0,920413.8314865358,0.0,920413.8314865358,-79586.16851346416,68920.25851346992,510.0,192,76,45,192,2,0.1323523637199777,False,博瑞传播,4.58,2026-09-08,2016-01-18,2026-09-08,,False,False,False,ok,10,0,920413.8314865358,0.0,True,0.03202960865398126,1005074.875750433,984036.1477140241
600881,1000000.0,816731.3348963364,0.0,816731.3348963364,-183268.66510366357,79956.29210367012,0.0,182,87,47,182,1,0.22076060506020592,False,亚泰集团,2.07,2026-09-08,2016-05-26,2026-09-08,,False,False,False,ok,2,0,816731.3348963364,0.0,True,0.04587713800385638,863856.7781697629,852581.7209977149
600882,1000000.0,852615.0632332646,0.0,852615.0632332646,-147384.9367667354,112650.79676674491,0.0,252,92,51,252,0,0.23064341009573283,False,妙可蓝多,20.84,2026-09-08,2016-03-14,2026-09-08,,False,False,False,ok,0,0,852615.0632332646,0.0,True,0.06292979787260736,1029423.9457264768,880949.1253121584
600883,1000000.0,1010615.1960296349,0.0,1010615.1960296349,10615.196029634913,52981.59947036998,0.0,128,42,18,128,0,0.0900475568586092,False,博闻科技,8.43,2026-09-08,2016-05-18,2026-09-08,,False,False,False,ok,12,0,1010615.1960296349,0.0,True,0.024581309048312794,988823.9676937131,1003248.6305969141
600884,1000000.0,981277.7477336806,0.0,981277.7477336806,-18722.252266319352,67282.28476632504,5650.0,214,63,26,214,0,0.10790605801785207,False,杉杉股份,11.62,2026-09-08,2016-05-16,2026-09-08,,False,False,False,ok,10,0,981277.7477336806,0.0,True,0.0282929364805084,970460.2654913026,952262.4258815337
600885,1000000.0,899785.9361479757,0.0,899785.9361479757,-100214.06385202426,73104.16135203005,5518.599999999999,186,52,27,186,1,0.1613548072161346,False,宏发股份,34.66,2026-09-08,2016-05-26,2026-09-08,,False,False,False,ok,12,0,899785.9361479757,0.0,True,0.03500107638496407,927900.8618451032,872927.2065496892
600886,1000000.0,774039.4653008112,0.0,774039.4653008112,-225960.53469918878,141094.24969919992,0.0,245,101,40,245,0,0.24801302256096427,False,国投电力,14.13,2026-09-08,2016-05-26,2026-09-08,,False,False,False,ok,12,0,774039.4653008112,0.0,True,0.08264121952489271,833785.1003613542,843977.2614300612
600887,1000000.0,879697.892997643,0.0,879697.892997643,-120302.10700235702,112570.87550236504,0.0,205,40,26,205,1,0.18136838685798615,False,伊利股份,26.53,2026-09-08,2016-04-21,2026-09-08,,False,False,False,ok,13,0,879697.892997643,0.0,True,0.04817375120831757,1016454.9497652627,911448.0468259907
600888,1000000.0,1000000.0,0.0,1000000.0,0.0,0.0,0.0,0,0,0,0,0,0.0,False,新疆众和,10.09,2026-09-08,2016-03-22,2026-09-08,,False,False,True,ok,11,0,1000000.0,0.0,True,0.0,1000000.0,1000000.0
600889,1000000.0,916816.7056289891,0.0,916816.7056289891,-83183.29437101085,68382.41987101501,414.0,201,82,49,201,4,0.13285318428700943,False,*ST京化,13.75,2026-09-08,2016-04-13,2026-09-08,,False,False,False,ok,5,0,916816.7056289891,0.0,True,0.03160027548104105,1008472.1212410317,944815.4042684684
600892,1000000.0,945387.8189610086,0.0,945387.8189610086,-54612.18103899143,106946.19353899999,0.0,293,160,95,293,7,0.11419135862529119,False,大晟文化,4.91,2026-09-08,2016-02-17,2026-09-08,,False,False,False,ok,1,0,945387.8189610086,0.0,True,0.06042409963698248,1007180.5627137758,1057343.2087669016
600893,1000000.0,812884.3750692367,0.0,812884.3750692367,-187115.62493076327,69470.31793076999,620.8000000000001,189,38,21,189,1,0.24690238973815326,False,航发动力,41.25,2026-09-08,2016-04-12,2026-09-08,,False,False,False,ok,12,0,812884.3750692367,0.0,True,0.03414457538549129,835769.4539038637,819631.4013996145
600894,1000000.0,875025.8635038203,0.0,875025.8635038203,-124974.13649617974,86140.23999618503,23875.0,183,70,18,183,1,0.1370191427916192,False,广日股份,7.48,2026-09-08,2016-05-25,2026-09-08,,False,False,False,ok,14,0,875025.8635038203,0.0,True,0.04065334854584839,950822.6601012917,946369.1638537426
600895,1000000.0,853667.4979473775,0.0,853667.4979473775,-146332.5020526225,94453.04105262988,1543.6000000000001,233,92,52,233,3,0.18125226906875308,False,张江高科,29.79,2026-09-08,2016-05-26,2026-09-08,,False,False,False,ok,14,0,853667.4979473775,0.0,True,0.04707317855246416,989617.8478752049,1010878.9214072402
600897,1000000.0,806944.6827181294,0.0,806944.6827181294,-193055.31728187064,109224.92528187999,7975.299999999999,183,49,33,183,1,0.2394617220446038,False,XD厦门空,15.43,2026-09-08,2016-05-26,2026-09-08,,False,False,False,ok,12,0,806944.6827181294,0.0,True,0.05423034257079874,904569.4243501655,846905.8013445626
600900,1000000.0,1000000.0,0.0,1000000.0,0.0,0.0,0.0,0,0,0,0,0,0.0,False,长江电力,27.87,2026-09-08,2016-05-11,2026-09-08,,False,False,False,error,0,0,1000000.0,0.0,True,0.0,1000000.0,1000000.0
600901,1000000.0,954316.5722669959,0.0,954316.5722669959,-45683.42773300409,73594.62323301002,9581.0,126,42,30,126,0,0.09645909297161365,False,江苏金租,6.8,2026-09-08,2018-03-01,2026-09-08,,True,False,False,ok,10,0,954316.5722669959,0.0,True,0.03685758063814442,990681.2116380518,955309.0152612726
600903,1000000.0,964638.4805004618,0.0,964638.4805004618,-35361.51949953823,82807.94249954495,672.0,189,71,38,189,0,0.0831630428225332,True,贵州燃气,7.25,2026-09-08,2017-11-07,2026-09-08,,True,False,False,ok,10,0,964638.4805004618,0.0,True,0.041570224565187254,982451.8618905826,978689.3606530244
600905,1000000.0,850187.4742118209,0.0,850187.4742118209,-149812.52578817913,70246.018288185,13815.400000000001,98,28,21,98,0,0.16210428693009687,False,三峡能源,3.7,2026-09-08,2021-06-10,2026-09-08,,True,False,False,ok,6,0,850187.4742118209,0.0,True,0.04282761405741389,1000000.0,941193.1402157267
600906,1000000.0,914228.1074877189,0.0,914228.1074877189,-85771.89251228108,28656.005012284983,2208.0,74,15,8,74,1,0.16393048064625435,False,财达证券,6.53,2026-09-08,2021-05-07,2026-09-08,,True,False,False,ok,7,0,914228.1074877189,0.0,True,0.013389817638447297,1000000.0,949582.780107792
600908,1000000.0,930684.590537832,0.0,930684.590537832,-69315.409462168,87823.58846217502,17320.0,155,51,20,155,0,0.13410489976666565,False,无锡银行,5.84,2026-09-08,2016-09-23,2026-09-08,,True,False,False,ok,11,0,930684.590537832,0.0,True,0.04084270825521481,879505.7296896533,968621.1759938402
600909,1000000.0,1000000.0,0.0,1000000.0,0.0,0.0,0.0,0,0,0,0,0,0.0,False,华安证券,8.02,2026-09-08,2016-12-06,2026-09-08,,True,False,True,ok,11,0,1000000.0,0.0,True,0.0,1000000.0,1000000.0
600916,1000000.0,940541.116189003,0.0,940541.116189003,-59458.88381099701,46443.51931099997,11925.0,101,33,12,101,0,0.09826901424171701,False,中国黄金,7.98,2026-09-08,2021-02-05,2026-09-08,,True,False,False,ok,6,0,940541.116189003,0.0,True,0.023339262123064246,1000000.0,1012216.5481655662
600917,1000000.0,756750.2712792268,0.0,756750.2712792268,-243249.72872077324,104688.58622078004,18088.6,198,79,50,198,0,0.273189980154824,False,重庆燃气,5.02,2026-09-08,2016-05-19,2026-09-08,,False,False,False,ok,14,0,756750.2712792268,0.0,True,0.058104684088093494,860277.0456142429,815042.8202231148
600918,1000000.0,821975.6384787187,0.0,821975.6384787187,-178024.3615212813,48821.738521285006,0.0,102,27,12,102,0,0.24145111231186683,False,中泰证券,5.6,2026-09-08,2020-06-03,2026-09-08,,True,False,False,ok,7,0,821975.6384787187,0.0,True,0.024177459944919953,983354.07536247,892132.3076984764
600919,1000000.0,1000000.0,0.0,1000000.0,0.0,0.0,0.0,0,0,0,0,0,0.0,False,江苏银行,12.26,2026-09-08,2016-08-02,2026-09-08,,False,False,True,ok,12,0,1000000.0,0.0,True,0.0,1000000.0,1000000.0
600925,1000000.0,937013.2517640877,0.0,937013.2517640877,-62986.748235912295,32467.724735915006,0.0,47,9,5,47,0,0.08057472289624353,False,苏能股份,4.24,2026-09-08,2023-03-29,2026-09-08,,True,False,False,ok,4,0,937013.2517640877,0.0,True,0.018359497319337392,1000000.0,1000000.0
600926,1000000.0,728030.8007714326,0.0,728030.8007714326,-271969.1992285674,107029.48722857509,7279.999999999999,200,82,37,200,0,0.28939775726008893,False,杭州银行,17.2,2026-09-08,2016-10-27,2026-09-08,,True,False,False,ok,12,0,728030.8007714326,0.0,True,0.0604987888756859,892584.0559513948,782959.2413401356
600927,1000000.0,926241.7932198133,0.0,926241.7932198133,-73758.20678018674,28224.97278018998,0.0,62,12,5,62,0,0.11346812576912806,False,永安期货,12.78,2026-09-08,2021-12-23,2026-09-08,,True,False,False,ok,8,0,926241.7932198133,0.0,True,0.012825039478085092,1000000.0,961660.774346782
600928,1000000.0,786520.708648836,0.0,786520.708648836,-213479.291351164,69721.84735116998,30172.0,118,40,14,118,0,0.2141111989317641,False,西安银行,3.61,2026-09-08,2019-03-01,2026-09-08,,True,False,False,ok,8,0,786520.708648836,0.0,True,0.035055679782108974,889273.0972180025,827059.760835754
600929,1000000.0,654260.2962978174,37100.0,878344.2962978174,-121655.70370218263,42334.149702184994,0.0,104,24,16,103,0,0.16500037129529252,False,雪天盐业,6.04,2026-09-08,2018-03-26,2026-08-28,,True,True,False,ok,9,0,654260.2962978174,224084.0,False,0.01920745440052893,922397.0899160507,874439.1677240471
600930,1000000.0,991458.1304664304,0.0,991458.1304664304,-8541.869533569552,1926.28053357,0.0,6,3,0,6,0,0.01154598253882758,False,华电新能,3.96,2026-09-08,2025-07-16,2026-09-08,,True,False,False,ok,1,0,991458.1304664304,0.0,True,0.001085775965156819,1000000.0,1000000.0
600933,1000000.0,1021520.6549945388,0.0,1021520.6549945388,21520.654994538752,62368.01200546505,0.0,180,59,27,180,0,0.07723531307389805,False,爱柯迪,13.53,2026-09-08,2017-11-17,2026-09-08,,True,False,False,ok,9,0,1021520.6549945388,0.0,True,0.027294061316639136,1004876.4008200611,1017617.6707488117
600935,1000000.0,881368.6347198775,0.0,881368.6347198775,-118631.3652801225,25189.301780124984,331.2,56,20,11,56,1,0.13304737916486717,False,华塑股份,2.42,2026-09-08,2021-11-26,2026-09-08,,True,False,False,ok,3,0,881368.6347198775,0.0,True,0.013985839144787744,1000000.0,970103.7983954663
600936,1000000.0,1031807.9371958089,0.0,1031807.9371958089,31807.93719580886,56529.31980419497,0.0,148,58,26,148,4,0.07588990319269873,False,北投科技,5.06,2026-09-08,2016-08-15,2026-09-08,,False,False,False,ok,3,0,1031807.9371958089,0.0,True,0.023062249280874025,970376.3816230919,964751.1203532382
600938,1000000.0,1099407.7047771942,0.0,1099407.7047771942,99407.70477719419,42004.48922280996,18507.123999999996,94,31,17,94,1,0.05929144391590559,False,中国海油,34.39,2026-09-08,2022-04-21,2026-09-08,,True,False,False,ok,8,0,1099407.7047771942,0.0,True,0.024225841455846473,1000000.0,1039587.7738361103
600939,1000000.0,915214.2929084185,0.0,915214.2929084185,-84785.70709158154,52775.631591585,0.0,149,62,25,149,2,0.15666801979128459,False,重庆建工,2.75,2026-09-08,2017-02-21,2026-09-08,,True,False,False,ok,7,0,915214.2929084185,0.0,True,0.02558274373657081,864954.7619631919,866844.1734510828
600941,1000000.0,1042553.4622076871,0.0,1042553.4622076871,42553.46220768709,73585.80879232001,35008.19,112,21,10,112,0,0.1324657654737548,False,中国移动,97.7,2026-09-08,2022-01-05,2026-09-08,,True,False,False,ok,9,0,1042553.4622076871,0.0,True,0.041413730798332604,1000000.0,1099469.5635777805
600955,1000000.0,931013.4099588518,0.0,931013.4099588518,-68986.59004114824,23601.845041150013,4549.599999999999,59,12,4,59,0,0.07245748360987835,False,维远股份,12.94,2026-09-08,2021-09-15,2026-09-08,,True,False,False,ok,5,0,931013.4099588518,0.0,True,0.011004035004978286,1000000.0,955671.9711969913
600956,1000000.0,979289.6784355979,0.0,979289.6784355979,-20710.321564402082,40995.682564405026,2521.7,97,37,16,97,0,0.10239394531429499,False,新天绿能,7.23,2026-09-08,2020-06-29,2026-09-08,,True,False,False,ok,7,0,979289.6784355979,0.0,True,0.021355136438196972,993561.1648832501,942561.0828178158
600958,1000000.0,1000000.0,0.0,1000000.0,0.0,0.0,0.0,0,0,0,0,0,0.0,False,东方证券,9.19,2026-09-08,2016-04-25,2026-09-08,,False,False,True,ok,15,0,1000000.0,0.0,True,0.0,1000000.0,1000000.0
600959,1000000.0,824908.6018469363,0.0,824908.6018469363,-175091.39815306372,97725.01465307,0.0,139,46,19,139,0,0.20568320610258944,False,江苏有线,3.22,2026-09-08,2015-12-24,2026-09-08,,False,False,False,ok,11,0,824908.6018469363,0.0,True,0.0777610920222106,941374.5208970542,911076.6323114802
600960,1000000.0,808430.1777343493,0.0,808430.1777343493,-191569.82226565073,52900.36976565498,1407.6000000000001,160,53,33,160,3,0.20001714706841528,False,渤海汽车,4.05,2026-09-08,2015-08-17,2026-09-08,,False,False,False,ok,7,0,808430.1777343493,0.0,True,0.025694107150735317,853320.8555043427,860598.3582562034
600961,1000000.0,894176.8465395587,0.0,894176.8465395587,-105823.15346044127,70485.49746044501,0.0,213,91,35,213,2,0.16778712725845546,False,株冶集团,25.34,2026-09-08,2016-05-11,2026-09-08,,False,False,False,ok,0,0,894176.8465395587,0.0,True,0.03495799338179482,925444.0883838322,901466.8881485981
600962,1000000.0,1173961.6132029758,0.0,1173961.6132029758,173961.61320297583,71654.71829702998,0.0,211,48,32,211,3,0.10490062979303824,False,国投中鲁,25.29,2026-09-08,2016-05-06,2026-09-08,,False,False,False,ok,0,0,1173961.6132029758,0.0,True,0.02796528650381697,1014609.6213785717,1052035.0889958888
600963,1000000.0,789300.9894261004,0.0,789300.9894261004,-210699.0105738996,54032.145973902974,1964.6,163,85,27,163,0,0.22648108343691406,False,岳阳林纸,3.59,2026-09-08,2016-05-26,2026-09-08,,False,False,False,ok,8,0,789300.9894261004,0.0,True,0.02997832913648011,842553.6915028734,824140.3054796902
600965,1000000.0,638416.0341286173,0.0,638416.0341286173,-361583.96587138274,105963.23337138991,7865.799999999999,232,133,71,232,7,0.3671503093725052,False,*ST福成,2.97,2026-09-08,2016-05-25,2026-09-08,,False,False,False,ok,11,0,638416.0341286173,0.0,True,0.07011301526578109,840866.5361354548,816179.8962932811
600966,1000000.0,742514.3694919992,0.0,742514.3694919992,-257485.63050800085,67820.80950800503,2738.3740000000003,179,63,26,179,0,0.28662668000099706,False,博汇纸业,4.91,2026-09-08,2016-05-18,2026-09-08,,False,False,False,ok,11,0,742514.3694919992,0.0,True,0.030715246034415396,896875.3240088318,781733.8815003632
600967,1000000.0,728299.7946338169,0.0,728299.7946338169,-271700.2053661831,74363.43186619003,569.6,198,55,34,198,0,0.31518641087098614,False,内蒙一机,13.87,2026-09-08,2016-05-19,2026-09-08,,False,False,False,ok,13,0,728299.7946338169,0.0,True,0.03704990986347393,810131.021608934,757154.33542819
600968,1000000.0,951406.44131915,0.0,951406.44131915,-48593.558680849965,59374.52918085496,5725.500000000001,140,49,28,140,0,0.11149124353576778,False,海油发展,4.02,2026-09-08,2019-06-26,2026-09-08,,True,False,False,ok,7,0,951406.44131915,0.0,True,0.030302088085355342,929677.9864196702,909804.766711992
600969,1000000.0,842490.9886985335,0.0,842490.9886985335,-157509.0113014665,63578.47230147002,0.0,144,26,16,144,1,0.15975714854356649,False,郴电国际,10.72,2026-09-08,2016-05-26,2026-09-08,,False,False,False,ok,10,0,842490.9886985335,0.0,True,0.024483249237895254,914913.7970420814,897295.7234262621
600970,1000000.0,1226557.3287341017,0.0,1226557.3287341017,226557.32873410173,80665.78876590497,34957.8,181,67,47,181,0,0.06877323883323058,False,中材国际,7.87,2026-09-08,2016-04-21,2026-09-08,,False,False,False,ok,12,0,1226557.3287341017,0.0,True,0.03594263734319939,1167867.2728777835,1170960.6243015344
600971,1000000.0,936011.7553342646,0.0,936011.7553342646,-63988.2446657354,83571.45566574001,12900.0,208,80,42,208,0,0.12187577093088908,False,恒源煤电,8.82,2026-09-08,2016-05-26,2026-09-08,,False,False,False,ok,9,0,936011.7553342646,0.0,True,0.04109089019967285,984612.1894757117,990783.8509442678
600973,1000000.0,939367.8776396842,0.0,939367.8776396842,-60632.122360315756,67082.33936031997,4061.4,163,49,18,163,2,0.10633846551218804,False,宝胜股份,6.06,2026-09-08,2016-02-23,2026-09-08,,False,False,False,ok,7,0,939367.8776396842,0.0,True,0.02870830591232763,918879.6306119922,952413.0366959533
600975,1000000.0,817195.8298335869,0.0,817195.8298335869,-182804.17016641307,74386.92416642004,8191.0,210,118,71,210,5,0.22153039003281064,False,新五丰,5.85,2026-09-08,2016-01-21,2026-09-08,,False,False,False,ok,5,0,817195.8298335869,0.0,True,0.047026713049451635,874586.6252697732,850685.6538086891
600976,1000000.0,947655.2804216192,0.0,947655.2804216192,-52344.71957838081,92377.79407839006,0.0,234,55,36,234,5,0.11750299137871857,False,健民集团,28.17,2026-09-08,2016-05-12,2026-09-08,,False,False,False,ok,12,0,947655.2804216192,0.0,True,0.046788171894586165,937506.0235749753,922595.4541644563
600977,1000000.0,801955.3672529453,0.0,801955.3672529453,-198044.63274705468,75075.64924705998,1344.0,193,58,33,193,1,0.2117962637232711,False,中国电影,13.19,2026-09-08,2016-08-09,2026-09-08,,False,False,False,ok,9,0,801955.3672529453,0.0,True,0.03584925011923332,862862.0429713237,837411.2789676394
600979,1000000.0,725176.23280359,0.0,725176.23280359,-274823.76719641,74629.71269641504,7035.0,177,90,49,177,1,0.3112797310108404,False,广安爱众,4.02,2026-09-08,2015-12-23,2026-09-08,,False,False,False,ok,9,0,725176.23280359,0.0,True,0.04860627912004841,760718.3911999331,762032.2728592092
600980,1000000.0,932886.2437403189,0.0,932886.2437403189,-67113.75625968107,49266.38025968503,3270.0,150,32,14,150,2,0.1461386450951006,False,北矿科技,19.48,2026-09-08,2016-05-11,2026-09-08,,False,False,False,ok,11,0,932886.2437403189,0.0,True,0.021279746853206983,951461.142363502,952921.0619617879
600981,1000000.0,818062.5996089937,0.0,818062.5996089937,-181937.40039100626,50087.38289101005,0.0,133,60,32,133,0,0.19791288100566218,False,苏豪汇鸿,2.55,2026-09-08,2016-05-26,2026-09-08,,False,False,False,ok,11,0,818062.5996089937,0.0,True,0.0257233657525709,898588.677921212,876072.9659370981
600982,1000000.0,888141.372042605,0.0,888141.372042605,-111858.62795739505,62974.74745739995,3331.9999999999995,158,57,32,158,2,0.15533685964373223,False,宁波能源,4.92,2026-09-08,2016-05-11,2026-09-08,,False,False,False,ok,12,0,888141.372042605,0.0,True,0.029052692317851937,948863.5264439732,911875.0303934338
600983,1000000.0,734271.591447262,0.0,734271.591447262,-265728.408552738,83243.1740527449,6676.0,203,110,62,203,4,0.2928401393168451,False,惠而浦,7.66,2026-09-08,2016-05-18,2026-09-08,,False,False,False,ok,10,0,734271.591447262,0.0,True,0.050061000835779405,940012.7898030041,837108.3891291405
600984,1000000.0,996965.0979622746,0.0,996965.0979622746,-3034.9020377254346,86130.81903773003,0.0,223,78,44,223,0,0.1048161426921661,False,建设机械,3.78,2026-09-08,2016-04-26,2026-09-08,,False,False,False,ok,3,0,996965.0979622746,0.0,True,0.037924620696733455,1063524.454619253,1040879.5433354387
600985,1000000.0,933689.0788009262,0.0,933689.0788009262,-66310.92119907378,98927.85119907997,19518.0,251,106,47,251,2,0.11670077450282991,False,淮北矿业,16.79,2026-09-08,2015-12-03,2026-09-08,,False,False,False,ok,12,0,933689.0788009262,0.0,True,0.049349979070287764,947332.8503065819,989910.3004624394
600986,1000000.0,976606.7238330327,0.0,976606.7238330327,-23393.27616696735,58989.78616697008,0.0,185,75,34,185,2,0.10074672683107368,False,浙文互联,7.62,2026-09-08,2016-04-18,2026-09-08,,False,False,False,ok,5,0,976606.7238330327,0.0,True,0.025693170129183273,1000813.7673991608,968149.9001460116
600987,1000000.0,778565.9413500715,0.0,778565.9413500715,-221434.05864992854,82674.044649935,8398.0,170,67,34,170,0,0.24700847059661898,False,航民股份,6.57,2026-09-08,2016-03-03,2026-09-08,,False,False,False,ok,13,0,778565.9413500715,0.0,True,0.044725619833965856,856177.2647876638,842966.1098695203
600988,1000000.0,1011097.3196295738,0.0,1011097.3196295738,11097.319629573845,98276.75487043003,0.0,276,111,65,276,4,0.12120923060987886,False,赤峰黄金,44.2,2026-09-08,2016-05-12,2026-09-08,,False,False,False,ok,4,0,1011097.3196295738,0.0,True,0.04627587625423515,1037945.0353809604,1009059.8240997973
600989,1000000.0,1000000.0,0.0,1000000.0,0.0,0.0,0.0,0,0,0,0,0,0.0,False,宝丰能源,24.39,2026-09-08,2019-05-16,2026-09-08,,True,False,False,error,0,0,1000000.0,0.0,True,0.0,1000000.0,1000000.0
600990,1000000.0,844136.7500825556,0.0,844136.7500825556,-155863.24991744442,60782.440917449974,0.0,174,31,19,174,3,0.23880720163103591,False,四创电子,18.84,2026-09-08,2016-05-17,2026-09-08,,False,False,False,ok,9,0,844136.7500825556,0.0,True,0.02909344379940132,871290.067174454,801656.2344657998
600992,1000000.0,971581.440414218,0.0,971581.440414218,-28418.559585782,75318.31608579008,0.0,212,87,47,212,1,0.1581197250817615,False,贵绳股份,10.19,2026-09-08,2016-05-26,2026-09-08,,False,False,False,ok,11,0,971581.440414218,0.0,True,0.03968228448954211,930347.8167311742,955580.2921901755
600993,1000000.0,1100462.3164948153,0.0,1100462.3164948153,100462.31649481528,88802.66800518999,2085.0,191,41,22,191,0,0.07003068188684729,False,马应龙,22.95,2026-09-08,2016-05-26,2026-09-08,,False,False,False,ok,12,0,1100462.3164948153,0.0,True,0.03532907687348849,1005355.725114592,1054994.7549412935
600995,1000000.0,857483.1739383361,0.0,857483.1739383361,-142516.82606166392,68341.45706167001,2216.115,169,43,34,169,0,0.14840414185570777,False,南网储能,12.43,2026-09-08,2016-05-04,2026-09-08,,False,False,False,ok,14,0,857483.1739383361,0.0,True,0.031090511524149083,931104.3411162528,905850.1219695141
600996,1000000.0,768810.2492806383,0.0,768810.2492806383,-231189.7507193617,60292.14021936503,0.0,206,97,54,206,6,0.2466745855126467,False,贵广网络,7.25,2026-09-08,2016-12-26,2026-09-08,,True,False,False,ok,4,0,768810.2492806383,0.0,True,0.03368779048672103,868759.3469234423,857385.0747119682
600997,1000000.0,619444.5933225803,0.0,619444.5933225803,-380555.40667741967,72262.48617742496,9504.0,213,75,35,213,1,0.4031573424431832,False,开滦股份,5.62,2026-09-08,2016-05-26,2026-09-08,,False,False,False,ok,11,0,619444.5933225803,0.0,True,0.04068382451916361,775655.8809933835,693758.9436365745
600998,1000000.0,651529.9149709446,0.0,651529.9149709446,-348470.08502905536,102072.77514906207,19930.0,226,79,44,226,0,0.38916722654303326,False,九州通,5.07,2026-09-08,2016-05-13,2026-09-08,,False,False,False,ok,10,0,651529.9149709446,0.0,True,0.06171496349680959,733214.3431639237,662850.4275931679
600999,1000000.0,1000000.0,0.0,1000000.0,0.0,0.0,0.0,0,0,0,0,0,0.0,False,招商证券,17.97,2026-09-08,2016-05-18,2026-09-08,,False,False,True,ok,16,0,1000000.0,0.0,True,0.0,1000000.0,1000000.0
601000,1000000.0,944967.0540230013,0.0,944967.0540230013,-55032.94597699866,93184.39677700604,37352.0,193,125,44,193,0,0.20565309180220565,False,唐山港,4.51,2026-09-08,2016-05-13,2026-09-08,,False,False,False,ok,13,0,944967.0540230013,0.0,True,0.0625103330317676,873193.7444430166,820761.3131454426
601001,1000000.0,990226.5540213906,0.0,990226.5540213906,-9773.44597860938,85547.17397861509,9796.0,244,76,40,244,1,0.08532671741621645,False,晋控煤业,16.48,2026-09-08,2016-01-08,2026-09-08,,False,False,False,ok,6,0,990226.5540213906,0.0,True,0.03678787332616811,1001149.6045837826,994284.1150799543
601002,1000000.0,1070047.9595701864,0.0,1070047.9595701864,70047.95957018645,69866.23642982003,0.0,142,27,26,142,0,0.07339750520866764,False,晋亿实业,5.35,2026-09-08,2016-05-26,2026-09-08,,False,False,False,ok,7,0,1070047.9595701864,0.0,True,0.026931739807117577,1005564.9158077429,1070281.4723391149
601003,1000000.0,870049.7391077972,0.0,870049.7391077972,-129950.26089220284,83777.07989220998,9125.0,222,148,86,222,3,0.19758768655511172,False,柳钢股份,3.89,2026-09-08,2016-02-03,2026-09-08,,False,False,False,ok,8,0,870049.7391077972,0.0,True,0.04688710886433667,1039595.3915472337,959941.3910044357
601005,1000000.0,824315.7446620042,0.0,824315.7446620042,-175684.25533799583,74170.34483800005,0.0,168,77,30,168,3,0.1845074020060259,False,重庆钢铁,1.24,2026-09-08,2015-01-05,2026-09-08,,False,False,False,ok,0,0,824315.7446620042,0.0,True,0.03916520728194076,916124.6346064326,878651.1344445832
601006,1000000.0,722448.3981420954,0.0,722448.3981420954,-277551.6018579046,180943.84685791496,0.0,222,79,66,222,1,0.30275269631568497,False,大秦铁路,4.79,2026-09-08,2016-05-26,2026-09-08,,False,False,False,ok,14,0,722448.3981420954,0.0,True,0.10792150686623228,898968.8653053056,840816.815357443
601007,1000000.0,925424.3597275068,0.0,925424.3597275068,-74575.64027249324,82332.68077249997,4104.0,181,52,34,181,0,0.11096132595457617,False,金陵饭店,7.25,2026-09-08,2016-05-19,2026-09-08,,False,False,False,ok,11,0,925424.3597275068,0.0,True,0.0354368508902851,985377.3696692637,953751.8670341807
601008,1000000.0,812712.1636916586,0.0,812712.1636916586,-187287.83630834136,71040.43780834497,1230.0,184,99,53,184,1,0.22162453028587634,False,连云港,4.57,2026-09-08,2016-05-26,2026-09-08,,False,False,False,ok,12,0,812712.1636916586,0.0,True,0.04274217027356705,875909.5231128319,854295.757420673
601009,1000000.0,774379.8661413707,0.0,774379.8661413707,-225620.13385862927,142054.59935863994,0.0,244,82,52,244,0,0.26955227001686327,False,南京银行,12.03,2026-09-08,2016-05-24,2026-09-08,,False,False,False,ok,14,0,774379.8661413707,0.0,True,0.07883778819607949,852794.7430916255,774285.7517228125
601010,1000000.0,693621.221064425,0.0,693621.221064425,-306378.77893557504,82486.40193558003,0.0,177,51,28,177,2,0.31723771175277643,False,ST文峰,1.53,2026-09-08,2016-05-23,2026-09-08,,False,False,False,ok,12,0,693621.221064425,0.0,True,0.037907825850023044,887783.004957713,828405.6835325188
601011,1000000.0,886714.2305458839,0.0,886714.2305458839,-113285.76945411612,61631.464454119996,0.0,183,63,43,183,0,0.15502964386415863,False,宝泰隆,3.06,2026-09-08,2016-05-17,2026-09-08,,False,False,False,ok,4,0,886714.2305458839,0.0,True,0.02815980832512225,932629.7521164323,892426.864594468
601012,1000000.0,1000000.0,0.0,1000000.0,0.0,0.0,0.0,0,0,0,0,0,0.0,False,隆基绿能,11.88,2026-09-08,2016-05-17,2026-09-08,,False,False,True,ok,11,0,1000000.0,0.0,True,0.0,1000000.0,1000000.0
601015,1000000.0,1000000.0,0.0,1000000.0,0.0,0.0,0.0,0,0,0,0,0,0.0,False,陕西黑猫,3.9,2026-09-08,2016-05-16,2026-09-08,,False,False,True,ok,7,0,1000000.0,0.0,True,0.0,1000000.0,1000000.0
601016,1000000.0,1000000.0,0.0,1000000.0,0.0,0.0,0.0,0,0,0,0,0,0.0,False,节能风电,3.37,2026-09-08,2016-05-18,2026-09-08,,False,False,True,ok,13,0,1000000.0,0.0,True,0.0,1000000.0,1000000.0
601018,1000000.0,948860.9390517635,0.0,948860.9390517635,-51139.060948236496,113074.10044824505,24686.5,170,51,36,170,0,0.13571775631528588,False,宁波港,3.49,2026-09-08,2016-05-26,2026-09-08,,False,False,False,ok,13,0,948860.9390517635,0.0,True,0.05280720123284101,964598.123697334,919272.4978200553
601019,1000000.0,762593.5846222164,0.0,762593.5846222164,-237406.4153777836,77282.53587779,10587.0,176,79,39,176,0,0.2392832086603963,False,山东出版,7.25,2026-09-08,2017-11-22,2026-09-08,,True,False,False,ok,10,0,762593.5846222164,0.0,True,0.0462463609742666,876486.0367186328,819211.6983498044
601020,1000000.0,779844.2665372944,0.0,779844.2665372944,-220155.73346270563,61013.048462709914,1548.0,222,104,52,222,4,0.2714912775365501,False,华钰矿业,22.51,2026-09-08,2016-04-29,2026-09-08,,False,False,False,ok,8,0,779844.2665372944,0.0,True,0.03163906877263813,924487.767904492,856065.5197533836
601021,1000000.0,810692.3098133933,0.0,810692.3098133933,-189307.69018660672,109766.82868661497,1200.0,246,50,30,246,0,0.2285536378336351,False,春秋航空,43.49,2026-09-08,2016-05-17,2026-09-08,,False,False,False,ok,11,0,810692.3098133933,0.0,True,0.05237604796909358,955917.1822174949,894494.2043334967
601022,1000000.0,845967.307350846,0.0,845967.307350846,-154032.692649154,13951.398149154998,0.0,62,25,11,62,1,0.15874040807049897,False,宁波远洋,8.45,2026-09-08,2022-12-08,2026-09-08,,True,False,False,ok,5,0,845967.307350846,0.0,True,0.009184551028763033,1000000.0,986014.280548135
601026,1000000.0,1000000.0,0.0,1000000.0,0.0,0.0,0.0,0,0,0,0,0,0.0,False,道生天合,14.75,2026-09-08,2025-10-17,2026-09-08,,True,False,False,ok,2,0,1000000.0,0.0,True,0.0,1000000.0,1000000.0
601033,1000000.0,1005541.6004787763,0.0,1005541.6004787763,5541.600478776265,11358.068021225,0.0,21,3,1,21,0,0.02254275686242743,False,永兴股份,14.61,2026-09-08,2024-01-18,2026-09-08,,True,False,False,ok,3,0,1005541.6004787763,0.0,True,0.005008661975537448,1000000.0,1000000.0
601038,1000000.0,753754.1651562138,0.0,753754.1651562138,-246245.8348437862,64749.64784379004,570.0,222,112,55,222,5,0.3000967912431631,False,一拖股份,14.92,2026-09-08,2016-05-26,2026-09-08,,False,False,False,ok,10,0,753754.1651562138,0.0,True,0.04105802288589135,776168.2201077312,719407.363978772
601058,1000000.0,962057.1753349969,0.0,962057.1753349969,-37942.82466500311,110090.50166501009,18803.0,258,93,48,258,1,0.1221384015691323,False,赛轮轮胎,14.59,2026-09-08,2016-05-20,2026-09-08,,False,False,False,ok,14,0,962057.1753349969,0.0,True,0.05136770099989471,1084767.7764077932,1013651.0537905392
601059,1000000.0,1006589.0780995016,0.0,1006589.0780995016,6589.078099501552,21111.5049005,0.0,60,17,1,60,0,0.061360418844756084,False,信达证券,16.4,2026-09-08,2023-02-01,2026-09-08,,True,False,False,ok,6,0,1006589.0780995016,0.0,True,0.010765046736732922,1000000.0,1000000.0
601061,1000000.0,942149.2212632967,0.0,942149.2212632967,-57850.77873670333,12138.289236704997,0.0,42,7,5,42,0,0.08051624560391601,False,中信金属,11.61,2026-09-08,2023-04-10,2026-09-08,,True,False,False,ok,5,0,942149.2212632967,0.0,True,0.005740842879148217,1000000.0,1000000.0
601065,1000000.0,966678.0869679212,0.0,966678.0869679212,-33321.913032078766,12543.32903208,0.0,20,3,0,20,0,0.043492784341372645,False,江盐集团,7.04,2026-09-08,2023-04-10,2026-09-08,,True,False,False,ok,4,0,966678.0869679212,0.0,True,0.0053575315419495334,1000000.0,1000000.0
601066,1000000.0,967574.7179890994,0.0,967574.7179890994,-32425.282010900555,69910.04101090504,1656.0,167,41,21,167,0,0.10822543199487591,False,中信建投,24.36,2026-09-08,2018-06-20,2026-09-08,,True,False,False,ok,11,0,967574.7179890994,0.0,True,0.035515609277189934,977646.2501818814,1003774.1135699028
601068,1000000.0,1042770.4350904934,0.0,1042770.4350904934,42770.43509049341,53783.45790951007,0.0,157,67,29,157,2,0.07923499811635244,False,中铝国际,4.64,2026-09-08,2018-08-31,2026-09-08,,True,False,False,ok,2,0,1042770.4350904934,0.0,True,0.023806475530386922,1012967.3540745715,1015595.7226952121
601069,1000000.0,773562.5789472657,0.0,773562.5789472657,-226437.42105273425,91239.90305274005,1745.5,270,103,66,270,9,0.2617233699704351,False,西部黄金,29.23,2026-09-08,2015-11-27,2026-09-08,,False,False,False,ok,11,0,773562.5789472657,0.0,True,0.05206238622932092,815921.5960249336,786192.8960487449
601077,1000000.0,1006633.8974495733,0.0,1006633.8974495733,6633.897449573269,94313.14905043501,0.0,131,35,20,131,0,0.1048296576803942,False,渝农商行,6.8,2026-09-08,2019-10-29,2026-09-08,,True,False,False,ok,9,0,1006633.8974495733,0.0,True,0.042805353777388234,994837.7095566014,935611.6146300499
601083,1000000.0,1076725.086718871,0.0,1076725.086718871,76725.08671887103,12606.422281129997,0.0,31,5,6,31,0,0.020080840093432983,False,锦江航运,12.94,2026-09-08,2023-12-05,2026-09-08,,True,False,False,ok,5,0,1076725.086718871,0.0,True,0.00636115910354251,1000000.0,1000000.0
601086,1000000.0,742314.2367023529,0.0,742314.2367023529,-257685.76329764712,51482.89729765002,0.0,165,76,48,165,7,0.2998282527709749,False,国芳集团,14.95,2026-09-08,2017-09-29,2026-09-08,,True,False,False,ok,11,0,742314.2367023529,0.0,True,0.027475084373941805,936310.5097189213,920521.7355963426
601088,1000000.0,774832.4002398503,0.0,774832.4002398503,-225167.59976014972,120558.09776016013,15748.0,258,85,54,258,1,0.2815474662035452,False,中国神华,46.32,2026-09-08,2016-02-03,2026-09-08,,False,False,False,ok,13,0,774832.4002398503,0.0,True,0.06702756028600423,891478.5574840953,846406.0740439673
601089,1000000.0,943181.2897069871,0.0,943181.2897069871,-56818.710293012904,15472.943793015,0.0,50,15,5,50,1,0.08904242827159208,False,福元医药,16.39,2026-09-08,2022-06-30,2026-09-08,,True,False,False,ok,4,0,943181.2897069871,0.0,True,0.008229268580803693,1000000.0,1006368.4231661201
601096,1000000.0,994901.0519084155,0.0,994901.0519084155,-5098.948091584491,9270.024591585001,1440.1799999999998,23,6,6,23,0,0.02562531396464291,False,宏盛华源,4.2,2026-09-08,2023-12-22,2026-09-08,,True,False,False,ok,5,0,994901.0519084155,0.0,True,0.005408304507306352,1000000.0,1000000.0
601098,1000000.0,710847.7609211705,0.0,710847.7609211705,-289152.23907882953,107083.59857884012,0.0,221,58,32,221,1,0.2981052917110098,False,中南传媒,10.39,2026-09-08,2016-05-26,2026-09-08,,False,False,False,ok,14,0,710847.7609211705,0.0,True,0.056014665667501996,836963.1719823156,788306.3131238974
601099,1000000.0,1000000.0,0.0,1000000.0,0.0,0.0,0.0,0,0,0,0,0,0.0,False,太平洋,3.56,2026-09-08,2016-05-12,2026-09-08,,False,False,True,ok,5,0,1000000.0,0.0,True,0.0,1000000.0,1000000.0
601100,1000000.0,1103319.8032744573,0.0,1103319.8032744573,103319.80327445734,84355.84272555009,8184.0,226,51,39,226,0,0.1689644961361819,False,恒立液压,102.13,2026-09-08,2016-05-26,2026-09-08,,False,False,False,ok,13,0,1103319.8032744573,0.0,True,0.03405985195107598,1144196.4418891044,1036867.410509726
601101,1000000.0,869779.7988431654,0.0,869779.7988431654,-130220.2011568346,74742.20415683999,7734.999999999999,219,88,47,219,4,0.2686628703861817,False,昊华能源,13.6,2026-09-08,2015-12-21,2026-09-08,,False,False,False,ok,11,0,869779.7988431654,0.0,True,0.040124828756359435,863449.4383200621,785154.025333114
601106,1000000.0,806123.3540964505,0.0,806123.3540964505,-193876.6459035495,67382.36890355505,0.0,152,41,26,152,1,0.23030900142335534,False,中国一重,3.08,2026-09-08,2016-05-16,2026-09-08,,False,False,False,ok,1,0,806123.3540964505,0.0,True,0.02983134840947848,912602.9976933036,898085.5546609645
601107,1000000.0,973417.392629917,0.0,973417.392629917,-26582.607370082987,123850.74437009501,7770.0,203,74,46,203,0,0.1551216861843977,False,四川成渝,5.83,2026-09-08,2016-04-26,2026-09-08,,False,False,False,ok,12,0,973417.392629917,0.0,True,0.06122503180129118,921876.1466896867,873036.7479852535
601108,1000000.0,1000000.0,0.0,1000000.0,0.0,0.0,0.0,0,0,0,0,0,0.0,False,财通证券,8.52,2026-09-08,2017-10-24,2026-09-08,,True,False,True,ok,12,0,1000000.0,0.0,True,0.0,1000000.0,1000000.0
601111,1000000.0,795029.7011272695,0.0,795029.7011272695,-204970.29887273046,81642.64837273496,1430.324,215,85,43,215,2,0.21634987036757067,False,中国国航,5.86,2026-09-08,2016-05-25,2026-09-08,,False,False,False,ok,6,0,795029.7011272695,0.0,True,0.04633908586231251,864608.4253474118,811107.0060359924
601112,1000000.0,1000000.0,0.0,1000000.0,0.0,0.0,0.0,0,0,0,0,0,0.0,False,振石股份,15.56,2026-09-08,2026-01-29,2026-09-08,,True,False,False,ok,1,0,1000000.0,0.0,True,0.0,1000000.0,1000000.0
601113,1000000.0,734373.9830183648,0.0,734373.9830183648,-265626.01698163524,81883.93298164001,0.0,209,119,73,209,7,0.33420604442997603,False,华鼎股份,3.56,2026-09-08,2016-01-25,2026-09-08,,False,False,False,ok,3,0,734373.9830183648,0.0,True,0.05996740467614383,811716.2932403518,804244.3500817486
601116,1000000.0,831442.5100732646,0.0,831442.5100732646,-168557.4899267354,62037.689926739986,3880.0,200,93,49,200,0,0.23217473214196652,False,三江购物,11.73,2026-09-08,2016-05-05,2026-09-08,,False,False,False,ok,12,0,831442.5100732646,0.0,True,0.03350616150717214,896279.9316039331,880233.1093274843
601117,1000000.0,845610.1125876423,0.0,845610.1125876423,-154389.88741235773,83972.47291236503,6425.200000000001,196,58,29,196,0,0.1893169558408695,False,中国化学,7.41,2026-09-08,2016-05-26,2026-09-08,,False,False,False,ok,13,0,845610.1125876423,0.0,True,0.037704728364930634,900389.142481505,874301.3264665008
601118,1000000.0,874901.4522667807,0.0,874901.4522667807,-125098.54773321934,84732.74323322496,532.4,197,86,49,197,0,0.1703705872912275,False,海南橡胶,7.87,2026-09-08,2015-11-26,2026-09-08,,False,False,False,ok,7,0,874901.4522667807,0.0,True,0.04098700730108946,941118.9909904038,874328.8021783194
601121,1000000.0,1043034.5149801208,0.0,1043034.5149801208,43034.51498012082,8139.571019880001,3627.0,29,6,3,29,0,0.025940700444991055,False,宝地矿业,7.52,2026-09-08,2023-03-10,2026-09-08,,True,False,False,ok,5,0,1043034.5149801208,0.0,True,0.0037852563734078067,1000000.0,1000000.0
601126,1000000.0,911395.6490627755,0.0,911395.6490627755,-88604.35093722446,67578.85493723009,6050.0,189,54,34,189,4,0.10055726717164482,False,四方股份,40.1,2026-09-08,2016-05-26,2026-09-08,,False,False,False,ok,13,0,911395.6490627755,0.0,True,0.030277551692307936,974519.0313805026,946767.7951516343
601127,1000000.0,963212.8821804996,0.0,963212.8821804996,-36787.11781950039,100435.37381950997,3437.2,296,95,53,296,2,0.18314834603263427,False,赛力斯,49.28,2026-09-08,2016-06-15,2026-09-08,,False,False,False,ok,8,0,963212.8821804996,0.0,True,0.055027381693640395,923235.7822723553,1008248.1601350517
601128,1000000.0,904208.6693191517,0.0,904208.6693191517,-95791.33068084833,106865.23318085505,24640.0,194,63,43,194,0,0.12902457232369882,False,常熟银行,6.44,2026-09-08,2016-09-30,2026-09-08,,True,False,False,ok,11,0,904208.6693191517,0.0,True,0.051075435847684814,987222.9050016021,945571.7639748744
601133,1000000.0,904614.1744937758,0.0,904614.1744937758,-95385.82550622418,7907.906006224997,202.99999999999997,40,6,7,40,1,0.1017322750298065,False,柏诚股份,23.98,2026-09-08,2023-04-10,2026-09-08,,True,False,False,ok,7,0,904614.1744937758,0.0,True,0.004060398583121287,1000000.0,1000000.0
601136,1000000.0,1082291.5157262266,0.0,1082291.5157262266,82291.51572622661,26515.923773775005,2226.0,71,38,28,71,0,0.07499513715566625,False,首创证券,15.49,2026-09-08,2022-12-22,2026-09-08,,True,False,False,ok,6,0,1082291.5157262266,0.0,True,0.01774349725233694,1000000.0,1000000.0
601137,1000000.0,793075.3901957145,0.0,793075.3901957145,-206924.60980428546,53288.29680428996,5036.0,182,48,23,182,2,0.21994691696340102,False,博威合金,20.15,2026-09-08,2016-05-17,2026-09-08,,False,False,False,ok,12,0,793075.3901957145,0.0,True,0.025639835505633878,855802.1576794721,820192.8152986835
601138,1000000.0,1044479.7890102952,0.0,1044479.7890102952,44479.78901029518,72339.36898970997,0.0,187,72,62,187,1,0.15364771667119756,False,工业富联,64.75,2026-09-08,2018-06-08,2026-09-08,,True,False,False,ok,9,0,1044479.7890102952,0.0,True,0.03405628072868898,968714.7912304823,956504.7225725487
601139,1000000.0,810435.9192031184,0.0,810435.9192031184,-189564.08079688158,101771.29379688994,17374.0,197,52,25,197,1,0.20114530238002046,False,深圳燃气,6.52,2026-09-08,2016-05-25,2026-09-08,,False,False,False,ok,12,0,810435.9192031184,0.0,True,0.04684253150765064,911859.8487646746,845848.3981299212
601155,1000000.0,708563.1326573867,0.0,708563.1326573867,-291436.8673426133,72873.76234262,0.0,228,107,55,228,4,0.34702764151113236,False,新城控股,12.25,2026-09-08,2016-05-24,2026-09-08,,False,False,False,ok,6,0,708563.1326573867,0.0,True,0.042404563290419875,856102.8834055545,787915.6224797354
601156,1000000.0,982396.7804889227,0.0,982396.7804889227,-17603.219511077274,39839.48651108004,17028.3,108,54,26,108,0,0.09547125506854241,False,东航物流,18.88,2026-09-08,2021-06-09,2026-09-08,,True,False,False,ok,5,0,982396.7804889227,0.0,True,0.025106300275718203,1000000.0,957361.19823781
601158,1000000.0,959503.1001650383,0.0,959503.1001650383,-40496.89983496175,120364.17133497,0.0,148,48,31,148,1,0.1273366800013103,False,重庆水务,4.13,2026-09-08,2016-05-26,2026-09-08,,False,False,False,ok,13,0,959503.1001650383,0.0,True,0.058689503830333264,921657.8526331746,930230.814359476
601162,1000000.0,1000000.0,0.0,1000000.0,0.0,0.0,0.0,0,0,0,0,0,0.0,False,天风证券,3.76,2026-09-08,2018-10-19,2026-09-08,,True,False,True,ok,4,0,1000000.0,0.0,True,0.0,1000000.0,1000000.0
601163,1000000.0,834608.5670393589,0.0,834608.5670393589,-165391.4329606411,58746.582960645006,11240.0,128,26,12,128,0,0.19735584815015655,False,三角轮胎,12.53,2026-09-08,2016-09-09,2026-09-08,,False,False,False,ok,10,0,834608.5670393589,0.0,True,0.02867761976330666,860728.6260549813,834820.2979715667
601166,1000000.0,931207.9405444668,0.0,931207.9405444668,-68792.05945553316,182501.59795554998,65098.0,270,77,58,270,0,0.17544238596633627,False,兴业银行,18.17,2026-09-08,2016-05-19,2026-09-08,,False,False,False,ok,13,0,931207.9405444668,0.0,True,0.08568459684703814,1095026.836444318,1041233.0253401161
601168,1000000.0,1096567.6996968854,0.0,1096567.6996968854,96567.69969688542,62986.977803120004,9598.0,176,69,35,176,3,0.13081758770517843,False,西部矿业,40.69,2026-09-08,2015-08-07,2026-09-08,,False,False,False,ok,12,0,1096567.6996968854,0.0,True,0.0318773242558376,970131.7176004018,1005716.7218299233
601169,1000000.0,732357.6762165283,0.0,732357.6762165283,-267642.3237834717,179403.35828348497,47821.0,223,50,31,223,0,0.2998654982510852,False,北京银行,5.54,2026-09-08,2016-05-16,2026-09-08,,False,False,False,ok,13,0,732357.6762165283,0.0,True,0.0899575149636591,796960.7274911775,785526.2854376244
601177,1000000.0,895490.3657587965,0.0,895490.3657587965,-104509.63424120354,73844.76274120998,0.0,173,54,32,173,2,0.12046699137594456,False,杭齿前进,13.98,2026-09-08,2016-05-23,2026-09-08,,False,False,False,ok,11,0,895490.3657587965,0.0,True,0.03195486455703384,988611.5627413036,964741.6810927402
601179,1000000.0,824544.6283981347,0.0,824544.6283981347,-175455.37160186528,59076.74360186995,8766.400000000001,166,66,30,166,3,0.26005053330189537,False,中国西电,12.42,2026-09-08,2016-05-26,2026-09-08,,False,False,False,ok,15,0,824544.6283981347,0.0,True,0.030672447137829684,762180.4807392325,789417.3761695934
601186,1000000.0,802127.8474140925,0.0,802127.8474140925,-197872.1525859075,111458.292085915,0.0,211,68,36,211,0,0.20235423649267,False,中国铁建,6.1,2026-09-08,2016-05-26,2026-09-08,,False,False,False,ok,12,0,802127.8474140925,0.0,True,0.05548036607974983,899245.4763160339,880503.68635687
601187,1000000.0,958761.0908709712,0.0,958761.0908709712,-41238.90912902879,60715.710129035026,0.0,109,38,22,109,0,0.08620658808168481,False,厦门银行,7.28,2026-09-08,2020-10-27,2026-09-08,,True,False,False,ok,8,0,958761.0908709712,0.0,True,0.03317534472728481,988857.6103274401,967232.7164306181
601188,1000000.0,903252.3309417681,0.0,903252.3309417681,-96747.66905823187,110363.15355823998,4620.8,214,140,62,214,3,0.17873970027083952,False,XD龙江交,2.98,2026-09-08,2016-05-24,2026-09-08,,False,False,False,ok,12,0,903252.3309417681,0.0,True,0.06350208907575028,880698.498115874,987364.1882439316
601198,1000000.0,742261.6449334606,0.0,742261.6449334606,-257738.35506653937,78533.894566545,8556.0,181,46,28,181,0,0.3027771999298562,False,东兴证券,13.34,2026-09-08,2016-04-27,2026-09-08,,False,False,False,ok,14,0,742261.6449334606,0.0,True,0.04233212116772719,807896.6671050728,738337.9553353889
601199,1000000.0,1041842.4790604949,0.0,1041842.4790604949,41842.47906049492,63036.735439510005,8213.2,137,55,26,137,0,0.10912555338456305,False,江南水务,5.85,2026-09-08,2016-05-26,2026-09-08,,False,False,False,ok,15,0,1041842.4790604949,0.0,True,0.02773907631651903,969999.1059403513,984318.4226593724
601200,1000000.0,867502.3162393986,0.0,867502.3162393986,-132497.68376060145,49576.982760604995,10780.0,90,23,10,90,0,0.13249768376060145,False,上海环境,7.04,2026-09-08,2017-03-31,2026-09-08,,True,False,False,ok,9,0,867502.3162393986,0.0,True,0.02054511265618913,934862.2553500915,907064.0835123673
601208,1000000.0,1062706.4507393201,0.0,1062706.4507393201,62706.450739320135,59044.246760685,0.0,160,59,27,160,1,0.09977962055252211,False,东材科技,47.41,2026-09-08,2016-05-26,2026-09-08,,False,False,False,ok,12,0,1062706.4507393201,0.0,True,0.024665607019529436,1123868.2552785524,1074437.358984519
601211,1000000.0,860133.8032818428,0.0,860133.8032818428,-139866.19671815715,110583.0717181649,28860.0,190,58,29,190,1,0.21478608668965554,False,国泰海通,17.5,2026-09-08,2016-04-28,2026-09-08,,False,False,False,ok,14,0,860133.8032818428,0.0,True,0.05499402586121626,963840.085443733,906224.6479324645
601212,1000000.0,905760.318565795,0.0,905760.318565795,-94239.68143420503,49798.86843421001,334.22,147,50,29,147,3,0.1345692163039011,False,白银有色,7.11,2026-09-08,2017-02-15,2026-09-08,,True,False,False,ok,8,0,905760.318565795,0.0,True,0.02483598934213191,889288.2542173723,893474.5940004729
601216,1000000.0,818710.2647963897,0.0,818710.2647963897,-181289.73520361027,74136.50520361499,1430.0,174,102,64,174,0,0.23368657546872926,False,君正集团,4.83,2026-09-08,2016-01-20,2026-09-08,,False,False,False,ok,12,0,818710.2647963897,0.0,True,0.05998683990597342,925648.9878154626,872490.3813106632
601218,1000000.0,849339.5968209731,0.0,849339.5968209731,-150660.4031790269,49054.283179030026,1747.2,149,59,41,149,0,0.19278132108071616,False,吉鑫科技,4.55,2026-09-08,2016-05-26,2026-09-08,,False,False,False,ok,11,0,849339.5968209731,0.0,True,0.022943968634349,993925.1497753521,909238.426124488
601222,1000000.0,983427.9135578296,0.0,983427.9135578296,-16572.086442170432,68794.98494217503,17232.4,171,49,42,171,1,0.11751136096408922,False,林洋能源,6.0,2026-09-08,2016-05-26,2026-09-08,,False,False,False,ok,12,0,983427.9135578296,0.0,True,0.034631568120411765,954193.9599399923,947247.4536207936
601225,1000000.0,946534.7870745035,0.0,946534.7870745035,-53465.21292549651,108069.64142550503,48642.9,249,91,43,249,0,0.131706710423645,False,陕西煤业,25.71,2026-09-08,2016-05-26,2026-09-08,,False,False,False,ok,14,0,946534.7870745035,0.0,True,0.053644547917584585,958616.8326486441,969276.2434014452
601226,1000000.0,780662.3933863747,0.0,780662.3933863747,-219337.6066136253,56330.31411363,2817.4349999999995,162,78,25,162,1,0.22824656035400773,False,华电科工,6.6,2026-09-08,2016-05-26,2026-09-08,,False,False,False,ok,11,0,780662.3933863747,0.0,True,0.029254729399949646,849760.2541668226,829786.2605570038
601228,1000000.0,877485.0534893351,0.0,877485.0534893351,-122514.94651066489,68932.90901067005,0.0,112,27,11,112,0,0.13113775937394995,False,广州港,3.14,2026-09-08,2017-03-29,2026-09-08,,True,False,False,ok,10,0,877485.0534893351,0.0,True,0.029683656728186833,938946.1656930624,905004.4766812335
601229,1000000.0,769353.719482206,0.0,769353.719482206,-230646.28051779396,150671.08181780585,24780.0,201,51,55,201,0,0.2549025769303192,False,上海银行,9.55,2026-09-08,2016-11-16,2026-09-08,,True,False,False,ok,12,0,769353.719482206,0.0,True,0.08399259470946978,892747.8508765802,773658.4721326876
601231,1000000.0,1083880.1614710195,0.0,1083880.1614710195,83880.1614710195,76101.55352898498,11222.9,212,72,52,212,4,0.13460140831876685,False,环旭电子,25.1,2026-09-08,2016-05-16,2026-09-08,,False,False,False,ok,12,0,1083880.1614710195,0.0,True,0.03362173964190116,1124899.7252630915,1081711.0270738134
601233,1000000.0,822067.3849907846,0.0,822067.3849907846,-177932.61500921543,77275.43450921992,0.0,213,89,47,213,1,0.26319306032830414,False,桐昆股份,25.07,2026-09-08,2016-05-25,2026-09-08,,False,False,False,ok,11,0,822067.3849907846,0.0,True,0.038463282746204606,988047.1500244322,944015.3207343688
601236,1000000.0,1000000.0,0.0,1000000.0,0.0,0.0,0.0,0,0,0,0,0,0.0,False,红塔证券,7.03,2026-09-08,2019-07-05,2026-09-08,,True,False,True,ok,9,0,1000000.0,0.0,True,0.0,1000000.0,1000000.0
601238,1000000.0,935117.0522911786,0.0,935117.0522911786,-64882.94770882139,115256.48020882993,4950.0,248,82,54,248,1,0.13712808881748498,False,广汽集团,5.2,2026-09-08,2016-05-12,2026-09-08,,False,False,False,ok,21,0,935117.0522911786,0.0,True,0.05568363847039566,1003826.3078302558,989100.6075894414
601279,1000000.0,976382.4035147625,0.0,976382.4035147625,-23617.596485237475,25289.317485240015,0.0,79,30,19,79,0,0.10019455847585942,False,英利汽车,3.49,2026-09-08,2021-04-15,2026-09-08,,True,False,False,ok,3,0,976382.4035147625,0.0,True,0.012840205896251762,1000000.0,1045359.285050531
601288,1000000.0,692741.2430474313,0.0,692741.2430474313,-307258.75695256866,194401.03645258505,53443.759999999995,248,82,56,248,0,0.34578795030145465,False,农业银行,6.76,2026-09-08,2016-05-26,2026-09-08,,False,False,False,ok,14,0,692741.2430474313,0.0,True,0.10796495893269069,768689.2254149419,748981.2819386341
601298,1000000.0,1000202.9216393456,0.0,1000202.9216393456,202.9216393455863,89421.96586066004,13230.04,162,61,54,162,0,0.14469537438317995,False,青岛港,9.28,2026-09-08,2019-01-21,2026-09-08,,True,False,False,ok,10,0,1000202.9216393456,0.0,True,0.04928127288394669,966166.0537840817,909791.5800792522
601311,1000000.0,785236.6577245609,0.0,785236.6577245609,-214763.34227543906,65228.04177544503,0.0,163,36,17,163,2,0.2305504536944473,False,骆驼股份,7.69,2026-09-08,2016-05-26,2026-09-08,,False,False,False,ok,12,0,785236.6577245609,0.0,True,0.028772166729611037,911662.0742170741,801428.7899556649
601318,1000000.0,785979.857314944,0.0,785979.857314944,-214020.14268505597,118367.2046850651,37000.0,239,51,26,239,3,0.27592313350278624,False,中国平安,55.7,2026-09-08,2016-05-26,2026-09-08,,False,False,False,ok,24,0,785979.857314944,0.0,True,0.06207936321492578,844638.8271234862,772844.527700522
601319,1000000.0,932046.2539654698,0.0,932046.2539654698,-67953.74603453022,81360.77353453494,4710.4,150,50,27,150,0,0.1388696444080492,False,中国人保,7.82,2026-09-08,2018-11-16,2026-09-08,,True,False,False,ok,12,0,932046.2539654698,0.0,True,0.039121027277074706,980501.5227827909,950952.2279354224
601326,1000000.0,786487.2049393787,0.0,786487.2049393787,-213512.79506062134,47703.93706062502,3336.9999999999995,104,30,7,104,0,0.21351279506062135,False,秦港股份,3.58,2026-09-08,2017-08-16,2026-09-08,,True,False,False,ok,10,0,786487.2049393787,0.0,True,0.022773520191129226,891994.1508799716,830042.6604280577
601328,1000000.0,845456.0709235824,0.0,845456.0709235824,-154543.92907641758,182351.66357642988,21803.76,232,80,47,232,1,0.2381562973996564,False,交通银行,7.28,2026-09-08,2016-05-26,2026-09-08,,False,False,False,ok,14,0,845456.0709235824,0.0,True,0.10070156806926975,819900.3278121963,811547.1126538932
601330,1000000.0,871898.7219861528,0.0,871898.7219861528,-128101.27801384719,49633.719013850015,9210.0,112,43,19,112,2,0.2044565317507016,False,绿色动力,8.18,2026-09-08,2018-06-11,2026-09-08,,True,False,False,ok,10,0,871898.7219861528,0.0,True,0.023169081299797906,985633.8193266009,945048.9612252368
601333,1000000.0,908996.7179548624,0.0,908996.7179548624,-91003.2820451376,103318.36604514503,36825.0,189,80,48,189,0,0.16510551724480518,False,广深铁路,3.14,2026-09-08,2016-05-26,2026-09-08,,False,False,False,ok,9,0,908996.7179548624,0.0,True,0.054517968859424164,924805.2178672523,913116.0607878291
601336,1000000.0,799455.9065410558,0.0,799455.9065410558,-200544.09345894423,89570.37245895012,7494.0,250,61,25,250,0,0.30668229535775704,False,新华保险,60.06,2026-09-08,2016-05-26,2026-09-08,,False,False,False,ok,14,0,799455.9065410558,0.0,True,0.04952275494754492,865658.3438726527,745261.9598275197
601339,1000000.0,808873.4406041368,0.0,808873.4406041368,-191126.5593958632,94686.69539586993,22610.4,208,80,80,208,1,0.24154919340003084,False,百隆东方,7.44,2026-09-08,2016-05-25,2026-09-08,,False,False,False,ok,15,0,808873.4406041368,0.0,True,0.054198981372741574,848786.7902322441,857818.8838232502
601360,1000000.0,705345.8361704666,0.0,705345.8361704666,-294654.1638295334,66801.35982954007,6268.93,211,111,57,211,2,0.3382994650357637,False,三六零,8.97,2026-09-08,2015-11-26,2026-09-08,,False,False,False,ok,11,0,705345.8361704666,0.0,True,0.043126102081412335,790254.0878615142,707717.0311133957
601366,1000000.0,945714.744260197,0.0,945714.744260197,-54285.25573980296,124008.0512398099,0.0,181,114,46,181,2,0.21265189522770175,False,利群股份,3.93,2026-09-08,2017-04-12,2026-09-08,,True,False,False,ok,9,0,945714.744260197,0.0,True,0.08717166757614535,940378.8751608933,827999.4043506406
601368,1000000.0,832433.1997366399,0.0,832433.1997366399,-167566.80026336014,59048.81926336504,4127.200000000001,109,23,22,109,0,0.18211129904187773,False,绿城水务,4.63,2026-09-08,2016-05-18,2026-09-08,,False,False,False,ok,11,0,832433.1997366399,0.0,True,0.02723574780007125,854345.0917866228,868756.1526182988
601369,1000000.0,953775.8346407698,0.0,953775.8346407698,-46224.16535923025,73928.38735923501,20148.0,165,58,31,165,0,0.10086919553669048,False,陕鼓动力,8.62,2026-09-08,2016-03-15,2026-09-08,,False,False,False,ok,14,0,953775.8346407698,0.0,True,0.03418828702494901,1016326.2142838029,992893.0678990986
601375,1000000.0,867795.2034735736,0.0,867795.2034735736,-132204.79652642645,52986.191026430024,975.8000000000001,126,37,17,126,1,0.14950979122356386,False,中原证券,4.08,2026-09-08,2017-01-03,2026-09-08,,True,False,False,ok,14,0,867795.2034735736,0.0,True,0.02455089119483864,925804.3070962819,864737.4065438726
601377,1000000.0,1000000.0,0.0,1000000.0,0.0,0.0,0.0,0,0,0,0,0,0.0,False,兴业证券,5.91,2026-09-08,2016-05-11,2026-09-08,,False,False,True,ok,14,0,1000000.0,0.0,True,0.0,1000000.0,1000000.0
601388,1000000.0,852363.846848175,0.0,852363.846848175,-147636.15315182495,51817.248651830036,6344.499999999999,166,57,24,166,2,0.1660619107835996,False,怡球资源,3.47,2026-09-08,2016-05-23,2026-09-08,,False,False,False,ok,11,0,852363.846848175,0.0,True,0.02263000631442168,926798.2286656424,877930.3564416438
601390,1000000.0,802315.5356121364,0.0,802315.5356121364,-197684.46438786364,101265.5263878699,13796.0,193,80,50,193,0,0.27219716430348195,False,中国中铁,4.42,2026-09-08,2016-02-03,2026-09-08,,False,False,False,ok,13,0,802315.5356121364,0.0,True,0.05885583417150592,753247.8440335547,765393.5242885303
601398,1000000.0,780346.8142403436,0.0,780346.8142403436,-219653.18575965636,174386.8147596701,7960.82,220,76,27,220,0,0.2701260310385685,False,工商银行,7.94,2026-09-08,2016-05-26,2026-09-08,,False,False,False,ok,14,0,780346.8142403436,0.0,True,0.09280757670841548,850919.2733511587,761480.9095859556
601399,1000000.0,870561.302575183,0.0,870561.302575183,-129438.69742481702,34952.45592482,0.0,80,17,6,80,0,0.14035630048240721,False,国机重装,3.23,2026-09-08,2020-06-08,2026-09-08,,True,False,False,ok,0,0,870561.302575183,0.0,True,0.014308693951175512,968611.5243268302,883769.9344582772
601456,1000000.0,879544.313165359,0.0,879544.313165359,-120455.68683464103,45844.61883464504,0.0,123,46,17,123,0,0.14889004280855025,False,国联民生,8.84,2026-09-08,2020-07-31,2026-09-08,,True,False,False,ok,5,0,879544.313165359,0.0,True,0.025178607089351244,982474.06466588,939020.9170204023
601500,1000000.0,829482.9958657955,0.0,829482.9958657955,-170517.00413420447,76197.69113420995,0.0,182,45,26,182,0,0.204298832682553,False,通用股份,4.02,2026-09-08,2016-09-19,2026-09-08,,True,False,False,ok,8,0,829482.9958657955,0.0,True,0.037799935682512636,805471.0864188226,803459.7912735881
601512,1000000.0,854733.2502039038,0.0,854733.2502039038,-145266.74979609624,48601.20329609996,0.0,103,36,20,103,0,0.1482913222463342,False,中新集团,8.78,2026-09-08,2019-12-20,2026-09-08,,True,False,False,ok,7,0,854733.2502039038,0.0,True,0.02682083407234545,986176.1906412409,893338.0331740574
601515,1000000.0,716109.3513023865,0.0,716109.3513023865,-283890.6486976135,83091.96769761997,10700.0,207,74,49,207,0,0.3239123022045002,False,衢州东峰,3.36,2026-09-08,2016-05-16,2026-09-08,,False,False,False,ok,10,0,716109.3513023865,0.0,True,0.043144614293299625,785017.1250472338,742917.8592313105
601518,1000000.0,999827.2160983132,0.0,999827.2160983132,-172.78390168678015,89835.86240169512,0.0,160,54,32,160,1,0.08750985192096458,False,吉林高速,2.88,2026-09-08,2016-05-10,2026-09-08,,False,False,False,ok,10,0,999827.2160983132,0.0,True,0.03640706064433427,972685.0595453652,998740.2825487556
601519,1000000.0,761875.0763102861,0.0,761875.0763102861,-238124.92368971393,67999.9406897201,0.0,226,74,45,226,12,0.27555108956783914,False,大智慧,8.86,2026-09-08,2016-05-10,2026-09-08,,False,False,False,ok,0,0,761875.0763102861,0.0,True,0.03357792237436105,840074.775258373,782350.2918494046
601528,1000000.0,907043.3162553203,0.0,907043.3162553203,-92956.68374467967,44134.45124468498,15426.0,96,36,6,96,0,0.13326368344949593,False,瑞丰银行,5.2,2026-09-08,2021-06-25,2026-09-08,,True,False,False,ok,6,0,907043.3162553203,0.0,True,0.022876478140191513,1000000.0,913580.5216326877
601555,1000000.0,1000000.0,0.0,1000000.0,0.0,0.0,0.0,0,0,0,0,0,0.0,False,东吴证券,8.4,2026-09-08,2016-04-21,2026-09-08,,False,False,True,ok,14,0,1000000.0,0.0,True,0.0,1000000.0,1000000.0
601566,1000000.0,758017.7913801854,0.0,758017.7913801854,-241982.2086198146,86870.17961982008,37940.0,215,77,54,215,5,0.2712361422118051,False,九牧王,10.87,2026-09-08,2016-05-26,2026-09-08,,False,False,False,ok,12,0,758017.7913801854,0.0,True,0.04793054119413468,840371.4124524331,795647.7822984343
601567,1000000.0,820074.3219955214,0.0,820074.3219955214,-179925.67800447857,82561.18250448495,6370.0,225,97,45,225,5,0.21996936353961605,False,三星电气,13.54,2026-09-08,2016-05-26,2026-09-08,,False,False,False,ok,12,0,820074.3219955214,0.0,True,0.04483612569797033,883554.3270316233,833527.3162843594
601568,1000000.0,861279.8807833304,0.0,861279.8807833304,-138720.11921666958,61074.57021667501,0.0,86,20,6,86,0,0.15259612014700985,False,北元化工,3.89,2026-09-08,2020-10-20,2026-09-08,,True,False,False,ok,7,0,861279.8807833304,0.0,True,0.026702518573262057,1000414.9793267201,916119.8729399432
601577,1000000.0,723913.256700137,0.0,723913.256700137,-276086.74329986295,74111.58429987007,9540.0,138,64,22,138,0,0.27786800544674745,False,长沙银行,10.04,2026-09-08,2018-09-26,2026-09-08,,True,False,False,ok,9,0,723913.256700137,0.0,True,0.04586814269399721,873261.3104144735,753023.9275196997
601579,1000000.0,1014787.8153241996,0.0,1014787.8153241996,14787.815324199619,99647.7021758101,1728.0,227,99,45,227,2,0.14450260961154907,False,会稽山,23.0,2026-09-08,2016-05-26,2026-09-08,,False,False,False,ok,11,0,1014787.8153241996,0.0,True,0.04931227551779974,925074.2052385854,940745.6576380926
601588,1000000.0,830625.0604973517,0.0,830625.0604973517,-169374.9395026483,83097.55700265497,0.0,179,81,34,179,0,0.21759381204740424,False,北辰实业,1.81,2026-09-08,2016-05-26,2026-09-08,,False,False,False,ok,9,0,830625.0604973517,0.0,True,0.043622043837330114,845819.1849838742,792460.882151475
601595,1000000.0,882034.0434824345,0.0,882034.0434824345,-117965.95651756553,63848.992017569966,0.0,209,94,33,209,8,0.19474180539554375,False,上海电影,22.69,2026-09-08,2016-08-17,2026-09-08,,False,False,False,ok,8,0,882034.0434824345,0.0,True,0.03260715239842595,977418.879439642,995536.3201027279
601598,1000000.0,911112.3381999033,0.0,911112.3381999033,-88887.66180009674,56176.03480009999,37627.5,146,64,35,146,0,0.12584178412940325,False,中国外运,6.49,2026-09-08,2019-01-18,2026-09-08,,True,False,False,ok,12,0,911112.3381999033,0.0,True,0.030637323352688175,980670.235885381,932400.566976777
601599,1000000.0,1036481.7138854209,0.0,1036481.7138854209,36481.71388542093,70051.25061458499,0.0,190,59,34,190,1,0.1060662810560654,False,浙文影业,3.39,2026-09-08,2016-02-24,2026-09-08,,False,False,False,ok,5,0,1036481.7138854209,0.0,True,0.03021528414162692,915919.010677383,1030662.6889272692
601600,1000000.0,864654.380004489,0.0,864654.380004489,-135345.61999551102,68114.45799551507,0.0,210,80,48,210,2,0.19570050448297388,False,中国铝业,9.74,2026-09-08,2015-12-15,2026-09-08,,False,False,False,ok,7,0,864654.380004489,0.0,True,0.03490847264980167,913409.896983802,881292.8148349386
601601,1000000.0,719362.4940082226,0.0,719362.4940082226,-280637.5059917774,94356.51099178506,0.0,231,82,43,231,0,0.3552067405345755,False,XD中国太,33.56,2026-09-08,2016-05-26,2026-09-08,,False,False,False,ok,12,0,719362.4940082226,0.0,True,0.05191078331745957,889645.1072734948,761205.5578035063
601606,1000000.0,933759.7439091996,0.0,933759.7439091996,-66240.2560908004,50054.518090805,37.2,159,43,31,159,0,0.10749192132228196,False,长城军工,35.2,2026-09-08,2018-08-06,2026-09-08,,True,False,False,ok,7,0,933759.7439091996,0.0,True,0.023474069196920425,983343.9880141821,928050.6877460377
601607,1000000.0,787938.6732277093,0.0,787938.6732277093,-212061.32677229075,110546.9037723001,30065.0,208,88,47,208,1,0.22060311823861448,False,XD上海医,16.57,2026-09-08,2016-05-26,2026-09-08,,False,False,False,ok,14,0,787938.6732277093,0.0,True,0.06551896079630183,842869.1181498538,850924.3263540252
601608,1000000.0,815399.7941391689,0.0,815399.7941391689,-184600.20586083108,56046.28786083497,1164.4,154,77,29,154,3,0.20982656116233184,False,中信重工,4.86,2026-09-08,2016-02-15,2026-09-08,,False,False,False,ok,11,0,815399.7941391689,0.0,True,0.04172240068397512,800125.0997067527,811747.0954038437
601609,1000000.0,827164.9403045424,0.0,827164.9403045424,-172835.05969545757,30157.349195460014,0.0,80,32,8,80,0,0.17283505969545757,False,金田股份,13.39,2026-09-08,2020-04-22,2026-09-08,,True,False,False,ok,7,0,827164.9403045424,0.0,True,0.015485945323900536,926999.0648121408,941037.2967590119
601611,1000000.0,843824.1177450711,0.0,843824.1177450711,-156175.88225492893,63439.381754935035,2945.7999999999997,164,47,30,164,0,0.1712031502740816,False,中国核建,10.73,2026-09-08,2016-06-06,2026-09-08,,False,False,False,ok,11,0,843824.1177450711,0.0,True,0.03035487983010491,976206.194553083,895245.497483925
601615,1000000.0,923517.55347525,0.0,923517.55347525,-76482.44652474998,48166.34652475503,1311.176,150,54,18,150,1,0.11511762805168824,False,明阳智能,9.72,2026-09-08,2019-01-23,2026-09-08,,True,False,False,ok,8,0,923517.55347525,0.0,True,0.02265079643934305,996985.7256092507,968614.7257452979
601616,1000000.0,814227.9265460935,0.0,814227.9265460935,-185772.07345390646,45480.34995391,0.0,122,54,31,122,1,0.24722143495745805,False,广电电气,3.85,2026-09-08,2016-05-26,2026-09-08,,False,False,False,ok,9,0,814227.9265460935,0.0,True,0.02473952756842239,806492.6290744423,812336.7629209326
601618,1000000.0,715020.799279507,0.0,715020.799279507,-284979.200720493,92805.73622050005,0.0,195,77,29,195,1,0.3036216230825181,False,中国中冶,2.62,2026-09-08,2016-05-26,2026-09-08,,False,False,False,ok,11,0,715020.799279507,0.0,True,0.049232721223551955,840987.7216980441,776531.6679605255
601619,1000000.0,1005738.6157267948,0.0,1005738.6157267948,5738.615726794815,60094.30127321002,0.0,145,51,35,145,0,0.10503678146691908,False,嘉泽新能,4.18,2026-09-08,2017-07-20,2026-09-08,,True,False,False,ok,11,0,1005738.6157267948,0.0,True,0.02523564511359214,1085284.827611742,1055922.2589398734
601628,1000000.0,912944.1839043925,0.0,912944.1839043925,-87055.81609560747,100313.25459561503,3708.0,235,56,29,235,0,0.17669418235798423,False,中国人寿,38.06,2026-09-08,2016-05-26,2026-09-08,,False,False,False,ok,14,0,912944.1839043925,0.0,True,0.04916927617567929,930558.3569232939,888965.6490402307
601633,1000000.0,700137.2362702624,0.0,700137.2362702624,-299862.7637297376,94981.995729745,9505.0,256,94,37,256,1,0.3303678015081271,False,长城汽车,15.03,2026-09-08,2016-05-17,2026-09-08,,False,False,False,ok,14,0,700137.2362702624,0.0,True,0.05909962135087278,859129.4646455636,800890.8714798151
601636,1000000.0,757338.6846206229,0.0,757338.6846206229,-242661.3153793771,60890.221879380006,0.0,191,77,40,191,1,0.3191490098494527,False,旗滨集团,5.78,2026-09-08,2016-05-26,2026-09-08,,False,False,False,ok,11,0,757338.6846206229,0.0,True,0.031977669620558716,891570.0518155417,783643.594812517
601658,1000000.0,1052517.2769794848,0.0,1052517.2769794848,52517.27697948483,77950.47602052006,39308.85,129,50,31,129,0,0.07253598081008322,False,邮储银行,5.42,2026-09-08,2019-12-10,2026-09-08,,True,False,False,ok,9,0,1052517.2769794848,0.0,True,0.040233610715758976,985856.6278961706,962664.0158221377
601665,1000000.0,854080.3636731743,0.0,854080.3636731743,-145919.6363268257,50203.90232682997,8356.6,92,23,9,92,0,0.15233591067330243,False,齐鲁银行,7.08,2026-09-08,2021-06-18,2026-09-08,,True,False,False,ok,8,0,854080.3636731743,0.0,True,0.025048200383183308,1000000.0,936660.7257363464
601666,1000000.0,1041122.9583495263,0.0,1041122.9583495263,41122.95834952628,90526.53765047998,8016.0,236,101,60,236,0,0.1172897493774035,False,平煤股份,9.4,2026-09-08,2016-05-26,2026-09-08,,False,False,False,ok,8,0,1041122.9583495263,0.0,True,0.04357503433551306,1072982.1824041032,1009402.2934717403
601668,1000000.0,895072.933275833,0.0,895072.933275833,-104927.06672416697,141939.8387241799,7331.5,220,69,35,220,1,0.16302942471097748,False,中国建筑,4.37,2026-09-08,2016-05-26,2026-09-08,,False,False,False,ok,12,0,895072.933275833,0.0,True,0.06190785963715408,1005709.2188565079,967054.0180043243
601669,1000000.0,771895.2028916572,0.0,771895.2028916572,-228104.79710834275,93547.80510835012,5739.3460000000005,194,88,47,194,1,0.2716628137262882,False,中国电建,4.66,2026-09-08,2016-05-26,2026-09-08,,False,False,False,ok,12,0,771895.2028916572,0.0,True,0.053891758699474546,841364.7700240443,777109.7727808051
601677,1000000.0,732651.6200057198,0.0,732651.6200057198,-267348.37999428017,75348.83849428502,10707.6,199,60,28,199,2,0.28638938926670193,False,明泰铝业,16.61,2026-09-08,2016-05-26,2026-09-08,,False,False,False,ok,14,0,732651.6200057198,0.0,True,0.03780434076881276,861966.0609571026,778581.7439978188
601678,1000000.0,949629.5867678549,0.0,949629.5867678549,-50370.41323214513,62653.13473214998,0.0,155,31,33,155,1,0.1728646897720679,False,滨化股份,6.18,2026-09-08,2016-05-24,2026-09-08,,False,False,False,ok,14,0,949629.5867678549,0.0,True,0.02522834510251208,1070463.7248114727,943659.0716041442
601686,1000000.0,819203.9389161095,0.0,819203.9389161095,-180796.0610838905,44068.904583895,0.0,96,36,13,96,0,0.19867476487189373,False,友发集团,5.27,2026-09-08,2020-12-04,2026-09-08,,True,False,False,ok,7,0,819203.9389161095,0.0,True,0.02514038084564821,997632.7228918101,870253.1899946319
601688,1000000.0,970837.6189726405,0.0,970837.6189726405,-29162.381027359515,97474.13852736505,0.0,204,64,36,204,1,0.1968659056603149,False,华泰证券,19.27,2026-09-08,2016-05-26,2026-09-08,,False,False,False,ok,14,0,970837.6189726405,0.0,True,0.04820175724903476,918297.8355046728,888651.8536852191
601689,1000000.0,914301.0853570943,0.0,914301.0853570943,-85698.9146429057,65425.90614291007,0.0,227,58,26,227,2,0.15142098336480422,False,拓普集团,46.25,2026-09-08,2016-05-26,2026-09-08,,False,False,False,ok,10,0,914301.0853570943,0.0,True,0.030711627485967306,880231.3821136622,935015.6859353434
601696,1000000.0,1036298.9409775586,0.0,1036298.9409775586,36298.94097755861,50785.07802244501,1601.4,129,53,30,129,0,0.13119844492293245,False,中银证券,11.79,2026-09-08,2020-02-26,2026-09-08,,True,False,False,ok,9,0,1036298.9409775586,0.0,True,0.027472166902700764,988995.7473067108,954879.7186255119
601698,1000000.0,979511.701293784,0.0,979511.701293784,-20488.29870621604,43585.958706219986,0.0,148,51,28,148,3,0.0874827809570446,False,中国卫通,24.24,2026-09-08,2019-06-28,2026-09-08,,True,False,False,ok,8,0,979511.701293784,0.0,True,0.02334627134363831,933934.1672365605,987446.0990098721
601699,1000000.0,826922.5695962515,0.0,826922.5695962515,-173077.43040374853,77308.034403755,24436.9,233,78,34,233,2,0.25241601936373037,False,潞安环能,16.18,2026-09-08,2016-05-26,2026-09-08,,False,False,False,ok,11,0,826922.5695962515,0.0,True,0.04137858051037421,823073.632795562,873891.6401497839
601700,1000000.0,700364.3094455946,0.0,700364.3094455946,-299635.69055440545,58615.78055440997,0.0,198,76,48,198,8,0.33783689673341766,False,风范股份,7.01,2026-09-08,2015-08-10,2026-09-08,,False,False,False,ok,10,0,700364.3094455946,0.0,True,0.036558800248737096,755213.9321301931,718465.117077714
601702,1000000.0,1055228.7051294902,0.0,1055228.7051294902,55228.705129490234,46094.98387051499,0.0,148,45,25,148,0,0.08665488993794308,False,华峰铝业,15.63,2026-09-08,2020-09-07,2026-09-08,,True,False,False,ok,6,0,1055228.7051294902,0.0,True,0.02239076242276712,970605.5970695005,959336.5290561179
601717,1000000.0,826813.1465078407,0.0,826813.1465078407,-173186.85349215928,78886.41049216497,0.0,220,105,37,220,1,0.21797499398345216,False,中创智领,14.87,2026-09-08,2015-08-06,2026-09-08,,False,False,False,ok,12,0,826813.1465078407,0.0,True,0.041680709282670036,872615.0532438132,886298.7514608493
601718,1000000.0,717543.7735755518,0.0,717543.7735755518,-282456.2264244482,70659.80742445501,11032.999999999998,166,47,26,166,4,0.2907050881227361,False,ST际华,2.01,2026-09-08,2016-05-26,2026-09-08,,False,False,False,ok,8,0,717543.7735755518,0.0,True,0.0351172884885903,823093.750102524,802067.7909021348
601727,1000000.0,771426.2908643341,0.0,771426.2908643341,-228573.7091356659,62480.61113567004,0.0,159,34,28,159,1,0.23381172779114603,False,上海电气,6.74,2026-09-08,2015-05-07,2026-09-08,,False,False,False,ok,5,0,771426.2908643341,0.0,True,0.028165393592729848,856820.7240198023,848847.8986255031
601728,1000000.0,1152805.7848804973,0.0,1152805.7848804973,152805.78488049726,81125.82911950999,22683.59,127,56,32,127,0,0.15449243105359892,False,中国电信,6.31,2026-09-08,2021-08-20,2026-09-08,,True,False,False,ok,10,0,1152805.7848804973,0.0,True,0.04340379568205367,1000000.0,1076627.4964903418
601766,1000000.0,796390.4569970032,0.0,796390.4569970032,-203609.54300299683,113244.80050300494,19026.0,216,78,39,216,0,0.26468895462508896,False,中国中车,6.19,2026-09-08,2016-05-12,2026-09-08,,False,False,False,ok,13,0,796390.4569970032,0.0,True,0.05845073328812534,854578.4366809845,825066.505455666
601777,1000000.0,724224.1481858151,0.0,724224.1481858151,-275775.8518141849,50697.014814190064,0.0,186,94,44,186,6,0.2785606138786261,False,千里科技,8.18,2026-09-08,2016-05-16,2026-09-08,,False,False,False,ok,3,0,724224.1481858151,0.0,True,0.029817604930793155,840831.3411350825,775211.8116358487
601778,1000000.0,939918.1652731376,0.0,939918.1652731376,-60081.83472686238,35868.06472686498,581.7,106,60,19,106,0,0.09410762767908366,False,晶科科技,3.63,2026-09-08,2020-05-19,2026-09-08,,True,False,False,ok,7,0,939918.1652731376,0.0,True,0.0188459651798086,995276.9784308298,957274.2055933762
601788,1000000.0,712966.997337058,0.0,712966.997337058,-287033.00266294205,100364.50316294996,8029.5,221,74,30,221,2,0.3105803390885261,False,光大证券,14.45,2026-09-08,2016-05-26,2026-09-08,,False,False,False,ok,14,0,712966.997337058,0.0,True,0.05576898716422601,770489.7974558838,761029.2676499006
601789,1000000.0,794377.0318316114,0.0,794377.0318316114,-205622.9681683886,71012.42366839499,5186.0,190,86,37,190,4,0.2455772960494086,False,宁波建工,4.33,2026-09-08,2016-01-18,2026-09-08,,False,False,False,ok,12,0,794377.0318316114,0.0,True,0.03534732671597389,901261.4610394132,828617.8612032402
601798,1000000.0,824738.1180672742,0.0,824738.1180672742,-175261.88193272578,73037.75493272993,0.0,195,84,44,195,2,0.17744885121521978,False,蓝科高新,7.8,2026-09-08,2016-02-26,2026-09-08,,False,False,False,ok,2,0,824738.1180672742,0.0,True,0.03446610999934837,900341.1537790527,864870.2855847585
601799,1000000.0,1045816.8128482208,0.0,1045816.8128482208,45816.81284822081,101015.26365178493,2880.0,249,53,38,249,4,0.13382622533014416,False,星宇股份,77.58,2026-09-08,2016-05-26,2026-09-08,,False,False,False,ok,14,0,1045816.8128482208,0.0,True,0.0556446358275351,986392.1776235728,991637.2591801542
601800,1000000.0,739860.0471984921,0.0,739860.0471984921,-260139.9528015079,102042.76780151502,7845.409,236,96,38,236,0,0.2817990384692906,False,中国交建,6.0,2026-09-08,2016-05-26,2026-09-08,,False,False,False,ok,14,0,739860.0471984921,0.0,True,0.05759706912574835,807936.0938362542,832465.0068325147
601801,1000000.0,863453.3402954706,0.0,863453.3402954706,-136546.65970452945,68243.77620453492,2368.0,151,46,22,151,2,0.2238388445449714,False,皖新传媒,5.51,2026-09-08,2016-05-09,2026-09-08,,False,False,False,ok,14,0,863453.3402954706,0.0,True,0.031134971435821265,820240.4670898227,834152.7692318286
601808,1000000.0,862556.4813478715,0.0,862556.4813478715,-137443.51865212852,96351.90415213503,12338.5,253,107,56,253,3,0.15977022433662938,False,中海油服,12.85,2026-09-08,2016-05-26,2026-09-08,,False,False,False,ok,12,0,862556.4813478715,0.0,True,0.05448628010772977,921156.0185463623,863042.1723367793
601811,1000000.0,740118.7714156222,0.0,740118.7714156222,-259881.2285843778,67488.53108438502,19482.0,184,57,30,184,2,0.269791522453134,False,新华文轩,12.0,2026-09-08,2016-08-08,2026-09-08,,False,False,False,ok,14,0,740118.7714156222,0.0,True,0.036861687700363875,892671.1026447727,869016.3999961498
601816,1000000.0,1011842.684912889,0.0,1011842.684912889,11842.684912889032,96178.09008712004,14530.320000000002,135,45,28,135,0,0.08503472985665789,False,京沪高铁,4.82,2026-09-08,2020-01-16,2026-09-08,,True,False,False,ok,8,0,1011842.684912889,0.0,True,0.04794983312486816,1018940.3897868107,1017906.6049883037
601818,1000000.0,762809.2097145878,0.0,762809.2097145878,-237190.79028541222,169697.9767854249,22030.4,230,71,40,230,0,0.2524252228876783,False,光大银行,3.04,2026-09-08,2016-05-25,2026-09-08,,False,False,False,ok,14,0,762809.2097145878,0.0,True,0.08292020608654632,930025.7707246465,838236.0985977995
601825,1000000.0,1055919.835299702,0.0,1055919.835299702,55919.835299701896,67106.02020030505,65214.799999999996,97,31,16,97,0,0.06670370022375291,False,沪农商行,9.01,2026-09-08,2021-08-19,2026-09-08,,True,False,False,ok,8,0,1055919.835299702,0.0,True,0.031200068834878917,1000000.0,978868.8866615628
601827,1000000.0,849240.0672505175,0.0,849240.0672505175,-150759.93274948245,39225.223249484945,9496.2,76,19,11,76,0,0.17098316805455274,False,三峰环境,8.06,2026-09-08,2020-06-05,2026-09-08,,True,False,False,ok,6,0,849240.0672505175,0.0,True,0.020067659042641222,968678.02830389,894448.7717689311
601828,1000000.0,772885.2881799795,0.0,772885.2881799795,-227114.71182002046,56041.77232002504,4779.0,142,40,27,142,1,0.25621950950172745,False,美凯龙,2.31,2026-09-08,2018-01-17,2026-09-08,,True,False,False,ok,5,0,772885.2881799795,0.0,True,0.02873437433400377,883853.0535030415,764157.221148913
601838,1000000.0,833098.8592068059,0.0,833098.8592068059,-166901.14079319406,86712.83129319998,18051.600000000002,175,68,31,175,0,0.18433321816167544,False,成都银行,19.81,2026-09-08,2018-01-31,2026-09-08,,True,False,False,ok,9,0,833098.8592068059,0.0,True,0.046886841784792785,976625.3131839718,887466.997550789
601857,1000000.0,594368.1526248944,0.0,594368.1526248944,-405631.8473751056,125458.99237511502,25548.484,250,102,44,250,2,0.4095812779180188,False,中国石油,11.3,2026-09-08,2016-05-26,2026-09-08,,False,False,False,ok,23,0,594368.1526248944,0.0,True,0.08054601197267543,673027.5947218561,661206.0681144979
601858,1000000.0,965210.5137795708,0.0,965210.5137795708,-34789.486220429186,70974.67672043496,10078.92,215,78,43,215,1,0.1023705406170981,False,XD中国科,22.9,2026-09-08,2017-01-18,2026-09-08,,True,False,False,ok,10,0,965210.5137795708,0.0,True,0.03358062347137444,958820.8623534327,957417.4345311988
601860,1000000.0,803378.3529044169,0.0,803378.3529044169,-196621.64709558315,69644.93859558999,7120.0,114,24,11,114,2,0.23685000244143448,False,紫金银行,2.66,2026-09-08,2019-01-03,2026-09-08,,True,False,False,ok,10,0,803378.3529044169,0.0,True,0.0319839185708521,956375.5892336519,820394.7512053736
601865,1000000.0,673079.6293407085,0.0,673079.6293407085,-326920.3706592915,42960.985159295,0.0,166,71,17,166,4,0.3415819967645899,False,福莱特,9.99,2026-09-08,2019-02-15,2026-09-08,,True,False,False,ok,9,0,673079.6293407085,0.0,True,0.025515159696266422,956107.2319122705,884262.2077726471
601866,1000000.0,807730.1491777954,0.0,807730.1491777954,-192269.8508222046,76927.68532220996,2699.2000000000003,170,67,24,170,3,0.24747526233184175,False,中远海发,2.48,2026-09-08,2016-05-04,2026-09-08,,False,False,False,ok,10,0,807730.1491777954,0.0,True,0.03730063971060477,907019.3855691325,818405.9690122589
601868,1000000.0,815499.551656494,0.0,815499.551656494,-184500.44834350597,39264.337343509964,0.0,75,28,13,75,0,0.18875040670471552,False,中国能建,2.49,2026-09-08,2021-09-28,2026-09-08,,True,False,False,ok,6,0,815499.551656494,0.0,True,0.02306463798893465,1000000.0,928170.0516048362
601869,1000000.0,963391.1265724638,0.0,963391.1265724638,-36608.87342753622,50661.47492754003,5815.8,159,27,13,159,1,0.14138192696998153,False,长飞光纤,416.85,2026-09-08,2018-07-20,2026-09-08,,True,False,False,ok,9,0,963391.1265724638,0.0,True,0.022129623311679426,932453.5387480916,913902.3817663527
601872,1000000.0,1030854.2895752324,0.0,1030854.2895752324,30854.289575232426,100016.84092477491,5563.0,264,124,86,264,1,0.08818415960274281,False,招商轮船,19.08,2026-09-08,2015-12-28,2026-09-08,,False,False,False,ok,14,0,1030854.2895752324,0.0,True,0.052408384205633735,936087.2430530636,996710.474915636
601877,1000000.0,725087.0857710988,0.0,725087.0857710988,-274912.91422890115,70920.65422890506,10510.0,190,54,37,190,3,0.2864445489918209,False,正泰电器,25.54,2026-09-08,2016-05-18,2026-09-08,,False,False,False,ok,15,0,725087.0857710988,0.0,True,0.036785184832118734,860767.2475261017,754241.0199600076
601878,1000000.0,872283.1497249869,0.0,872283.1497249869,-127716.85027501313,73277.75077501999,4182.0,182,55,32,182,1,0.19498130168001493,False,浙商证券,9.37,2026-09-08,2017-06-26,2026-09-08,,True,False,False,ok,11,0,872283.1497249869,0.0,True,0.03672334878622481,915796.1250141519,861717.4117527384
601880,1000000.0,711072.6513775372,0.0,711072.6513775372,-288927.3486224628,115647.11812246982,1672.5,173,71,19,173,0,0.29978579804053274,False,辽港股份,1.47,2026-09-08,2016-05-03,2026-09-08,,False,False,False,ok,12,0,711072.6513775372,0.0,True,0.06018547684712619,822444.2108905436,754080.066304406
601881,1000000.0,813060.5174522967,0.0,813060.5174522967,-186939.48254770332,71130.80604770998,14159.619999999999,189,53,24,189,2,0.19152789298920334,False,中国银河,12.25,2026-09-08,2017-01-23,2026-09-08,,True,False,False,ok,12,0,813060.5174522967,0.0,True,0.03538722632360318,867520.5914017821,905688.938245779
601882,1000000.0,840652.0966000296,0.0,840652.0966000296,-159347.90339997038,66480.50489997499,1152.0,200,68,35,200,0,0.20015820151619565,False,海天精工,22.76,2026-09-08,2016-11-07,2026-09-08,,True,False,False,ok,11,0,840652.0966000296,0.0,True,0.03328790602398488,937070.2926537921,862402.6554608226
601886,1000000.0,843933.2245009219,0.0,843933.2245009219,-156066.7754990781,92290.46399908497,32575.0,218,91,49,218,2,0.21443591074082394,False,江河集团,13.41,2026-09-08,2016-05-26,2026-09-08,,False,False,False,ok,14,0,843933.2245009219,0.0,True,0.047187731522827854,827668.6071751346,806980.3439053609
601888,1000000.0,811560.0173198001,0.0,811560.0173198001,-188439.9826801999,85751.7346802049,4600.0,240,45,30,240,2,0.27916749479018566,False,中国中免,54.59,2026-09-08,2016-05-26,2026-09-08,,False,False,False,ok,13,0,811560.0173198001,0.0,True,0.04532525645948644,983449.9920993124,911629.1227411686
601890,1000000.0,786874.0350847344,0.0,786874.0350847344,-213125.96491526556,61083.17691527005,980.0,195,51,25,195,1,0.26550485223854997,False,亚星锚链,9.16,2026-09-08,2016-05-26,2026-09-08,,False,False,False,ok,12,0,786874.0350847344,0.0,True,0.03011298709791695,798600.7675929621,820698.9539178434
601898,1000000.0,888821.2214027627,0.0,888821.2214027627,-111178.77859723731,94391.94109724494,5989.9,225,68,43,225,0,0.1678753595527941,False,中煤能源,14.9,2026-09-08,2016-05-26,2026-09-08,,False,False,False,ok,13,0,888821.2214027627,0.0,True,0.045488503376564876,940559.2575879642,911139.5140695657
601899,1000000.0,1088432.4780495397,0.0,1088432.4780495397,88432.47804953973,102322.98595046496,14950.0,233,108,70,233,1,0.12646494838014982,False,紫金矿业,33.86,2026-09-08,2016-05-18,2026-09-08,,False,False,False,ok,16,0,1088432.4780495397,0.0,True,0.05370514191253891,1022050.711041813,991549.896363284
601900,1000000.0,805192.7404054911,0.0,805192.7404054911,-194807.2595945089,79580.82409451499,0.0,188,65,37,188,3,0.2561160709627223,False,南方传媒,12.9,2026-09-08,2016-02-15,2026-09-08,,False,False,False,ok,12,0,805192.7404054911,0.0,True,0.04129418971771471,836102.912766434,809048.2633460793
601901,1000000.0,862188.0519022507,0.0,862188.0519022507,-137811.94809774926,102929.53859775499,1792.0,218,68,39,218,1,0.18745360530992838,False,方正证券,6.91,2026-09-08,2016-05-12,2026-09-08,,False,False,False,ok,12,0,862188.0519022507,0.0,True,0.04803314970415478,926351.1864209434,861228.8920269348
601908,1000000.0,848269.7617302029,0.0,848269.7617302029,-151730.23826979706,60490.17876980007,0.0,179,83,34,179,0,0.2553144958003677,False,京运通,3.03,2026-09-08,2016-05-26,2026-09-08,,False,False,False,ok,8,0,848269.7617302029,0.0,True,0.027869619744978733,975384.2459986815,879908.5999285122
601916,1000000.0,1000000.0,0.0,1000000.0,0.0,0.0,0.0,0,0,0,0,0,0.0,False,浙商银行,2.96,2026-09-08,2019-11-26,2026-09-08,,True,False,True,ok,6,0,1000000.0,0.0,True,0.0,1000000.0,1000000.0
601918,1000000.0,1147878.268125543,0.0,1147878.268125543,147878.2681255429,88640.67287446497,2532.0,199,87,37,199,1,0.09889491256457973,False,新集能源,10.25,2026-09-08,2016-05-09,2026-09-08,,False,False,False,ok,8,0,1147878.268125543,0.0,True,0.03994713597205048,1012265.863628753,979191.3072056497
601919,1000000.0,842738.1262513218,0.0,842738.1262513218,-157261.87374867825,79575.12074868499,0.0,214,84,48,214,3,0.21520488788735898,False,中远海控,16.14,2026-09-08,2016-03-15,2026-09-08,,False,False,False,ok,10,0,842738.1262513218,0.0,True,0.046712324098827716,861880.1125193622,846813.5911543088
601921,1000000.0,900404.0873813885,0.0,900404.0873813885,-99595.91261861147,37786.00411861499,10670.000000000002,93,33,13,93,2,0.1349747268776204,False,浙版传媒,7.74,2026-09-08,2021-07-23,2026-09-08,,True,False,False,ok,7,0,900404.0873813885,0.0,True,0.02005631538698172,1000000.0,985583.2468347212
601928,1000000.0,789821.1288424485,0.0,789821.1288424485,-210178.87115755153,103601.13565756005,47230.0,215,88,50,215,2,0.2238778048649694,False,凤凰传媒,8.88,2026-09-08,2016-05-26,2026-09-08,,False,False,False,ok,14,0,789821.1288424485,0.0,True,0.05707608657453026,867160.4010785942,847861.45702788
601929,1000000.0,752133.7916450243,0.0,752133.7916450243,-247866.20835497568,53522.34185498,0.0,147,50,26,147,2,0.28621874459543967,False,吉视传媒,2.66,2026-09-08,2016-05-26,2026-09-08,,False,False,False,ok,8,0,752133.7916450243,0.0,True,0.024022071696821756,991782.6341175823,889219.1414158186
601933,1000000.0,717883.1072726974,0.0,717883.1072726974,-282116.8927273026,110895.57622731016,0.0,292,145,67,292,1,0.34117937328640335,False,永辉超市,3.36,2026-09-08,2016-05-18,2026-09-08,,False,False,False,ok,8,0,717883.1072726974,0.0,True,0.06457433631098924,776386.1944446944,729548.2442939513
601939,1000000.0,772403.7533866442,0.0,772403.7533866442,-227596.24661335582,175322.26661337007,44522.329999999994,250,98,30,250,1,0.3118203459052064,False,建设银行,10.68,2026-09-08,2016-05-26,2026-09-08,,False,False,False,ok,14,0,772403.7533866442,0.0,True,0.09705429429605847,777000.5612017191,748500.952084646
601949,1000000.0,828216.666141019,0.0,828216.666141019,-171783.33385898103,54729.65185898498,8265.4,161,77,38,161,2,0.19414436280275799,False,中国出版,7.05,2026-09-08,2017-08-21,2026-09-08,,True,False,False,ok,9,0,828216.666141019,0.0,True,0.03009939332605768,949515.2353354711,884097.2590073717
601952,1000000.0,925192.1781230959,0.0,925192.1781230959,-74807.82187690411,89441.13037691005,10342.0,190,58,37,190,0,0.10325399134072787,False,苏垦农发,10.59,2026-09-08,2017-05-15,2026-09-08,,True,False,False,ok,11,0,925192.1781230959,0.0,True,0.041768742372604015,930714.1490501927,949140.9981838139
601956,1000000.0,964584.5450510869,0.0,964584.5450510869,-35415.45494891307,28031.442448914982,1840.0,65,13,6,65,0,0.06105531168309293,False,东贝集团,5.08,2026-09-08,2020-12-25,2026-09-08,,True,False,False,ok,6,0,964584.5450510869,0.0,True,0.010784185862408011,1000000.0,957426.7105734362
601958,1000000.0,901245.7716989506,0.0,901245.7716989506,-98754.22830104944,78277.46530105501,0.0,179,46,25,179,1,0.19977096322337515,False,金钼股份,21.5,2026-09-08,2016-05-26,2026-09-08,,False,False,False,ok,11,0,901245.7716989506,0.0,True,0.030569376128969383,1012552.2889228035,911217.23285588
601963,1000000.0,830404.1055610739,0.0,830404.1055610739,-169595.89443892613,48560.148938929975,65327.21000000001,88,33,15,88,1,0.17934857587503134,False,重庆银行,11.11,2026-09-08,2021-02-05,2026-09-08,,True,False,False,ok,8,0,830404.1055610739,0.0,True,0.027767129635343484,1000000.0,937947.8444835667
601965,1000000.0,1003750.9221304918,0.0,1003750.9221304918,3750.9221304918174,83442.084369515,2790.0,195,54,32,195,0,0.12114796869199794,False,中国汽研,13.82,2026-09-08,2016-05-26,2026-09-08,,False,False,False,ok,14,0,1003750.9221304918,0.0,True,0.035469044720143394,1105613.4580022139,1035612.025400625
601966,1000000.0,1000000.0,0.0,1000000.0,0.0,0.0,0.0,0,0,0,0,0,0.0,False,玲珑轮胎,10.89,2026-09-08,2016-07-06,2026-09-08,,False,False,False,error,0,0,1000000.0,0.0,True,0.0,1000000.0,1000000.0
601968,1000000.0,1127256.144766984,0.0,1127256.144766984,127256.14476698404,77403.50423302007,0.0,156,68,27,156,1,0.05738434620847035,False,宝钢包装,4.72,2026-09-08,2016-04-26,2026-09-08,,False,False,False,ok,13,0,1127256.144766984,0.0,True,0.035043998947569356,1070386.404433162,1113673.173332053
601969,1000000.0,883258.2803195136,0.0,883258.2803195136,-116741.71968048636,52704.27718049002,2956.0,171,48,14,171,2,0.1951853249001342,False,海南矿业,9.68,2026-09-08,2016-04-29,2026-09-08,,False,False,False,ok,8,0,883258.2803195136,0.0,True,0.0220634406081573,972429.9587675625,874012.828734628
601975,1000000.0,661592.1936663958,0.0,661592.1936663958,-338407.80633360415,53909.884333609974,423.90000000000003,168,90,25,168,2,0.3563128061677913,False,招商南油,4.66,2026-09-08,2019-01-08,2026-09-08,,True,False,False,ok,1,0,661592.1936663958,0.0,True,0.03309573212542185,866543.3694548517,776195.6320352632
601985,1000000.0,710745.2649116078,0.0,710745.2649116078,-289254.73508839216,130566.67608840013,21870.0,224,81,39,224,1,0.2938959424296352,False,XD中国核,8.93,2026-09-08,2016-05-26,2026-09-08,,False,False,False,ok,12,0,710745.2649116078,0.0,True,0.07656515057264755,857373.2055401133,857626.4071575798
601988,1000000.0,671962.9955411871,0.0,671962.9955411871,-328037.0044588129,157948.37995882504,38093.840000000004,214,76,40,214,1,0.3463885092582524,False,中国银行,6.39,2026-09-08,2016-05-26,2026-09-08,,False,False,False,ok,14,0,671962.9955411871,0.0,True,0.10224161725654488,738245.9703733866,691895.0596654988
601990,1000000.0,714869.34431072,0.0,714869.34431072,-285130.65568928,57398.39968928501,6401.0,145,48,25,145,3,0.313244996986495,False,南京证券,6.79,2026-09-08,2018-06-13,2026-09-08,,True,False,False,ok,10,0,714869.34431072,0.0,True,0.03196130135802617,863615.9145671815,759694.4181989083
601991,1000000.0,877840.6114249062,0.0,877840.6114249062,-122159.38857509382,79940.75707509999,0.0,189,65,30,189,1,0.24792537120751024,False,大唐发电,5.63,2026-09-08,2016-05-12,2026-09-08,,False,False,False,ok,11,0,877840.6114249062,0.0,True,0.03862950072972702,837609.962088343,779512.6191963645
601992,1000000.0,823900.8835516691,0.0,823900.8835516691,-176099.11644833093,66078.80744833499,0.0,132,63,16,132,0,0.21380914468687712,False,金隅集团,1.43,2026-09-08,2016-05-24,2026-09-08,,False,False,False,ok,12,0,823900.8835516691,0.0,True,0.035506175365930495,849033.7039155622,803799.392966518
601995,1000000.0,931971.7885901978,0.0,931971.7885901978,-68028.2114098022,41702.11390980499,1701.9999999999998,96,21,10,96,0,0.08401073671364429,False,中金公司,32.58,2026-09-08,2020-11-02,2026-09-08,,True,False,False,ok,8,0,931971.7885901978,0.0,True,0.022172589766895887,986487.5651606402,966169.0586235165
601996,1000000.0,937441.615517209,0.0,937441.615517209,-62558.38448279095,66572.35198279498,0.0,147,36,27,147,0,0.12077249587376308,False,丰林集团,2.94,2026-09-08,2016-05-12,2026-09-08,,False,False,False,ok,9,0,937441.615517209,0.0,True,0.026479163363288365,927777.6945316121,931568.399431658
601997,1000000.0,657537.3763061933,0.0,657537.3763061933,-342462.6236938067,121825.28519381497,0.0,195,61,21,195,1,0.3613918866911567,False,贵阳银行,5.61,2026-09-08,2016-08-16,2026-09-08,,False,False,False,ok,10,0,657537.3763061933,0.0,True,0.06246941244866302,837173.0585111838,712342.9501902862
601998,1000000.0,821130.2294394564,0.0,821130.2294394564,-178869.77056054363,160676.339560555,46982.100000000006,248,83,47,248,0,0.2881174037491671,False,中信银行,8.91,2026-09-08,2016-05-26,2026-09-08,,False,False,False,ok,13,0,821130.2294394564,0.0,True,0.08073960476022606,878446.0118036164,824818.9748664782
601999,1000000.0,746115.4649629297,0.0,746115.4649629297,-253884.53503707028,54011.57303707499,5494.599999999999,156,74,41,156,1,0.25640581143162017,False,出版传媒,8.02,2026-09-08,2016-01-05,2026-09-08,,False,False,False,ok,12,0,746115.4649629297,0.0,True,0.02800332157167623,868125.2656746227,785466.202667434
603000,1000000.0,854648.7454221395,0.0,854648.7454221395,-145351.25457786047,67390.608577865,0.0,210,80,41,210,1,0.1520725348297069,False,XD人民网,17.53,2026-09-08,2016-05-26,2026-09-08,,False,False,False,ok,12,0,854648.7454221395,0.0,True,0.03514382615288071,909811.2898160625,932689.0219304683
603001,1000000.0,724887.3078879445,0.0,724887.3078879445,-275112.6921120555,67694.24911206003,0.0,161,63,32,161,4,0.28806503245744647,False,奥康国际,9.23,2026-09-08,2016-05-03,2026-09-08,,False,False,False,ok,10,0,724887.3078879445,0.0,True,0.03562566878996667,810863.6986029427,760908.5477423037
603002,1000000.0,829130.2313858776,0.0,829130.2313858776,-170869.7686141224,50289.11311412504,0.0,160,68,39,160,2,0.2666731078321617,False,宏昌电子,16.42,2026-09-08,2016-04-26,2026-09-08,,False,False,False,ok,13,0,829130.2313858776,0.0,True,0.027266991519629462,792282.3657907213,781702.4338912814
603004,1000000.0,961388.3440669053,0.0,961388.3440669053,-38611.65593309468,5872.760433095003,0.0,21,5,2,21,0,0.045946809474352764,False,鼎龙科技,19.08,2026-09-08,2023-12-27,2026-09-08,,True,False,False,ok,3,0,961388.3440669053,0.0,True,0.0036181270893587167,1000000.0,1000000.0
603005,1000000.0,887522.3274606643,0.0,887522.3274606643,-112477.67253933568,55651.37803934002,1222.1999999999998,218,55,26,218,2,0.24012091474569866,False,晶方科技,28.97,2026-09-08,2016-05-23,2026-09-08,,False,False,False,ok,12,0,887522.3274606643,0.0,True,0.029969711690903927,825723.335592173,840597.1079576089
603006,1000000.0,762881.8856463551,0.0,762881.8856463551,-237118.1143536449,57908.73185364996,0.0,191,70,47,191,3,0.2382085161187048,False,联明股份,11.34,2026-09-08,2016-05-12,2026-09-08,,False,False,False,ok,11,0,762881.8856463551,0.0,True,0.029946894737966013,898040.1717584934,885710.1668755341
603007,1000000.0,902398.2844365583,0.0,902398.2844365583,-97601.71556344174,58039.095063445,5100.0,164,77,42,164,17,0.15186812639578717,False,顺景科技,5.13,2026-09-08,2016-08-26,2026-09-08,,False,False,False,ok,5,1,902398.2844365583,0.0,True,0.02939744801376331,949513.4494512421,955616.9500828737
603008,1000000.0,757551.063724908,0.0,757551.063724908,-242448.93627509195,74628.89677510006,13930.0,232,69,48,232,10,0.26618147567823136,False,ST喜临门,9.23,2026-09-08,2016-05-24,2026-09-08,,False,False,False,ok,10,0,757551.063724908,0.0,True,0.037131412712439076,935319.8994618746,834215.3867356663
603009,1000000.0,993266.3091734342,0.0,993266.3091734342,-6733.690826565842,52643.962826569965,417.59999999999997,192,79,48,192,4,0.07508204310561159,False,北特科技,48.66,2026-09-08,2016-02-22,2026-09-08,,False,False,False,ok,10,0,993266.3091734342,0.0,True,0.029761272096363377,972897.2101836521,1012996.426210223
603010,1000000.0,953348.1373845626,0.0,953348.1373845626,-46651.86261543736,70614.154215442,5978.5,198,76,30,198,2,0.15538334498233683,True,万盛股份,11.35,2026-09-08,2015-06-16,2026-09-08,,False,False,False,ok,12,0,953348.1373845626,0.0,True,0.04616005999204533,1006478.3011475209,947624.6918536219
603011,1000000.0,866836.6469439914,0.0,866836.6469439914,-133163.35305600858,77821.40155601503,0.0,196,89,45,196,3,0.20549714300652924,False,合锻智能,26.25,2026-09-08,2016-05-26,2026-09-08,,False,False,False,ok,7,0,866836.6469439914,0.0,True,0.03960813919237039,981862.8012725841,923220.8375280857
603012,1000000.0,986547.8879274467,0.0,986547.8879274467,-13452.112072553253,72452.14957256008,0.0,139,64,41,139,6,0.1874283641611888,False,创力集团,9.96,2026-09-08,2016-05-24,2026-09-08,,False,False,False,ok,12,0,986547.8879274467,0.0,True,0.036038787967466554,983869.0252445656,979695.451212961
603013,1000000.0,943223.5398480175,0.0,943223.5398480175,-56776.460151982494,37347.71865198503,12480.0,105,33,22,105,0,0.06874411396631301,False,亚普股份,14.83,2026-09-08,2018-05-09,2026-09-08,,True,False,False,ok,10,0,943223.5398480175,0.0,True,0.01773775904719988,994668.3661994914,977325.8662172919
603014,1000000.0,988568.2577728804,0.0,988568.2577728804,-11431.742227119626,1554.08622712,0.0,7,5,4,7,0,0.0263187652024246,False,威高血净,31.81,2026-09-08,2025-05-19,2026-09-08,,True,False,False,ok,2,0,988568.2577728804,0.0,True,0.0015625531325842575,1000000.0,1000000.0
603015,1000000.0,760476.510326629,0.0,760476.510326629,-239523.48967337096,38155.965173375036,7646.0,136,55,14,136,2,0.2431946963850587,False,弘讯科技,10.99,2026-09-08,2016-05-12,2026-09-08,,False,False,False,ok,11,0,760476.510326629,0.0,True,0.020286624932567807,830564.0528476215,792166.634002568
603016,1000000.0,948110.5071729793,0.0,948110.5071729793,-51889.4928270207,59777.544827025034,10229.6,196,93,38,196,6,0.11921883037409912,False,新宏泰,32.47,2026-09-08,2016-07-01,2026-09-08,,False,False,False,ok,10,0,948110.5071729793,0.0,True,0.03426128617942401,899539.9674620819,927559.0889081327
603017,1000000.0,740930.3047156285,0.0,740930.3047156285,-259069.6952843715,61833.23678437502,0.0,195,59,35,195,2,0.33512961007468395,False,中衡设计,10.12,2026-09-08,2016-05-26,2026-09-08,,False,False,False,ok,12,0,740930.3047156285,0.0,True,0.031208047812958134,811528.2243584327,715595.9430444529
603018,1000000.0,978359.5885531864,0.0,978359.5885531864,-21640.41144681361,103475.35744682293,19487.5,211,78,37,211,0,0.15346407179948823,False,华设集团,5.42,2026-09-08,2016-05-26,2026-09-08,,False,False,False,ok,12,0,978359.5885531864,0.0,True,0.04895675489862318,951542.2427448395,977272.3125030559
603019,1000000.0,1091850.1798835115,0.0,1091850.1798835115,91850.1798835115,78496.2661164951,2380.0,244,66,39,244,0,0.10532747411232507,False,中科曙光,82.54,2026-09-08,2016-05-09,2026-09-08,,False,False,False,ok,14,0,1091850.1798835115,0.0,True,0.03708402610211074,1031463.5458557629,1026780.029276334
603020,1000000.0,901904.8867334141,0.0,901904.8867334141,-98095.11326658586,52291.25276658999,3762.0,142,44,24,142,1,0.14592449770472307,False,爱普股份,10.71,2026-09-08,2016-05-26,2026-09-08,,False,False,False,ok,12,0,901904.8867334141,0.0,True,0.022587655852883803,952224.7406105018,906300.208331833
603021,1000000.0,768907.8567880504,0.0,768907.8567880504,-231092.14321194962,66187.05721195499,0.0,222,99,70,222,7,0.28240654422828126,False,*ST华鹏,5.73,2026-09-08,2016-01-07,2026-09-08,,False,False,False,ok,4,0,768907.8567880504,0.0,True,0.04485411732136697,873861.1208586728,771764.0651926842
603022,1000000.0,782508.270032525,0.0,782508.270032525,-217491.72996747505,54394.41746747999,0.0,151,62,33,151,3,0.22080352276970677,False,新通联,9.34,2026-09-08,2016-05-25,2026-09-08,,False,False,False,ok,8,0,782508.270032525,0.0,True,0.028056984998448643,899752.4834892331,881186.0770105295
603023,1000000.0,963832.3983675282,0.0,963832.3983675282,-36167.60163247178,58616.287132474994,0.0,179,124,75,179,3,0.12135279433876753,False,威帝股份,4.25,2026-09-08,2016-04-21,2026-09-08,,False,False,False,ok,7,0,963832.3983675282,0.0,True,0.03625116761058326,948081.6377898819,931381.6859226475
603025,1000000.0,736884.9222006802,0.0,736884.9222006802,-263115.07779931976,72593.86179932502,0.0,222,84,39,222,2,0.33830440265337997,False,大豪科技,13.45,2026-09-08,2016-04-06,2026-09-08,,False,False,False,ok,13,0,736884.9222006802,0.0,True,0.035133381620531534,951565.4297596527,811204.5401665291
603026,1000000.0,1093052.9025839448,0.0,1093052.9025839448,93052.90258394484,65267.62241606001,2760.0,211,58,33,211,1,0.11738165984985946,False,石大胜华,62.6,2026-09-08,2016-05-26,2026-09-08,,False,False,False,ok,9,0,1093052.9025839448,0.0,True,0.02919786766852906,1173790.9203109127,1120808.5427700889
603027,1000000.0,853375.4529628882,0.0,853375.4529628882,-146624.54703711183,85835.47103711998,0.0,244,67,39,244,1,0.16944064442037446,False,千禾味业,7.72,2026-09-08,2016-05-25,2026-09-08,,False,False,False,ok,13,0,853375.4529628882,0.0,True,0.03976065751766,915920.877104494,904278.270390441
603028,1000000.0,728762.1119234554,0.0,728762.1119234554,-271237.8880765446,56863.810576549986,303.6,172,61,25,172,1,0.27164888803472464,False,赛福天,7.19,2026-09-08,2016-04-27,2026-09-08,,False,False,False,ok,7,0,728762.1119234554,0.0,True,0.028770297484222742,862243.2591012231,750457.2822472901
603029,1000000.0,942167.7753131486,0.0,942167.7753131486,-57832.224686851376,54422.22218685496,1008.1999999999999,163,61,37,163,5,0.13355627238814252,False,天鹅股份,17.61,2026-09-08,2016-04-27,2026-09-08,,False,False,False,ok,10,0,942167.7753131486,0.0,True,0.029886067182300108,914550.5795004319,982481.0848084183
603030,1000000.0,883212.3074926011,0.0,883212.3074926011,-116787.6925073989,67963.82650740496,0.0,198,95,60,198,4,0.20031445952317306,False,全筑股份,2.26,2026-09-08,2016-05-12,2026-09-08,,False,False,False,ok,7,0,883212.3074926011,0.0,True,0.036456091175243385,871809.4941593433,930180.5568793193
603031,1000000.0,896029.108079878,0.0,896029.108079878,-103970.89192012197,82965.44717012753,1890.0,213,112,49,213,5,0.13229661869939585,False,安孚科技,43.9,2026-09-08,2016-08-22,2026-09-08,,False,False,False,ok,6,0,896029.108079878,0.0,True,0.051565283089809906,970233.4596518326,906579.8078143201
603032,1000000.0,739398.7805348239,0.0,739398.7805348239,-260601.2194651761,52628.14246517999,629.0,216,93,63,216,11,0.3491135410215874,False,德新科技,19.24,2026-09-08,2017-01-05,2026-09-08,,True,False,False,ok,6,0,739398.7805348239,0.0,True,0.03076210595666949,959309.9394349521,789420.7034774685
603033,1000000.0,899078.150896602,0.0,899078.150896602,-100921.84910339804,89345.35500340293,4424.0,229,102,50,229,0,0.1731297018636338,False,三维股份,7.27,2026-09-08,2016-12-07,2026-09-08,,True,False,False,ok,8,0,899078.150896602,0.0,True,0.04640717518785537,1032439.330808365,948821.1162668103
603035,1000000.0,851438.8656963839,0.0,851438.8656963839,-148561.13430361613,53180.623803620016,3385.48,158,51,26,158,2,0.16288267266107118,False,常熟汽饰,10.87,2026-09-08,2017-01-05,2026-09-08,,True,False,False,ok,10,0,851438.8656963839,0.0,True,0.02349998803775929,935383.1788568608,950436.331949882
603036,1000000.0,779496.726826329,0.0,779496.726826329,-220503.27317367098,56547.918673675,0.0,159,50,27,159,1,0.2336994819754032,False,如通股份,13.66,2026-09-08,2016-12-09,2026-09-08,,True,False,False,ok,11,0,779496.726826329,0.0,True,0.02755812239495792,802578.7260285917,817511.4288907476
603037,1000000.0,797690.9463641692,0.0,797690.9463641692,-202309.05363583076,66413.86573583599,10060.0,184,66,23,184,3,0.22787211104749172,True,凯众股份,10.27,2026-09-08,2017-01-20,2026-09-08,,True,False,False,ok,10,0,797690.9463641692,0.0,True,0.03199296064163375,930879.8918372241,814128.3459879699
603038,1000000.0,997658.0530829896,0.0,997658.0530829896,-2341.946917010355,63148.12841701505,625.0,206,92,46,206,5,0.17566857626019522,False,华立股份,16.49,2026-09-08,2017-01-16,2026-09-08,,True,False,False,ok,10,0,997658.0530829896,0.0,True,0.03370796975500788,958940.6726681623,848513.7887477735
603039,1000000.0,922195.0999724993,0.0,922195.0999724993,-77804.9000275007,72873.77952750499,697.5,222,74,35,222,1,0.22541763323981237,False,泛微网络,38.0,2026-09-08,2017-01-13,2026-09-08,,True,False,False,ok,12,0,922195.0999724993,0.0,True,0.03989921368052218,1082298.2074823924,989837.4398901283
603040,1000000.0,1111541.9211802133,0.0,1111541.9211802133,111541.92118021334,70327.08054479222,10075.0,188,35,21,188,3,0.08538421570885568,False,新坐标,49.33,2026-09-08,2017-02-09,2026-09-08,,True,False,False,ok,15,0,1111541.9211802133,0.0,True,0.026469278748771,1073751.1304738827,1080856.6431176988
603041,1000000.0,977225.7405082282,0.0,977225.7405082282,-22774.25949177181,53601.648491775006,0.0,115,42,20,115,0,0.0941811707541958,False,美思德,11.47,2026-09-08,2017-03-30,2026-09-08,,True,False,False,ok,9,0,977225.7405082282,0.0,True,0.023559846799768514,913817.7197966613,973661.8478808575
603042,1000000.0,777174.3223858693,0.0,777174.3223858693,-222825.67761413066,40188.09111413502,0.0,170,71,33,170,3,0.24669300809985573,False,华脉科技,16.97,2026-09-08,2017-06-02,2026-09-08,,True,False,False,ok,5,0,777174.3223858693,0.0,True,0.022067268472062664,855012.9020174025,829222.5892386388
603043,1000000.0,1072288.4808622391,0.0,1072288.4808622391,72288.48086223914,108263.61713776996,7640.0,205,67,37,205,0,0.12552133733561618,False,广州酒家,14.07,2026-09-08,2017-06-27,2026-09-08,,True,False,False,ok,10,0,1072288.4808622391,0.0,True,0.04600286556043785,1151539.715934994,1130731.7756869863
603045,1000000.0,1136989.278943939,0.0,1136989.278943939,136989.2789439389,47646.826556064974,540.0,124,39,31,124,2,0.042623915485911074,False,福达合金,49.53,2026-09-08,2018-05-17,2026-09-08,,True,False,False,ok,7,0,1136989.278943939,0.0,True,0.020941097636036392,1039837.3756010911,1091492.6569308024
603048,1000000.0,925511.6419127518,0.0,925511.6419127518,-74488.35808724817,19632.235087250006,5089.0,63,18,9,63,2,0.1081979866494477,False,浙江黎明,23.53,2026-09-08,2021-11-16,2026-09-08,,True,False,False,ok,7,0,925511.6419127518,0.0,True,0.009861581293146212,1000000.0,969183.2282652506
603049,1000000.0,990628.8970478504,0.0,990628.8970478504,-9371.10295214958,3481.3979521500005,0.0,9,0,0,9,0,0.01715240193029982,False,中策橡胶,47.91,2026-09-08,2025-06-05,2026-09-08,,True,False,False,ok,2,0,990628.8970478504,0.0,True,0.0017215779741110982,1000000.0,1000000.0
603050,1000000.0,911194.4419942688,0.0,911194.4419942688,-88805.5580057312,58483.26350573496,2623.4999999999995,184,60,30,184,4,0.17647764400372504,False,科林电气,18.18,2026-09-08,2017-04-14,2026-09-08,,True,False,False,ok,10,0,911194.4419942688,0.0,True,0.02869875235394064,1043897.1427322616,966131.4069550465
603051,1000000.0,1025060.6660805214,0.0,1025060.6660805214,25060.66608052142,18576.650919479995,0.0,66,17,6,66,0,0.033919099132657594,False,鹿山新材,21.24,2026-09-08,2022-03-25,2026-09-08,,True,False,False,ok,3,0,1025060.6660805214,0.0,True,0.00914643009344547,1000000.0,1006631.9174046507
603052,1000000.0,1044606.760101509,0.0,1044606.760101509,44606.76010150905,16280.825198492998,1900.0,80,25,14,80,3,0.049500592442473165,False,可川科技,56.72,2026-09-08,2022-10-11,2026-09-08,,True,False,False,ok,3,0,1044606.760101509,0.0,True,0.012168734406647579,1000000.0,1000522.0268607
603053,1000000.0,921060.3433764444,0.0,921060.3433764444,-78939.65662355558,51204.375123559985,0.0,92,22,13,92,0,0.11270887253665612,False,成都燃气,8.97,2026-09-08,2019-12-17,2026-09-08,,True,False,False,ok,7,0,921060.3433764444,0.0,True,0.02294458849652866,998237.3002929103,964607.5416183076
603055,1000000.0,783335.6190885492,0.0,783335.6190885492,-216664.38091145083,70185.13791145498,4361.0,208,71,35,208,2,0.23646993773608804,False,台华新材,9.42,2026-09-08,2017-09-21,2026-09-08,,True,False,False,ok,9,0,783335.6190885492,0.0,True,0.03663879093418618,900654.2318129422,888599.8938859035
603057,1000000.0,1008928.8458490369,0.0,1008928.8458490369,8928.845849036938,18658.090650964994,0.0,64,18,7,64,1,0.07289584777452217,False,紫燕食品,20.4,2026-09-08,2022-09-26,2026-09-08,,True,False,False,ok,5,0,1008928.8458490369,0.0,True,0.010838822553521574,1000000.0,984209.62147799
603058,1000000.0,881313.7756749658,0.0,881313.7756749658,-118686.22432503419,70672.42132504006,4804.5,218,82,51,218,4,0.23315757873463436,False,永吉股份,9.64,2026-09-08,2016-12-23,2026-09-08,,True,False,False,ok,10,0,881313.7756749658,0.0,True,0.03188139186904556,1023505.2232194633,935852.8077481901
603059,1000000.0,698893.969892824,0.0,698893.969892824,-301106.03010717605,46538.643107179996,0.0,141,40,32,141,3,0.30417107526624926,False,倍加洁,26.1,2026-09-08,2018-03-02,2026-09-08,,True,False,False,ok,8,0,698893.969892824,0.0,True,0.025267984154957197,877653.537276522,859500.7216294181
603060,1000000.0,979373.1914747641,0.0,979373.1914747641,-20626.808525235858,89729.822725244,1642.2,190,70,37,190,1,0.21100514212442023,False,国检集团,5.65,2026-09-08,2016-11-09,2026-09-08,,True,False,False,ok,10,0,979373.1914747641,0.0,True,0.038321556788566476,1158392.6173980983,1034297.9228606562
603061,1000000.0,1049277.9892721802,0.0,1049277.9892721802,49277.989272180246,9290.067727819998,0.0,44,9,1,44,0,0.04160298873045439,False,金海通,318.04,2026-09-08,2023-03-03,2026-09-08,,True,False,False,ok,4,0,1049277.9892721802,0.0,True,0.006011710118036563,1000000.0,1000000.0
603062,1000000.0,996456.1127554161,0.0,996456.1127554161,-3543.8872445839224,11591.475744585001,4320.0,40,14,4,40,0,0.04580854148115129,False,麦加芯彩,38.09,2026-09-08,2023-11-07,2026-09-08,,True,False,False,ok,6,0,996456.1127554161,0.0,True,0.006964868905325882,1000000.0,1000000.0
603063,1000000.0,980508.1061470036,0.0,980508.1061470036,-19491.893852996407,57714.564852999996,1270.5,213,67,34,213,1,0.143962141419828,False,禾望电气,31.8,2026-09-08,2017-07-28,2026-09-08,,True,False,False,ok,9,0,980508.1061470036,0.0,True,0.028201697863009988,968058.1753096614,906872.6948389227
603065,1000000.0,999643.8103073862,0.0,999643.8103073862,-356.18969261378516,10663.429192615004,0.0,38,15,13,38,0,0.05728773943463445,False,宿迁联盛,14.26,2026-09-08,2023-03-21,2026-09-08,,True,False,False,ok,6,0,999643.8103073862,0.0,True,0.006211323776264255,1000000.0,1000000.0
603066,1000000.0,848846.7309564357,0.0,848846.7309564357,-151153.26904356433,69605.81904356994,0.0,199,56,38,199,3,0.1792418062066172,False,音飞储存,9.29,2026-09-08,2016-01-21,2026-09-08,,False,False,False,ok,13,0,848846.7309564357,0.0,True,0.033370535811105634,935489.986153913,930353.159982254
603067,1000000.0,924186.582922279,0.0,924186.582922279,-75813.41707772098,51550.18757772501,4092.3,171,56,26,171,2,0.15710126898034812,False,振华股份,37.6,2026-09-08,2016-09-13,2026-09-08,,True,False,False,ok,10,0,924186.582922279,0.0,True,0.023102408408746476,882652.9445244123,873791.2418722432
603068,1000000.0,823783.1264550838,0.0,823783.1264550838,-176216.87354491616,39266.889044920004,320.0,150,36,17,150,4,0.24454668077888111,False,博通集成,38.22,2026-09-08,2019-04-15,2026-09-08,,True,False,False,ok,6,0,823783.1264550838,0.0,True,0.020365666323217412,942894.8432382819,825018.9408226623
603069,1000000.0,795504.7571735363,0.0,795504.7571735363,-204495.24282646365,62874.16632646998,0.0,229,143,62,229,10,0.27631683453658873,False,海汽集团,14.03,2026-09-08,2016-07-12,2026-09-08,,False,False,False,ok,4,0,795504.7571735363,0.0,True,0.0371958923916573,1022177.1927824732,837454.3325718845
603070,1000000.0,1003680.4919285362,0.0,1003680.4919285362,3680.491928536212,19417.252571465015,1320.0,61,16,11,61,2,0.04362429961861159,False,万控智造,11.88,2026-09-08,2022-03-10,2026-09-08,,True,False,False,ok,5,0,1003680.4919285362,0.0,True,0.00909679103966934,1000000.0,980092.3340887157
603071,1000000.0,989806.9751352479,0.0,989806.9751352479,-10193.024864752078,30916.671364754988,0.0,52,15,8,52,0,0.06453032484955994,False,物产环能,12.66,2026-09-08,2021-12-16,2026-09-08,,True,False,False,ok,6,0,989806.9751352479,0.0,True,0.01620850154110525,1000000.0,992028.7905202812
603072,1000000.0,971633.5664910658,0.0,971633.5664910658,-28366.43350893422,5919.571008935,0.0,19,6,5,19,0,0.042569878860087694,False,天和磁材,31.58,2026-09-08,2025-01-03,2026-09-08,,True,False,False,ok,2,0,971633.5664910658,0.0,True,0.0041042971632022475,1000000.0,1000000.0
603073,1000000.0,1011090.2756782803,0.0,1011090.2756782803,11090.275678280275,5574.229321720002,0.0,17,4,1,17,0,0.01834748692024511,False,彩蝶实业,17.31,2026-09-08,2023-03-16,2026-09-08,,True,False,False,ok,4,0,1011090.2756782803,0.0,True,0.002795576552799408,1000000.0,1000000.0
603075,1000000.0,1004357.1276275013,0.0,1004357.1276275013,4357.127627501264,11219.037372499994,0.0,30,8,8,30,0,0.039386312674346224,False,热威股份,20.93,2026-09-08,2023-09-11,2026-09-08,,True,False,False,ok,3,0,1004357.1276275013,0.0,True,0.006580843121913688,1000000.0,1000000.0
603076,1000000.0,859497.2053009052,0.0,859497.2053009052,-140502.79469909484,59576.23669910003,1245.0,200,61,33,200,1,0.16398867209248283,False,乐惠国际,20.91,2026-09-08,2017-11-13,2026-09-08,,True,False,False,ok,8,0,859497.2053009052,0.0,True,0.03230075094477618,905351.801879972,892993.7504224582
603077,1000000.0,774691.556696787,0.0,774691.556696787,-225308.443303213,97441.22730321999,0.0,214,120,50,214,0,0.2741277285659295,False,和邦生物,2.53,2026-09-08,2016-05-10,2026-09-08,,False,False,False,ok,8,0,774691.556696787,0.0,True,0.06356467616927425,808284.6638712446,763316.6208658456
603078,1000000.0,992409.8368863785,0.0,992409.8368863785,-7590.163113621529,54910.44061362503,870.0,188,71,45,188,0,0.10231699244657794,False,江化微,32.26,2026-09-08,2017-04-10,2026-09-08,,True,False,False,ok,11,0,992409.8368863785,0.0,True,0.027703889467680116,988001.7729177317,1070724.0452244426
603079,1000000.0,852554.32865371,0.0,852554.32865371,-147445.67134629004,62312.27484629501,6668.0,191,64,39,191,2,0.18741359457243115,False,圣达生物,13.37,2026-09-08,2017-08-23,2026-09-08,,True,False,False,ok,8,0,852554.32865371,0.0,True,0.031071667158772333,975228.6552261423,953697.4220407788
603080,1000000.0,830543.3465429789,0.0,830543.3465429789,-169456.6534570211,40944.28145702502,16180.999999999998,132,34,22,132,1,0.1879336783265054,False,新疆火炬,20.46,2026-09-08,2018-01-03,2026-09-08,,True,False,False,ok,8,0,830543.3465429789,0.0,True,0.019834451635544575,847636.5906759821,859819.647823483
603081,1000000.0,740853.7842911556,0.0,740853.7842911556,-259146.21570884436,60129.95520885005,1524.0,178,57,25,178,2,0.2846768263160234,False,大丰实业,10.05,2026-09-08,2017-04-20,2026-09-08,,True,False,False,ok,9,0,740853.7842911556,0.0,True,0.030263727179612707,822094.2750136132,793991.6428388592
603082,1000000.0,1029383.206378861,0.0,1029383.206378861,29383.20637886098,9586.16762114,0.0,27,5,5,27,1,0.0639280448735078,False,北自科技,48.31,2026-09-08,2024-01-30,2026-09-08,,True,False,False,ok,3,0,1029383.206378861,0.0,True,0.005171913254510086,1000000.0,1000000.0
603083,1000000.0,916932.4294302387,0.0,916932.4294302387,-83067.57056976133,48143.95506976501,224.4,192,62,38,192,9,0.18168266208648698,False,剑桥科技,222.3,2026-09-08,2017-11-10,2026-09-08,,True,False,False,ok,9,0,916932.4294302387,0.0,True,0.02339478844511735,965861.4963458314,891821.8413420031
603085,1000000.0,713886.9750294582,0.0,713886.9750294582,-286113.0249705418,59142.244470544945,440.0,200,79,39,200,7,0.2960129337774094,False,天成自控,9.94,2026-09-08,2016-05-11,2026-09-08,,False,False,False,ok,5,0,713886.9750294582,0.0,True,0.03493352377986179,749889.8816785426,720547.9126928428
603086,1000000.0,823620.1627954154,0.0,823620.1627954154,-176379.83720458462,66447.34420459006,0.0,179,84,35,179,2,0.1763798372045846,False,先达股份,6.57,2026-09-08,2017-05-11,2026-09-08,,True,False,False,ok,6,0,823620.1627954154,0.0,True,0.03445353372234987,899413.7521817137,926090.879180215
603087,1000000.0,897664.4583042996,0.0,897664.4583042996,-102335.54169570038,36775.58619570498,0.0,106,27,7,106,0,0.16166589154049496,False,甘李药业,69.39,2026-09-08,2020-06-29,2026-09-08,,True,False,False,ok,7,0,897664.4583042996,0.0,True,0.020495317359680312,965973.6025696108,957069.8478648877
603088,1000000.0,753456.848258524,0.0,753456.848258524,-246543.15174147603,54376.23324148001,0.0,193,60,29,193,6,0.3122975678945769,False,宁波精达,10.24,2026-09-08,2016-05-03,2026-09-08,,False,False,False,ok,12,0,753456.848258524,0.0,True,0.03252182986981772,726574.943509033,746023.0002250589
603089,1000000.0,835250.4998822443,0.0,835250.4998822443,-164749.50011775573,47255.358742760036,2850.0,156,41,24,156,2,0.21638977775699145,False,正裕工业,9.88,2026-09-08,2017-01-26,2026-09-08,,True,False,False,ok,9,0,835250.4998822443,0.0,True,0.021660665588172368,858415.0074969574,805381.6479695684
603090,1000000.0,907396.538659144,0.0,907396.538659144,-92603.46134085604,46569.18834086004,0.0,157,59,36,157,3,0.1360739608016161,False,宏盛股份,41.84,2026-09-08,2016-08-31,2026-09-08,,False,False,False,ok,9,0,907396.538659144,0.0,True,0.023454061170238114,924535.6373972221,978671.2902295681
603091,1000000.0,978972.1830307865,0.0,978972.1830307865,-21027.81696921354,6934.031469215,3360.0,23,3,2,23,0,0.06044482998748286,False,众鑫股份,50.48,2026-09-08,2024-09-20,2026-09-08,,True,False,False,ok,2,0,978972.1830307865,0.0,True,0.004070232997145416,1000000.0,1000000.0
603092,1000000.0,1000000.0,0.0,1000000.0,0.0,0.0,0.0,0,0,0,0,0,0.0,False,德力佳,42.04,2026-09-08,2025-11-07,2026-09-08,,True,False,False,ok,1,0,1000000.0,0.0,True,0.0,1000000.0,1000000.0
603093,1000000.0,878310.002401818,0.0,878310.002401818,-121689.99759818194,38198.672598184974,1603.8000000000002,113,32,17,113,0,0.1592351867913639,False,南华期货,13.29,2026-09-08,2019-08-30,2026-09-08,,True,False,False,ok,6,0,878310.002401818,0.0,True,0.018539407934292148,962925.3125813308,853458.9568598776
603095,1000000.0,1024325.1569629625,0.0,1024325.1569629625,24325.156962962472,43867.07903704,2125.0,100,21,24,100,1,0.11294505689572776,False,越剑智能,14.99,2026-09-08,2020-04-15,2026-09-08,,True,False,False,ok,8,0,1024325.1569629625,0.0,True,0.0188304531426384,1038945.1044472207,1021193.4660209916
603096,1000000.0,851754.3595056442,0.0,851754.3595056442,-148245.64049435582,71187.47749435996,12540.0,185,64,29,185,1,0.19259734327082417,False,新经典,16.49,2026-09-08,2017-04-25,2026-09-08,,True,False,False,ok,10,0,851754.3595056442,0.0,True,0.03592322922417813,961426.9114995926,883270.2363978534
603097,1000000.0,1061529.601343083,0.0,1061529.601343083,61529.60134308296,21806.75465691999,0.0,86,25,22,86,1,0.08439951493293761,False,江苏华辰,19.21,2026-09-08,2022-05-12,2026-09-08,,True,False,False,ok,4,0,1061529.601343083,0.0,True,0.012419404110309657,1000000.0,1044559.6161731002
603098,1000000.0,905089.0995576412,0.0,905089.0995576412,-94910.9004423588,71775.305942365,7330.0,185,55,24,185,3,0.13201428251446248,False,森特股份,11.64,2026-09-08,2016-12-16,2026-09-08,,True,False,False,ok,10,0,905089.0995576412,0.0,True,0.03246300066907145,1000231.327117474,954022.7152710403
603099,1000000.0,874326.4122672956,0.0,874326.4122672956,-125673.58773270436,72022.21673271003,468.0,238,113,62,238,0,0.19507034770808424,False,长白山,39.4,2026-09-08,2016-05-26,2026-09-08,,False,False,False,ok,9,0,874326.4122672956,0.0,True,0.03936925670938476,940486.036873443,884648.6267495084
603100,1000000.0,829411.4986273163,0.0,829411.4986273163,-170588.50137268368,66609.93837268998,6540.0,182,41,16,182,0,0.18580793268422321,False,川仪股份,18.76,2026-09-08,2016-03-31,2026-09-08,,False,False,False,ok,14,0,829411.4986273163,0.0,True,0.028832325478834964,992239.9516832128,945722.836195234
603101,1000000.0,994195.0776210536,0.0,994195.0776210536,-5804.922378946445,79972.07147895197,1515.0,224,112,74,224,2,0.10031294771000081,False,汇嘉时代,7.93,2026-09-08,2016-05-26,2026-09-08,,False,False,False,ok,7,0,994195.0776210536,0.0,True,0.041425268667217706,1074041.168884631,1089710.0276747618
603102,1000000.0,1038762.3208126312,0.0,1038762.3208126312,38762.320812631166,17676.15818737,3225.0,50,2,0,50,0,0.045752340111299646,False,百合股份,37.91,2026-09-08,2022-01-25,2026-09-08,,True,False,False,ok,5,0,1038762.3208126312,0.0,True,0.007192852407113736,1000000.0,995788.7702970054
603103,1000000.0,993020.5916141708,0.0,993020.5916141708,-6979.408385829185,66401.17008583405,4387.2,190,72,40,190,3,0.12205459649323602,False,横店影视,16.49,2026-09-08,2017-10-12,2026-09-08,,True,False,False,ok,5,0,993020.5916141708,0.0,True,0.029901182320434906,1056843.0231724882,1128014.5461483547
603105,1000000.0,944840.5292984836,0.0,944840.5292984836,-55159.47070151637,39338.770701519985,2280.0,128,51,25,128,3,0.08364430654091817,False,芯能科技,7.8,2026-09-08,2018-07-09,2026-09-08,,True,False,False,ok,7,0,944840.5292984836,0.0,True,0.018814540101596465,1030294.5509241617,991276.7833941279
603106,1000000.0,947854.6785990837,0.0,947854.6785990837,-52145.32140091632,47968.40490092004,0.0,177,64,23,177,6,0.1331816892145976,False,恒银科技,8.07,2026-09-08,2017-09-20,2026-09-08,,True,False,False,ok,5,0,947854.6785990837,0.0,True,0.021578577744812043,974265.2939679918,941549.8240125123
603107,1000000.0,872242.4257512907,0.0,872242.4257512907,-127757.57424870925,14120.729248710006,6990.0,28,11,7,28,0,0.15852015267708325,False,上海汽配,12.21,2026-09-08,2023-11-01,2026-09-08,,True,False,False,ok,3,0,872242.4257512907,0.0,True,0.010086054345663746,1000000.0,1000000.0
603108,1000000.0,763212.0494946697,0.0,763212.0494946697,-236787.95050533034,73148.62000533499,0.0,231,95,47,231,3,0.2669233636289149,False,润达医疗,10.07,2026-09-08,2015-11-10,2026-09-08,,False,False,False,ok,8,0,763212.0494946697,0.0,True,0.039854445896109945,912946.1621029122,824721.5261132724
603109,1000000.0,958860.3525479884,0.0,958860.3525479884,-41139.64745201159,37506.37295201497,14120.0,129,27,19,129,1,0.07683759466351135,False,神驰机电,17.47,2026-09-08,2019-12-31,2026-09-08,,True,False,False,ok,7,0,958860.3525479884,0.0,True,0.017704691452406537,966451.3070966708,974296.0918113117
603110,1000000.0,952105.521090599,0.0,952105.521090599,-47894.47890940099,67794.09290940495,0.0,204,80,30,204,2,0.19373044974085368,False,东方材料,24.24,2026-09-08,2017-10-13,2026-09-08,,True,False,False,ok,8,0,952105.521090599,0.0,True,0.03120315859041339,1145347.6643239316,1069907.067333997
603111,1000000.0,954835.6761530214,0.0,954835.6761530214,-45164.3238469786,83966.72734698503,2240.0,203,68,42,203,1,0.14213347197921616,False,康尼机电,6.32,2026-09-08,2015-12-29,2026-09-08,,False,False,False,ok,7,0,954835.6761530214,0.0,True,0.03778541682944197,931681.0028598038,935344.5710637898
603112,1000000.0,1044461.5866404476,0.0,1044461.5866404476,44461.58664044761,31272.940359555,0.0,78,16,17,78,1,0.043587103903409696,False,华翔股份,17.02,2026-09-08,2020-09-17,2026-09-08,,True,False,False,ok,8,0,1044461.5866404476,0.0,True,0.013754075278438875,1049111.7962548498,1037984.4460901213
603113,1000000.0,796897.9491724075,0.0,796897.9491724075,-203102.0508275925,45013.54482759501,0.0,127,22,16,127,2,0.23521658982368351,False,金能科技,5.63,2026-09-08,2017-05-11,2026-09-08,,True,False,False,ok,10,0,796897.9491724075,0.0,True,0.018344277391748022,941653.9004067415,845932.7205442023
603115,1000000.0,1165468.8235378095,0.0,1165468.8235378095,165468.82353780954,39119.603962195,15075.0,96,48,25,96,1,0.06252304609602533,False,海星股份,78.05,2026-09-08,2019-08-09,2026-09-08,,True,False,False,ok,7,0,1165468.8235378095,0.0,True,0.020463912371150108,1085702.7849602515,1104686.9709667433
603116,1000000.0,826390.2153647549,0.0,826390.2153647549,-173609.7846352451,68683.31263525,5412.000000000001,158,52,34,158,2,0.2137923340768184,False,红蜻蜓,6.44,2026-09-08,2016-05-24,2026-09-08,,False,False,False,ok,11,0,826390.2153647549,0.0,True,0.032184242571754985,900116.4484081636,898308.8705454539
603117,1000000.0,725170.9639074849,0.0,725170.9639074849,-274829.0360925151,59779.42259251997,2281.6,174,92,45,174,9,0.2864948624743691,False,万林物流,4.23,2026-09-08,2016-05-11,2026-09-08,,False,False,False,ok,6,0,725170.9639074849,0.0,True,0.04321009777322312,888480.5755568922,752330.2003117632
603118,1000000.0,998102.9714756529,0.0,998102.9714756529,-1897.0285243471153,51354.97452435007,0.0,172,64,39,172,2,0.14221922881882984,False,共进股份,18.04,2026-09-08,2016-05-18,2026-09-08,,False,False,False,ok,11,0,998102.9714756529,0.0,True,0.023957360494677355,949242.1028072119,945622.6238856373
603119,1000000.0,980044.0522645256,0.0,980044.0522645256,-19955.947735474445,7524.585235474998,0.0,40,9,4,40,1,0.06768308952352892,False,浙江荣泰,53.7,2026-09-08,2023-08-01,2026-09-08,,True,False,False,ok,4,0,980044.0522645256,0.0,True,0.004487218592325329,1000000.0,1000000.0
603120,1000000.0,1038377.503075555,0.0,1038377.503075555,38377.50307555497,2095.051424445,0.0,12,4,3,12,0,0.022948343635752735,False,肯特催化,50.5,2026-09-08,2025-04-16,2026-09-08,,True,False,False,ok,1,0,1038377.503075555,0.0,True,0.0012975124124292004,1000000.0,1000000.0
603121,1000000.0,943708.1695132471,0.0,943708.1695132471,-56291.83048675291,38515.463486755,0.0,133,23,21,133,3,0.11779745317215914,False,华培动力,13.25,2026-09-08,2019-01-11,2026-09-08,,True,False,False,ok,6,0,943708.1695132471,0.0,True,0.017724743115642927,967692.0847767411,938525.4923952513
603122,1000000.0,853577.0696584875,0.0,853577.0696584875,-146422.93034151255,20943.258841515006,7680.0,75,58,35,75,2,0.15612173334672008,False,合富中国,13.38,2026-09-08,2022-02-16,2026-09-08,,True,False,False,ok,4,0,853577.0696584875,0.0,True,0.017784130819900643,1000000.0,949246.3820112459
603123,1000000.0,802627.2185632787,0.0,802627.2185632787,-197372.78143672133,58009.218436724994,5760.0,193,100,56,193,5,0.22607035634751402,False,翠微股份,12.28,2026-09-08,2016-05-11,2026-09-08,,False,False,False,ok,8,0,802627.2185632787,0.0,True,0.0335238542766687,868480.0900663824,822817.4122927326
603124,1000000.0,1025308.3953796751,0.0,1025308.3953796751,25308.395379675087,1882.152120325,598.0,12,1,2,12,0,0.027880516193093806,False,江南新材,132.0,2026-09-08,2025-03-20,2026-09-08,,True,False,False,ok,2,0,1025308.3953796751,0.0,True,0.0010452514735557542,1000000.0,1000000.0
603125,1000000.0,1041603.8650110415,0.0,1041603.8650110415,41603.86501104152,13153.578988960006,0.0,45,12,8,45,0,0.026513387423689472,False,常青科技,22.81,2026-09-08,2023-04-10,2026-09-08,,True,False,False,ok,4,0,1041603.8650110415,0.0,True,0.007850220793039568,1000000.0,1000000.0
603126,1000000.0,896012.0203188845,0.0,896012.0203188845,-103987.97968111548,64808.95668111998,1687.0,186,67,47,186,2,0.17503740515154764,False,中材节能,6.44,2026-09-08,2016-03-02,2026-09-08,,False,False,False,ok,12,0,896012.0203188845,0.0,True,0.03329942485382065,1021265.2663830728,950483.279734508
603127,1000000.0,1026707.9729667585,0.0,1026707.9729667585,26707.972966758534,61402.21953324502,2960.0,197,53,26,197,1,0.11665647228459831,False,昭衍新药,43.62,2026-09-08,2017-08-25,2026-09-08,,True,False,False,ok,9,0,1026707.9729667585,0.0,True,0.027972840620447668,1086844.8924153114,1019251.0884941833
603128,1000000.0,892685.2645257465,0.0,892685.2645257465,-107314.73547425354,77421.27497426,4923.0,202,85,38,202,1,0.13711718696108657,False,华贸物流,5.75,2026-09-08,2016-04-27,2026-09-08,,False,False,False,ok,14,0,892685.2645257465,0.0,True,0.039204099009684905,958520.9006491324,951028.6415829941
603129,1000000.0,839485.1004550905,0.0,839485.1004550905,-160514.89954490948,61761.46054491504,2256.0,222,24,21,222,3,0.20363020838008247,False,春风动力,290.47,2026-09-08,2017-08-18,2026-09-08,,True,False,False,ok,9,0,839485.1004550905,0.0,True,0.032183860962344026,965973.6847822226,929057.0771379793
603130,1000000.0,987462.4987116008,0.0,987462.4987116008,-12537.501288399217,17799.524288400004,0.0,74,27,11,74,0,0.07200559210772497,False,云中马,39.03,2026-09-08,2022-11-18,2026-09-08,,True,False,False,ok,5,0,987462.4987116008,0.0,True,0.012529526789236613,1000000.0,993936.8310739552
603131,1000000.0,834505.254471455,0.0,834505.254471455,-165494.745528545,63570.60752855005,4280.0,203,78,41,203,2,0.2633940272408327,False,上海沪工,14.42,2026-09-08,2016-06-07,2026-09-08,,False,False,False,ok,7,0,834505.254471455,0.0,True,0.03659007582929844,1106387.0041571027,992836.6051729082
603132,1000000.0,857016.4673391179,0.0,857016.4673391179,-142983.5326608821,27698.392160885,10027.0,80,27,14,80,1,0.15241005382470227,False,金徽股份,20.56,2026-09-08,2022-02-22,2026-09-08,,True,False,False,ok,9,0,857016.4673391179,0.0,True,0.015287116718983251,1000000.0,964562.8332781162
603135,1000000.0,988119.408348026,0.0,988119.408348026,-11880.591651974013,11524.325151974997,0.0,43,16,9,43,0,0.03308086307738516,False,中重科技,9.11,2026-09-08,2023-04-10,2026-09-08,,True,False,False,ok,3,0,988119.408348026,0.0,True,0.0070650753363322456,1000000.0,1000000.0
603136,1000000.0,1134697.8987465682,0.0,1134697.8987465682,134697.89874656824,63955.638253435005,0.0,170,54,22,170,1,0.06834897982101998,False,天目湖,9.68,2026-09-08,2017-09-27,2026-09-08,,True,False,False,ok,7,0,1134697.8987465682,0.0,True,0.026462214845935708,1051182.964260511,1135088.8970095827
603137,1000000.0,941970.3027900163,0.0,941970.3027900163,-58029.697209983715,21146.354709985,0.0,46,28,21,46,6,0.1111788271170134,False,恒尚节能,20.44,2026-09-08,2023-04-19,2026-09-08,,True,False,False,ok,2,0,941970.3027900163,0.0,True,0.016933415622782697,1000000.0,1000000.0
603138,1000000.0,754818.3743086639,0.0,754818.3743086639,-245181.6256913361,47553.274191340024,0.0,196,76,32,196,3,0.2655172296443787,False,海量数据,14.36,2026-09-08,2017-03-06,2026-09-08,,True,False,False,ok,6,0,754818.3743086639,0.0,True,0.023901571589229214,916777.0613054722,800646.9700671984
603139,1000000.0,926440.0752810038,0.0,926440.0752810038,-73559.92471899616,58357.41371899995,0.0,154,44,22,154,3,0.10885482159140554,False,康惠股份,37.51,2026-09-08,2017-04-21,2026-09-08,,True,False,False,ok,5,0,926440.0752810038,0.0,True,0.024938031027861574,940750.2450625516,954350.1067634531
603150,1000000.0,967860.3475526922,0.0,967860.3475526922,-32139.65244730783,25665.678447309998,1263.0,74,7,2,74,1,0.07224762237456747,False,万朗磁塑,69.89,2026-09-08,2022-01-24,2026-09-08,,True,False,False,ok,5,0,967860.3475526922,0.0,True,0.010830076600390587,1000000.0,976690.5874263656
603151,1000000.0,994039.7689152361,0.0,994039.7689152361,-5960.231084763887,15452.343584764994,650.0,56,19,10,56,1,0.04635183706486171,False,邦基科技,19.35,2026-09-08,2022-10-19,2026-09-08,,True,False,False,ok,5,0,994039.7689152361,0.0,True,0.008774973684890027,1000000.0,1009141.7806436203
603153,1000000.0,920627.496448756,0.0,920627.496448756,-79372.50355124404,16160.592051245003,0.0,51,19,9,51,1,0.0831589048992696,False,上海建科,13.78,2026-09-08,2023-03-13,2026-09-08,,True,False,False,ok,4,0,920627.496448756,0.0,True,0.010571289067370511,1000000.0,1000000.0
603155,1000000.0,905103.823136133,0.0,905103.823136133,-94896.17686386697,36584.73486387,15300.0,113,34,21,113,1,0.16685293264270448,False,新亚强,13.91,2026-09-08,2020-09-01,2026-09-08,,True,False,False,ok,8,0,905103.823136133,0.0,True,0.016900540037460145,1021806.6791717203,983205.6798292571
603156,1000000.0,950318.6631221694,0.0,950318.6631221694,-49681.33687783056,91783.966877835,26080.0,211,72,35,211,1,0.14979901670002116,False,养元饮品,41.05,2026-09-08,2018-02-12,2026-09-08,,True,False,False,ok,10,0,950318.6631221694,0.0,True,0.047090669730006016,998062.3110635716,923688.9288820087
603158,1000000.0,834080.9691328376,0.0,834080.9691328376,-165919.0308671624,108030.09486716996,1903.9999999999998,255,116,83,255,0,0.2598671903089583,False,腾龙股份,11.01,2026-09-08,2016-05-26,2026-09-08,,False,False,False,ok,12,0,834080.9691328376,0.0,True,0.06642765794652097,1005122.4690189247,892155.5876348258
603159,1000000.0,711668.7527276146,0.0,711668.7527276146,-288331.2472723854,53734.00927238998,2505.0,171,49,27,171,5,0.3173484863017759,False,上海亚虹,23.78,2026-09-08,2016-08-12,2026-09-08,,False,False,False,ok,10,0,711668.7527276146,0.0,True,0.027164536621892815,864512.9715710619,806111.2420839937
603160,1000000.0,815373.009349626,0.0,815373.009349626,-184626.99065037398,75870.83315038003,0.0,238,35,17,238,2,0.20679424765296786,False,汇顶科技,52.6,2026-09-08,2016-10-17,2026-09-08,,True,False,False,ok,10,0,815373.009349626,0.0,True,0.0389105760521606,921228.1416251526,833008.4554256044
603161,1000000.0,793288.7138051786,0.0,793288.7138051786,-206711.28619482135,46312.487694824966,1411.2,142,50,32,142,0,0.23870659098413916,False,科华控股,17.4,2026-09-08,2018-01-05,2026-09-08,,True,False,False,ok,6,0,793288.7138051786,0.0,True,0.025208511129158912,893959.3302486611,836787.8155112572
603162,1000000.0,998656.4736528065,0.0,998656.4736528065,-1343.5263471935177,15373.190847195006,625.0,57,15,9,57,0,0.059135009491246095,False,海通发展,14.03,2026-09-08,2023-03-29,2026-09-08,,True,False,False,ok,6,0,998656.4736528065,0.0,True,0.00839683697569866,1000000.0,1000000.0
603163,1000000.0,1024611.3151330557,0.0,1024611.3151330557,24611.315133055672,14544.054366945007,0.0,63,22,17,63,0,0.048323293663937686,False,圣晖集成,85.61,2026-09-08,2022-10-13,2026-09-08,,True,False,False,ok,5,0,1024611.3151330557,0.0,True,0.010169716132641289,1000000.0,1018399.79287308
603165,1000000.0,788476.9035395492,0.0,788476.9035395492,-211523.0964604508,56651.97216045398,10299.0,166,47,19,166,4,0.26905273750103104,False,荣晟环保,14.16,2026-09-08,2017-01-17,2026-09-08,,True,False,False,ok,13,0,788476.9035395492,0.0,True,0.027953047480322388,843221.6093134881,743152.3660080489
603166,1000000.0,864913.6320581835,0.0,864913.6320581835,-135086.36794181645,62348.25144181997,0.0,180,52,31,180,7,0.13965400986474646,False,福达股份,11.12,2026-09-08,2016-05-24,2026-09-08,,False,False,False,ok,13,0,864913.6320581835,0.0,True,0.02668350486530174,939991.802573331,934499.6217331975
603167,1000000.0,818691.6022512359,0.0,818691.6022512359,-181308.39774876414,76982.02174877004,14580.0,178,74,38,178,2,0.24480971370215307,False,渤海轮渡,8.18,2026-09-08,2016-05-26,2026-09-08,,False,False,False,ok,14,0,818691.6022512359,0.0,True,0.04214152369369412,803788.2865249729,810516.4640903287
603168,1000000.0,1000984.755599953,0.0,1000984.755599953,984.7555999530014,72319.70070005103,7022.8,201,69,43,201,3,0.0699036936163797,False,莎普爱思,6.07,2026-09-08,2016-05-17,2026-09-08,,False,False,False,ok,7,0,1000984.755599953,0.0,True,0.031296516452755864,1033957.9746491158,1051478.7060697367
603169,1000000.0,962324.3831571282,0.0,962324.3831571282,-37675.616842871765,64007.93334287503,121.0,199,88,50,199,2,0.1373244415807254,False,兰石重装,6.72,2026-09-08,2016-01-20,2026-09-08,,False,False,False,ok,4,0,962324.3831571282,0.0,True,0.030851932299999073,1023095.5284822518,933558.9693742322
603170,1000000.0,1091429.547801667,0.0,1091429.547801667,91429.5478016669,17085.455698334998,0.0,47,15,6,47,0,0.045517090293408086,False,宝立食品,12.83,2026-09-08,2022-07-15,2026-09-08,,True,False,False,ok,6,0,1091429.547801667,0.0,True,0.009415981348318512,1000000.0,993994.2703613352
603171,1000000.0,876189.2405691568,0.0,876189.2405691568,-123810.75943084317,27326.42993084499,840.0,110,33,12,110,2,0.1676744601403749,False,税友股份,42.96,2026-09-08,2021-06-30,2026-09-08,,True,False,False,ok,5,0,876189.2405691568,0.0,True,0.014699811654226506,1000000.0,967681.2919076409
603172,1000000.0,1004479.2176184362,0.0,1004479.2176184362,4479.217618436203,11680.935881564994,0.0,47,22,16,47,1,0.07335647274927841,False,万丰股份,18.84,2026-09-08,2023-05-10,2026-09-08,,True,False,False,ok,3,0,1004479.2176184362,0.0,True,0.007549731821869796,1000000.0,1000000.0
603173,1000000.0,946567.2576094709,0.0,946567.2576094709,-53432.742390529136,10728.430390530004,0.0,40,12,6,40,0,0.07833640496415613,False,福斯达,30.73,2026-09-08,2023-01-30,2026-09-08,,True,False,False,ok,4,0,946567.2576094709,0.0,True,0.00642143498298466,1000000.0,1000000.0
603175,1000000.0,1000000.0,0.0,1000000.0,0.0,0.0,0.0,0,0,0,0,0,0.0,False,超颖电子,93.55,2026-09-08,2025-10-24,2026-09-08,,True,False,False,ok,1,0,1000000.0,0.0,True,0.0,1000000.0,1000000.0
603176,1000000.0,1135049.8375243656,0.0,1135049.8375243656,135049.83752436563,18774.582975634992,1205.0,50,27,19,50,1,0.02078848750722775,False,汇通集团,5.5,2026-09-08,2021-12-31,2026-09-08,,True,False,False,ok,5,0,1135049.8375243656,0.0,True,0.011632783488287168,1000000.0,999535.2899921753
603177,1000000.0,1107871.1364850705,0.0,1107871.1364850705,107871.13648507046,74483.09401493504,0.0,196,87,66,196,4,0.10549532390222564,False,德创环保,11.1,2026-09-08,2017-02-07,2026-09-08,,True,False,False,ok,3,0,1107871.1364850705,0.0,True,0.03506724467618732,1119981.4084112025,1137195.7054270892
603178,1000000.0,994147.8206448397,0.0,994147.8206448397,-5852.179355160333,66534.66785516498,2071.5,226,114,71,226,7,0.15743754927041437,False,圣龙股份,17.6,2026-09-08,2017-03-28,2026-09-08,,True,False,False,ok,8,0,994147.8206448397,0.0,True,0.03739834655095869,997268.8977838629,1096615.4193216339
603179,1000000.0,1190174.0715843695,0.0,1190174.0715843695,190174.07158436952,69496.39441563502,0.0,220,66,40,220,4,0.07471173048621722,False,新泉股份,41.08,2026-09-08,2017-03-17,2026-09-08,,True,False,False,ok,9,0,1190174.0715843695,0.0,True,0.031437389963267316,1109191.9362726423,1082286.7386862133
603180,1000000.0,694344.0861591331,0.0,694344.0861591331,-305655.9138408669,57711.08134087001,5060.0,205,61,28,205,1,0.3101722452709069,False,金牌家居,16.09,2026-09-08,2017-05-12,2026-09-08,,True,False,False,ok,10,0,694344.0861591331,0.0,True,0.03490983481531538,760655.8555420814,721422.613948467
603181,1000000.0,916056.3801403246,0.0,916056.3801403246,-83943.61985967541,55093.19435968,1650.0,140,30,24,140,2,0.17578548445475453,False,皇马科技,12.95,2026-09-08,2017-08-24,2026-09-08,,True,False,False,ok,9,0,916056.3801403246,0.0,True,0.02450843977394778,1023915.210345142,899923.3766573879
603182,1000000.0,901082.7472798466,0.0,901082.7472798466,-98917.25272015342,12045.529220155002,0.0,34,13,4,34,0,0.1048919279939637,False,嘉华股份,14.16,2026-09-08,2022-09-09,2026-09-08,,True,False,False,ok,6,0,901082.7472798466,0.0,True,0.006902449188832548,1000000.0,984550.7778354601
603183,1000000.0,1034579.3063695012,0.0,1034579.3063695012,34579.306369501166,53113.50553050297,3346.9,128,47,20,128,0,0.0449889033110585,False,建研院,4.92,2026-09-08,2017-09-05,2026-09-08,,True,False,False,ok,9,0,1034579.3063695012,0.0,True,0.02112589393323149,1014260.9017748039,1032427.2101308154
603185,1000000.0,700076.0311936934,0.0,700076.0311936934,-299923.9688063066,37526.194306310026,212.0,179,40,19,179,3,0.30570518644886746,False,弘元绿能,14.97,2026-09-08,2018-12-28,2026-09-08,,True,False,False,ok,8,0,700076.0311936934,0.0,True,0.021736172210828172,892021.179084751,744920.9684631771
603186,1000000.0,819852.3495162175,0.0,819852.3495162175,-180147.65048378252,47079.092983785005,0.0,197,49,17,197,4,0.21606229675366337,False,华正新材,192.78,2026-09-08,2017-01-03,2026-09-08,,True,False,False,ok,8,0,819852.3495162175,0.0,True,0.023012653643391973,871169.1378889113,818443.6243159666
603187,1000000.0,860163.5407246032,0.0,860163.5407246032,-139836.45927539677,50550.71877539995,0.0,137,26,15,137,0,0.18183944045244416,False,海容冷链,11.09,2026-09-08,2018-11-29,2026-09-08,,True,False,False,ok,9,0,860163.5407246032,0.0,True,0.025383079361271738,1009443.1846880404,865608.3474393622
603188,1000000.0,755700.9775222952,0.0,755700.9775222952,-244299.0224777048,73160.30097771001,0.0,183,70,40,183,2,0.3045302110108173,False,亚邦股份,4.94,2026-09-08,2016-01-26,2026-09-08,,False,False,False,ok,4,0,755700.9775222952,0.0,True,0.04164501717232131,783035.5040657939,731332.8113524897
603189,1000000.0,800249.3806547672,0.0,800249.3806547672,-199750.61934523284,53421.45634523498,991.0,204,64,30,204,6,0.21998341097028912,False,*ST网达,10.03,2026-09-08,2016-09-14,2026-09-08,,True,False,False,ok,9,0,800249.3806547672,0.0,True,0.025480810697115813,871803.8108097302,854138.4674736266
603190,1000000.0,936656.5580096559,0.0,936656.5580096559,-63343.44199034409,10353.731490345002,2440.0,38,13,2,38,1,0.07848472639213312,False,亚通精工,16.64,2026-09-08,2023-02-17,2026-09-08,,True,False,False,ok,6,0,936656.5580096559,0.0,True,0.005490875097669437,1000000.0,1000000.0
603191,1000000.0,969657.6777433163,0.0,969657.6777433163,-30342.32225668372,20394.145756685004,0.0,72,32,15,72,0,0.10405981635191748,False,望变电气,16.07,2026-09-08,2022-04-28,2026-09-08,,True,False,False,ok,4,0,969657.6777433163,0.0,True,0.012096011925058991,1000000.0,1006418.9957180105
603192,1000000.0,781747.2340666481,0.0,781747.2340666481,-218252.76593335194,47005.72993335504,6084.0,125,44,14,125,3,0.2371074387511023,False,汇得科技,21.16,2026-09-08,2018-08-28,2026-09-08,,True,False,False,ok,8,0,781747.2340666481,0.0,True,0.022210048872006498,934734.6719339208,855900.0485929972
603193,1000000.0,959588.5429030616,0.0,959588.5429030616,-40411.45709693839,14349.024096940004,0.0,55,27,9,55,0,0.07725030780231282,False,润本股份,21.38,2026-09-08,2023-10-17,2026-09-08,,True,False,False,ok,5,0,959588.5429030616,0.0,True,0.010497367948163097,1000000.0,1000000.0
603194,1000000.0,998016.3154358363,0.0,998016.3154358363,-1983.6845641636755,4333.6030641649995,0.0,13,6,3,13,0,0.030927839978957757,False,中力股份,34.46,2026-09-08,2024-12-24,2026-09-08,,True,False,False,ok,3,0,998016.3154358363,0.0,True,0.0031605890200066323,1000000.0,1000000.0
603195,1000000.0,860036.6512041404,0.0,860036.6512041404,-139963.3487958596,62169.53379586504,2000.0,129,10,10,129,0,0.17391023729597385,False,公牛集团,38.54,2026-09-08,2020-02-06,2026-09-08,,True,False,False,ok,7,0,860036.6512041404,0.0,True,0.03505208913849279,980163.1348885798,936018.7758397916
603196,1000000.0,770237.4479618352,0.0,770237.4479618352,-229762.5520381648,60046.160038169946,3135.0,219,121,59,219,4,0.2863412354105533,False,璞源材料,18.99,2026-09-08,2017-05-31,2026-09-08,,True,False,False,ok,8,0,770237.4479618352,0.0,True,0.04126684333617677,793714.8209710929,771410.6059452391
603197,1000000.0,983649.4473165607,0.0,983649.4473165607,-16350.552683439339,65184.57418344503,4576.0,199,74,34,199,0,0.09110556325574976,False,保隆科技,29.9,2026-09-08,2017-05-19,2026-09-08,,True,False,False,ok,12,0,983649.4473165607,0.0,True,0.032482625957183354,1007370.5281930818,1035501.8335127134
603198,1000000.0,747384.0749174169,0.0,747384.0749174169,-252615.9250825831,79340.83758258985,10350.0,247,63,33,247,4,0.2541464224778304,False,迎驾贡酒,40.93,2026-09-08,2016-05-26,2026-09-08,,False,False,False,ok,12,0,747384.0749174169,0.0,True,0.04433798940845193,907659.6967017944,904795.0265153153
603199,1000000.0,833056.7416034862,0.0,833056.7416034862,-166943.25839651376,82028.57789652003,9107.0,204,37,27,204,5,0.21683579589619084,False,九华旅游,34.67,2026-09-08,2016-05-26,2026-09-08,,False,False,False,ok,11,0,833056.7416034862,0.0,True,0.03961216603459289,806380.7388853237,803419.8457968344
603200,1000000.0,829941.0866489795,0.0,829941.0866489795,-170058.91335102054,63117.437351024964,0.0,210,85,43,210,2,0.22397531723327604,False,上海洗霸,40.89,2026-09-08,2017-06-01,2026-09-08,,True,False,False,ok,8,0,829941.0866489795,0.0,True,0.03418157072222205,906236.0569996714,918490.8205191235
603201,1000000.0,985620.2550783522,0.0,985620.2550783522,-14379.744921647827,24238.521921649997,3508.9999999999995,75,19,12,75,0,0.10229553679516132,False,常润股份,15.73,2026-09-08,2022-07-29,2026-09-08,,True,False,False,ok,6,0,985620.2550783522,0.0,True,0.013665620761136402,1000000.0,1039037.6546566352
603202,1000000.0,990418.7668271752,0.0,990418.7668271752,-9581.23317282484,2375.5466728249994,0.0,8,2,2,8,0,0.01615901276559499,False,天有为,53.8,2026-09-08,2025-04-24,2026-09-08,,True,False,False,ok,3,0,990418.7668271752,0.0,True,0.0014804866302629731,1000000.0,1000000.0
603203,1000000.0,947078.747930324,0.0,947078.747930324,-52921.252069675946,63631.82056968,7740.0,167,34,24,167,1,0.14048312013004438,False,快克智能,43.59,2026-09-08,2016-11-08,2026-09-08,,True,False,False,ok,10,0,947078.747930324,0.0,True,0.028091464067057634,1038576.0034001318,936995.214555698
603205,1000000.0,980576.853768796,0.0,980576.853768796,-19423.14623120404,9119.043731205002,0.0,19,3,4,19,0,0.04307210483839073,False,健尔康,22.75,2026-09-08,2024-11-07,2026-09-08,,True,False,False,ok,2,0,980576.853768796,0.0,True,0.00564637232713698,1000000.0,1000000.0
603206,1000000.0,978552.2651868116,0.0,978552.2651868116,-21447.734813188436,19042.714813190003,0.0,56,13,12,56,1,0.11765421547651997,False,嘉环科技,13.94,2026-09-08,2022-05-06,2026-09-08,,True,False,False,ok,4,0,978552.2651868116,0.0,True,0.009973069709383206,1000000.0,1086893.7336772552
603207,1000000.0,1027680.7494313063,0.0,1027680.7494313063,27680.749431306263,8777.075068695,0.0,22,8,2,22,0,0.03804656883356524,False,小方制药,26.04,2026-09-08,2024-08-26,2026-09-08,,True,False,False,ok,3,0,1027680.7494313063,0.0,True,0.005851838105464022,1000000.0,1000000.0
603208,1000000.0,776334.6624778565,0.0,776334.6624778565,-223665.3375221435,64452.80102214997,3050.0,224,66,48,224,2,0.26092705288451357,False,江山欧派,11.63,2026-09-08,2017-02-10,2026-09-08,,True,False,False,ok,9,0,776334.6624778565,0.0,True,0.03878273811317124,902541.607963982,852616.5097715444
603209,1000000.0,956034.9744953297,0.0,956034.9744953297,-43965.02550467034,25415.864704672018,1320.0,73,22,14,73,1,0.09089484583089888,False,兴通股份,14.58,2026-09-08,2022-03-24,2026-09-08,,True,False,False,ok,5,0,956034.9744953297,0.0,True,0.0150394353777828,1000000.0,940897.0182233381
603210,1000000.0,959028.7893833652,0.0,959028.7893833652,-40971.21061663481,3339.8411166349997,2291.25,9,2,5,9,0,0.05131878998607874,False,泰鸿万立,13.59,2026-09-08,2025-04-09,2026-09-08,,True,False,False,ok,1,0,959028.7893833652,0.0,True,0.0027212414684566577,1000000.0,1000000.0
603211,1000000.0,1040203.5227690202,0.0,1040203.5227690202,40203.52276902017,14836.887230979999,300.3,70,27,19,70,1,0.04328378393812116,False,晋拓股份,20.91,2026-09-08,2022-07-25,2026-09-08,,True,False,False,ok,4,0,1040203.5227690202,0.0,True,0.00916739580215378,1000000.0,1028348.2961691351
603212,1000000.0,1018970.2797279671,0.0,1018970.2797279671,18970.279727967107,34656.242772034995,0.0,123,30,20,123,2,0.06543092432804835,False,赛伍技术,11.7,2026-09-08,2020-04-30,2026-09-08,,True,False,False,ok,5,0,1018970.2797279671,0.0,True,0.014956663236142793,1039816.93290945,1068824.2421357462
603213,1000000.0,885821.7516766218,0.0,885821.7516766218,-114178.24832337815,25943.618323379986,0.0,65,17,17,65,1,0.13081687003192907,False,镇洋发展,13.78,2026-09-08,2021-11-11,2026-09-08,,True,False,False,ok,5,0,885821.7516766218,0.0,True,0.016039818156357005,1000000.0,901443.2421846557
603214,1000000.0,988505.8455964059,0.0,988505.8455964059,-11494.15440359409,57729.790803598,8995.0,154,58,28,154,2,0.11166062223827197,True,爱婴室,14.01,2026-09-08,2018-03-30,2026-09-08,,True,False,False,ok,11,0,988505.8455964059,0.0,True,0.026969658859265572,1090172.8345834948,988111.5259876904
603215,1000000.0,864543.4886926475,0.0,864543.4886926475,-135456.51130735246,24516.321807354987,8527.5,85,40,14,85,3,0.15949607441625718,False,XD比依股,14.65,2026-09-08,2022-02-18,2026-09-08,,True,False,False,ok,5,0,864543.4886926475,0.0,True,0.015440330551017593,1000000.0,1003763.6135944211
603216,1000000.0,935777.4272040578,0.0,935777.4272040578,-64222.57279594219,20253.428295944992,1440.0,67,47,22,67,2,0.07642839314774647,False,梦天家居,21.76,2026-09-08,2021-12-15,2026-09-08,,True,False,False,ok,5,0,935777.4272040578,0.0,True,0.013538741081346593,1000000.0,989800.6109002655
603217,1000000.0,933077.0226030387,0.0,933077.0226030387,-66922.9773969613,32700.297396964994,0.0,93,22,15,93,1,0.09608885290131303,False,元利科技,29.84,2026-09-08,2019-06-20,2026-09-08,,True,False,False,ok,7,0,933077.0226030387,0.0,True,0.01492407470279573,1014433.4255813614,956907.2090551376
603218,1000000.0,870309.2698665309,0.0,870309.2698665309,-129690.7301334691,60913.97713347502,4675.0,187,75,31,187,2,0.17183979060471177,False,日月股份,9.31,2026-09-08,2016-12-28,2026-09-08,,True,False,False,ok,10,0,870309.2698665309,0.0,True,0.02879378816542488,983797.4767361723,894375.0878517693
603219,1000000.0,876381.2360885219,0.0,876381.2360885219,-123618.7639114781,23731.333911480004,3840.0,83,56,17,83,1,0.1389038643971044,False,富佳股份,13.34,2026-09-08,2021-11-22,2026-09-08,,True,False,False,ok,5,0,876381.2360885219,0.0,True,0.01599876556093087,1000000.0,966276.8136373656
603220,1000000.0,910683.3557356037,0.0,910683.3557356037,-89316.64426439628,42227.72976440001,0.0,142,45,25,142,0,0.1033946297971055,False,中贝通信,18.54,2026-09-08,2018-11-15,2026-09-08,,True,False,False,ok,8,0,910683.3557356037,0.0,True,0.020267826544591628,964329.6144772819,971721.5455733875
603221,1000000.0,923192.4591871051,0.0,923192.4591871051,-76807.54081289493,43765.75881290003,950.0,119,63,38,119,2,0.18612120643941277,False,爱丽家居,27.51,2026-09-08,2020-03-23,2026-09-08,,True,False,False,ok,6,0,923192.4591871051,0.0,True,0.025492865267189895,969674.3175425513,885953.3032642027
603222,1000000.0,994614.338636063,0.0,994614.338636063,-5385.661363936961,100005.5578639449,0.0,246,121,77,246,18,0.16093361584669266,False,济民健康,8.12,2026-09-08,2016-03-09,2026-09-08,,False,False,False,ok,8,0,994614.338636063,0.0,True,0.0689828565724363,966231.5990433044,995586.903378166
603223,1000000.0,865065.7608933658,0.0,865065.7608933658,-134934.23910663417,83572.92460663998,1988.2,214,71,44,214,2,0.18473100382821073,False,恒通股份,10.33,2026-09-08,2016-05-09,2026-09-08,,False,False,False,ok,13,0,865065.7608933658,0.0,True,0.04097736406934326,1023810.1842162025,878850.7127443393
603225,1000000.0,967983.3536811506,0.0,967983.3536811506,-32016.64631884941,63953.996818855005,4641.0,172,50,28,172,0,0.08716871498300308,False,新凤鸣,18.83,2026-09-08,2017-04-18,2026-09-08,,True,False,False,ok,8,0,967983.3536811506,0.0,True,0.03011392920634918,972429.0184513628,1011696.7154441045
603226,1000000.0,824031.8502991938,0.0,824031.8502991938,-175968.14970080624,53457.781700810025,2580.0,170,90,46,170,2,0.23359518589106673,False,菲林格尔,34.64,2026-09-08,2017-06-15,2026-09-08,,True,False,False,ok,7,0,824031.8502991938,0.0,True,0.03092617237688155,845356.0912001822,823663.9062367128
603227,1000000.0,1099585.9940406315,0.0,1099585.9940406315,99585.99404063146,68864.50695937504,19127.0,189,69,44,189,2,0.11713094916462805,False,雪峰科技,7.78,2026-09-08,2016-05-03,2026-09-08,,False,False,False,ok,10,0,1099585.9940406315,0.0,True,0.034274238974501145,924501.5894391416,909261.9475357884
603228,1000000.0,926411.0277963156,0.0,926411.0277963156,-73588.97220368439,63483.63220368999,0.0,193,52,26,193,2,0.14907156743205918,False,景旺电子,106.97,2026-09-08,2017-01-06,2026-09-08,,True,False,False,ok,11,0,926411.0277963156,0.0,True,0.029847112549160948,960114.635899612,896258.1642354188
603229,1000000.0,940609.7545411224,0.0,940609.7545411224,-59390.245458877645,64574.475558881044,735.9,205,94,45,205,6,0.15948740326455033,False,XD奥翔药,7.98,2026-09-08,2017-05-09,2026-09-08,,True,False,False,ok,9,0,940609.7545411224,0.0,True,0.03175660374681933,1017260.6538177625,938955.9848251475
603230,1000000.0,984604.3159590622,0.0,984604.3159590622,-15395.684040937806,26846.818040939987,0.0,77,20,10,77,0,0.06519080465927239,False,内蒙新华,10.32,2026-09-08,2021-12-24,2026-09-08,,True,False,False,ok,5,0,984604.3159590622,0.0,True,0.013875940883782007,1000000.0,1019269.5285518708
603231,1000000.0,1002120.4670137856,0.0,1002120.4670137856,2120.4670137856156,7630.278486215001,0.0,19,2,2,19,0,0.02149047167821208,False,索宝蛋白,17.05,2026-09-08,2023-12-15,2026-09-08,,True,False,False,ok,4,0,1002120.4670137856,0.0,True,0.003917219625260395,1000000.0,1000000.0
603232,1000000.0,1002711.1288249656,0.0,1002711.1288249656,2711.1288249655627,51661.50417504002,1440.0,184,82,35,184,5,0.11244197373878655,False,格尔软件,15.57,2026-09-08,2017-04-21,2026-09-08,,True,False,False,ok,7,0,1002711.1288249656,0.0,True,0.024908943841942904,967633.4670214127,1040924.2386392383
603233,1000000.0,938855.0062247765,0.0,938855.0062247765,-61144.9937752235,85113.196375231,11856.0,219,76,34,219,2,0.19745711689313264,False,大参林,18.24,2026-09-08,2017-07-31,2026-09-08,,True,False,False,ok,11,0,938855.0062247765,0.0,True,0.04310844281777296,1026682.5501717426,942847.0681748842
603235,1000000.0,1020083.9209259672,0.0,1020083.9209259672,20083.920925967162,34739.119574035,0.0,68,22,17,68,0,0.05509851954561461,False,天新药业,25.3,2026-09-08,2022-07-12,2026-09-08,,True,False,False,ok,4,0,1020083.9209259672,0.0,True,0.02077522964885412,1000000.0,969079.5131605305
603236,1000000.0,940437.9685093284,0.0,940437.9685093284,-59562.031490671565,40847.036990675,2132.0,143,26,11,143,5,0.13811747305123656,False,移远通信,62.1,2026-09-08,2019-07-16,2026-09-08,,True,False,False,ok,10,0,940437.9685093284,0.0,True,0.019990536069133237,1012691.7634416805,940264.8267686015
603237,1000000.0,862311.4235320669,0.0,862311.4235320669,-137688.57646793313,23187.993967934995,0.0,56,12,10,56,0,0.15441117205952953,False,五芳斋,16.27,2026-09-08,2022-08-31,2026-09-08,,True,False,False,ok,5,0,862311.4235320669,0.0,True,0.014871997640665999,1000000.0,1011059.2573016302
603238,1000000.0,917521.7832364507,0.0,917521.7832364507,-82478.21676354925,71095.71326355495,0.0,183,70,48,183,3,0.1320591672641656,False,诺邦股份,12.62,2026-09-08,2017-02-22,2026-09-08,,True,False,False,ok,10,0,917521.7832364507,0.0,True,0.03694078415986031,988466.455566482,924474.5267923137
603239,1000000.0,894880.8580478281,0.0,894880.8580478281,-105119.14195217192,66471.08995217503,10170.0,186,60,35,186,2,0.18474580948500519,False,浙江仙通,14.25,2026-09-08,2016-12-30,2026-09-08,,True,False,False,ok,10,0,894880.8580478281,0.0,True,0.03330497940011245,948804.5833976316,969128.646543943
603248,1000000.0,1000000.0,0.0,1000000.0,0.0,0.0,0.0,0,0,0,0,0,0.0,False,锡华科技,17.64,2026-09-08,2025-12-23,2026-09-08,,True,False,False,ok,1,0,1000000.0,0.0,True,0.0,1000000.0,1000000.0
603255,1000000.0,875661.602955472,0.0,875661.602955472,-124338.39704452804,20813.572044529992,0.0,74,41,18,74,1,0.14518173006448554,False,鼎际得,31.58,2026-09-08,2022-08-18,2026-09-08,,True,False,False,ok,3,0,875661.602955472,0.0,True,0.017755360399277866,1000000.0,996069.0631425553
603256,1000000.0,983409.5740674889,0.0,983409.5740674889,-16590.425932511105,38582.80793251499,0.0,121,33,16,121,1,0.09208179315391705,False,宏和科技,126.78,2026-09-08,2019-07-19,2026-09-08,,True,False,False,ok,6,0,983409.5740674889,0.0,True,0.01640159879740187,950511.4707976115,948990.6858046129
603257,1000000.0,991516.1273458551,0.0,991516.1273458551,-8483.872654144885,2018.9891541449995,0.0,9,2,1,9,0,0.03579637794437955,False,中国瑞林,72.86,2026-09-08,2025-04-08,2026-09-08,,True,False,False,ok,2,0,991516.1273458551,0.0,True,0.0012412348404967249,1000000.0,1000000.0
603258,1000000.0,749808.6300964504,0.0,749808.6300964504,-250191.36990354955,59746.48090355502,0.0,188,81,22,188,3,0.2749062270140633,False,电魂网络,14.25,2026-09-08,2016-10-26,2026-09-08,,True,False,False,ok,10,0,749808.6300964504,0.0,True,0.031009990391987347,976254.7334032126,778314.7208042345
603259,1000000.0,949788.7508349912,0.0,949788.7508349912,-50211.249165008776,62761.776165015006,3632.321,191,36,17,191,1,0.1965680859979416,False,药明康德,156.35,2026-09-08,2018-05-08,2026-09-08,,True,False,False,ok,10,0,949788.7508349912,0.0,True,0.029695938523066946,1079911.6483305516,956228.2003959034
603260,1000000.0,757361.3449144886,0.0,757361.3449144886,-242638.6550855114,56579.97458551504,0.0,190,50,17,190,1,0.24394890814707634,False,合盛硅业,33.65,2026-09-08,2017-10-30,2026-09-08,,True,False,False,ok,8,0,757361.3449144886,0.0,True,0.03277022498207757,927716.2219160721,833414.9428465483
603261,1000000.0,926284.0016828272,0.0,926284.0016828272,-73715.99831717275,16382.067817175004,0.0,75,35,10,75,5,0.1108479409660622,False,立航科技,55.64,2026-09-08,2022-03-15,2026-09-08,,True,False,False,ok,2,0,926284.0016828272,0.0,True,0.011238679248239227,1000000.0,992398.1701802656
603262,1000000.0,998418.670046425,0.0,998418.670046425,-1581.3299535750411,814.362453575,0.0,4,5,2,4,0,0.018904632033145807,False,XD技源集,18.82,2026-09-08,2025-07-23,2026-09-08,,True,False,False,ok,1,0,998418.670046425,0.0,True,0.0009202738836870455,1000000.0,1000000.0
603266,1000000.0,757423.6926429768,0.0,757423.6926429768,-242576.30735702324,58615.34855702897,1674.0,212,86,34,212,3,0.2691189675043397,False,天龙股份,16.42,2026-09-08,2017-01-10,2026-09-08,,True,False,False,ok,10,0,757423.6926429768,0.0,True,0.029946225541551443,847151.5240139882,783237.070709205
603267,1000000.0,912225.411543983,0.0,912225.411543983,-87774.58845601697,40709.47245602,458.99999999999994,135,25,9,135,1,0.13750494111871348,False,鸿远电子,47.8,2026-09-08,2019-05-15,2026-09-08,,True,False,False,ok,9,0,912225.411543983,0.0,True,0.019167703940337507,1018331.3011371203,957198.628477532
603268,1000000.0,774897.3449489512,0.0,774897.3449489512,-225102.65505104885,83395.389551055,0.0,261,93,56,261,6,0.2665843323235055,False,松发股份,192.4,2026-09-08,2015-11-03,2026-09-08,,False,False,False,ok,5,0,774897.3449489512,0.0,True,0.05250878871050933,788184.812929924,746386.3108136404
603269,1000000.0,1000000.0,0.0,1000000.0,0.0,0.0,0.0,0,0,0,0,0,0.0,False,海鸥股份,26.91,2026-09-08,2017-05-17,2026-09-08,,True,False,True,ok,9,0,1000000.0,0.0,True,0.0,1000000.0,1000000.0
603270,1000000.0,953367.5175438501,0.0,953367.5175438501,-46632.48245614988,7655.879456149996,0.0,33,3,1,33,3,0.06763409625915351,False,金帝股份,33.0,2026-09-08,2023-09-01,2026-09-08,,True,False,False,ok,7,0,953367.5175438501,0.0,True,0.003784132058222392,1000000.0,1000000.0
603271,1000000.0,992292.6086837252,0.0,992292.6086837252,-7707.391316274763,3163.4368162750006,0.0,14,1,1,14,0,0.022772835201634683,False,永杰新材,40.92,2026-09-08,2025-03-11,2026-09-08,,True,False,False,ok,3,0,992292.6086837252,0.0,True,0.0014163993088352506,1000000.0,1000000.0
603272,1000000.0,978069.9078549615,0.0,978069.9078549615,-21930.092145038536,17434.583145039993,1730.0,60,21,11,60,4,0.06403552803309849,False,*ST联翔,16.82,2026-09-08,2022-05-20,2026-09-08,,True,False,False,ok,4,0,978069.9078549615,0.0,True,0.009733627520799629,1000000.0,986682.170517911
603273,1000000.0,918634.8344651503,0.0,918634.8344651503,-81365.16553484974,8178.967534850001,228.0,33,7,7,33,0,0.12029301103817813,False,天元智能,15.01,2026-09-08,2023-10-23,2026-09-08,,True,False,False,ok,6,0,918634.8344651503,0.0,True,0.004465804853574947,1000000.0,1000000.0
603275,1000000.0,1000000.0,0.0,1000000.0,0.0,0.0,0.0,0,0,0,0,0,0.0,False,众辰科技,36.66,2026-09-08,2023-08-23,2026-09-08,,True,False,False,ok,4,1,1000000.0,0.0,True,0.0,1000000.0,1000000.0
603276,1000000.0,995010.3244812363,0.0,995010.3244812363,-4989.675518763717,9377.201018765005,0.0,29,2,3,29,1,0.04513269348297963,False,恒兴新材,16.72,2026-09-08,2023-09-25,2026-09-08,,True,False,False,ok,3,0,995010.3244812363,0.0,True,0.004413153269266064,1000000.0,1000000.0
603277,1000000.0,832576.3688359908,0.0,832576.3688359908,-167423.63116400922,78643.71816401494,5920.0,209,79,43,209,1,0.17354111791846044,False,银都股份,11.4,2026-09-08,2017-09-11,2026-09-08,,True,False,False,ok,13,0,832576.3688359908,0.0,True,0.04567563169375867,939293.8298154809,911363.844511437
603278,1000000.0,921617.905412248,0.0,921617.905412248,-78382.09458775201,61088.55008775502,0.0,181,74,35,181,6,0.1757743235133053,False,大业股份,9.54,2026-09-08,2017-11-13,2026-09-08,,True,False,False,ok,5,0,921617.905412248,0.0,True,0.02961132060774531,938439.0670765515,894874.364053752
603279,1000000.0,741292.9107597935,0.0,741292.9107597935,-258707.08924020652,53159.33224021003,7279.999999999999,141,45,25,141,0,0.27182362888306183,False,景津装备,11.51,2026-09-08,2019-07-29,2026-09-08,,True,False,False,ok,10,0,741292.9107597935,0.0,True,0.030464693834717064,940849.0902200206,842404.0693460117
603280,1000000.0,984929.2072991403,0.0,984929.2072991403,-15070.792700859718,11486.766700859998,0.0,53,12,9,53,0,0.08179521226638883,False,南方路机,27.1,2026-09-08,2022-11-08,2026-09-08,,True,False,False,ok,4,0,984929.2072991403,0.0,True,0.006586725676785816,1000000.0,1000000.0
603281,1000000.0,976233.7247695667,0.0,976233.7247695667,-23766.275230433326,15309.545730435006,0.0,44,4,2,44,1,0.08722690748229603,False,江瀚新材,19.11,2026-09-08,2023-01-31,2026-09-08,,True,False,False,ok,4,0,976233.7247695667,0.0,True,0.007326493715376528,1000000.0,1000000.0
603282,1000000.0,969025.1560856114,0.0,969025.1560856114,-30974.843914388563,8325.71291439,0.0,27,4,2,27,0,0.04002235518536362,False,亚光股份,16.97,2026-09-08,2023-03-15,2026-09-08,,True,False,False,ok,4,0,969025.1560856114,0.0,True,0.0037904721814591706,1000000.0,1000000.0
603283,1000000.0,1085046.7597001991,0.0,1085046.7597001991,85046.75970019912,51285.86979980498,0.0,205,70,49,205,8,0.07935365827344815,False,赛腾股份,45.57,2026-09-08,2017-12-25,2026-09-08,,True,False,False,ok,8,0,1085046.7597001991,0.0,True,0.026976981133952777,969340.5212261111,974009.3339714824
603284,1000000.0,1000000.0,0.0,1000000.0,0.0,0.0,0.0,0,0,0,0,0,0.0,False,林平发展,41.42,2026-09-08,2026-02-10,2026-09-08,,True,False,False,ok,1,0,1000000.0,0.0,True,0.0,1000000.0,1000000.0
603285,1000000.0,998900.5035851503,0.0,998900.5035851503,-1099.496414849651,4839.51841485,0.0,23,1,2,23,0,0.030528464094394765,False,键邦股份,31.37,2026-09-08,2024-07-05,2026-09-08,,True,False,False,ok,2,0,998900.5035851503,0.0,True,0.0020605348656789124,1000000.0,1000000.0
603286,1000000.0,954975.1586084738,0.0,954975.1586084738,-45024.84139152616,60780.224391529955,336.0,188,70,39,188,4,0.10975843734139842,False,日盈电子,46.01,2026-09-08,2017-06-27,2026-09-08,,True,False,False,ok,6,0,954975.1586084738,0.0,True,0.030004359619363846,1038713.9136643821,1032484.2550037188
603288,1000000.0,1077383.0065136394,0.0,1077383.0065136394,77383.00651363935,142238.42648637,16237.0,270,72,43,270,1,0.1598590564697148,True,海天味业,34.06,2026-09-08,2016-05-26,2026-09-08,,False,False,False,ok,13,0,1077383.0065136394,0.0,True,0.07226644754841927,1119521.6480517136,993916.1854678596
603289,1000000.0,775196.0369674643,0.0,775196.0369674643,-224803.96303253574,43210.28203254002,3020.0,124,50,23,124,0,0.2404254712628801,False,泰瑞机器,9.42,2026-09-08,2017-10-31,2026-09-08,,True,False,False,ok,9,0,775196.0369674643,0.0,True,0.021869180346052813,930337.0819201819,816812.6249328885
603290,1000000.0,804738.0400194719,0.0,804738.0400194719,-195261.9599805281,34025.384980530005,2846.2400000000002,125,13,7,125,0,0.2791265893916436,True,斯达半导,84.68,2026-09-08,2020-02-04,2026-09-08,,True,False,False,ok,7,0,804738.0400194719,0.0,True,0.01788718441531916,1063439.7286440805,965206.7889077966
603291,1000000.0,908964.4918115567,0.0,908964.4918115567,-91035.50818844326,16541.846688445,0.0,58,25,17,58,1,0.1129925693664855,False,联合水务,9.29,2026-09-08,2023-03-27,2026-09-08,,True,False,False,ok,5,0,908964.4918115567,0.0,True,0.011960003675430401,1000000.0,1000000.0
603293,1000000.0,1000000.0,0.0,1000000.0,0.0,0.0,0.0,0,0,0,0,0,0.0,False,埃泰克,38.17,2026-09-08,2026-04-16,2026-09-08,,True,False,False,ok,0,0,1000000.0,0.0,True,0.0,1000000.0,1000000.0
603296,1000000.0,1070104.7755180462,0.0,1070104.7755180462,70104.77551804623,10591.956981955003,0.0,47,14,5,47,0,0.05453189033553916,False,华勤技术,76.13,2026-09-08,2023-08-08,2026-09-08,,True,False,False,ok,3,0,1070104.7755180462,0.0,True,0.00647767068384184,1000000.0,1000000.0
603297,1000000.0,940326.1426537433,0.0,940326.1426537433,-59673.85734625673,43395.19534625994,3648.0,148,23,14,148,2,0.10342343580808755,False,永新光学,105.72,2026-09-08,2018-09-10,2026-09-08,,True,False,False,ok,8,0,940326.1426537433,0.0,True,0.018168529327969064,1004351.5223341114,1020820.4598120117
603298,1000000.0,932214.5017438356,0.0,932214.5017438356,-67785.49825616437,68996.81175616999,23610.0,184,60,40,184,0,0.1875634832055216,False,杭叉集团,25.31,2026-09-08,2016-12-27,2026-09-08,,True,False,False,ok,11,0,932214.5017438356,0.0,True,0.03542227614959278,937612.7279238114,939039.8668398432
603299,1000000.0,930051.1382660246,0.0,930051.1382660246,-69948.86173397535,69133.25223397996,0.0,189,69,36,189,2,0.11683412951833776,False,苏盐井神,9.02,2026-09-08,2015-12-31,2026-09-08,,False,False,False,ok,11,0,930051.1382660246,0.0,True,0.033158911118459165,964959.1021160716,982805.7722171925
603300,1000000.0,654310.5323242823,0.0,654310.5323242823,-345689.46767571766,67564.94097572302,0.0,211,122,54,211,8,0.36216711932644785,False,海南华铁,4.88,2026-09-08,2016-05-11,2026-09-08,,False,False,False,ok,7,0,654310.5323242823,0.0,True,0.040571908954740554,836609.6815704429,742260.8754849709
603301,1000000.0,892512.921602405,0.0,892512.921602405,-107487.07839759497,59825.17389759997,0.0,184,59,23,184,3,0.16398305190659138,False,振德医疗,83.46,2026-09-08,2018-04-12,2026-09-08,,True,False,False,ok,9,0,892512.921602405,0.0,True,0.03171840431601597,885307.7398742425,914409.5388351342
603303,1000000.0,918992.1373779888,0.0,918992.1373779888,-81007.86262201122,63999.69182201399,3919.2,166,49,39,166,2,0.11144843690473867,False,得邦照明,25.08,2026-09-08,2017-03-30,2026-09-08,,True,False,False,ok,11,0,918992.1373779888,0.0,True,0.030178579913890006,986866.998833066,925394.8099014378
603305,1000000.0,827859.2786152384,0.0,827859.2786152384,-172140.72138476162,48402.90938476499,1638.0,190,62,20,190,2,0.2574982787156877,False,旭升集团,11.32,2026-09-08,2017-07-10,2026-09-08,,True,False,False,ok,8,0,827859.2786152384,0.0,True,0.025781004522248033,795589.2741216517,815119.4468377926
603306,1000000.0,839850.5058793611,0.0,839850.5058793611,-160149.49412063893,77965.73812064492,1365.1,200,59,38,200,1,0.1954363990348629,False,华懋科技,75.85,2026-09-08,2016-04-25,2026-09-08,,False,False,False,ok,12,0,839850.5058793611,0.0,True,0.03654498903242605,1001378.3242694638,895216.8792562099
603307,1000000.0,967997.8392202513,0.0,967997.8392202513,-32002.160779748694,14923.406779749997,0.0,48,12,5,48,0,0.07029071943713155,False,扬州金泉,25.22,2026-09-08,2023-02-16,2026-09-08,,True,False,False,ok,6,0,967997.8392202513,0.0,True,0.00919653995230149,1000000.0,1000000.0
603308,1000000.0,1030213.1945951643,0.0,1030213.1945951643,30213.19459516427,59775.80990484001,2064.0,172,53,27,172,1,0.07473809191227733,False,应流股份,42.09,2026-09-08,2016-03-08,2026-09-08,,False,False,False,ok,12,0,1030213.1945951643,0.0,True,0.025328398578373473,1029735.0026222814,1005057.5971213533
603309,1000000.0,809976.8709408531,0.0,809976.8709408531,-190023.12905914686,71067.36755915008,2810.0,201,64,26,201,1,0.23860955781609752,False,维力医疗,11.41,2026-09-08,2016-02-17,2026-09-08,,False,False,False,ok,12,0,809976.8709408531,0.0,True,0.04421975632144049,770463.8434499422,768780.3144668075
603310,1000000.0,952497.3215833558,0.0,952497.3215833558,-47502.67841664422,8850.936916645,0.0,20,7,4,20,0,0.05052527057216945,False,巍华新材,14.78,2026-09-08,2024-08-14,2026-09-08,,True,False,False,ok,3,0,952497.3215833558,0.0,True,0.005715564041673828,1000000.0,1000000.0
603311,1000000.0,924476.1009108261,0.0,924476.1009108261,-75523.89908917388,66131.57208917999,8720.0,184,45,30,184,0,0.1414010728456506,False,金海高科,27.32,2026-09-08,2016-05-12,2026-09-08,,False,False,False,ok,11,0,924476.1009108261,0.0,True,0.02821235706757593,910464.7192659338,914974.5046050356
603312,1000000.0,965551.857246571,0.0,965551.857246571,-34448.14275342901,8575.030753430003,2240.0,32,9,2,32,1,0.07825320035504403,False,西典新能,33.27,2026-09-08,2024-01-11,2026-09-08,,True,False,False,ok,4,0,965551.857246571,0.0,True,0.00516787678986963,1000000.0,1000000.0
603313,1000000.0,852355.7231098944,0.0,852355.7231098944,-147644.27689010557,72129.3133901099,0.0,217,64,41,217,2,0.16381900741538127,False,梦百合,6.98,2026-09-08,2016-10-13,2026-09-08,,True,False,False,ok,4,0,852355.7231098944,0.0,True,0.03550573581822812,938635.2215425529,907354.8202455183
603315,1000000.0,739659.8147844193,0.0,739659.8147844193,-260340.18521558074,63514.93121558497,3030.0,200,94,50,200,2,0.3233410697520222,False,XD福鞍股,11.69,2026-09-08,2016-01-08,2026-09-08,,False,False,False,ok,9,0,739659.8147844193,0.0,True,0.04542914076327692,765975.9744250521,701394.843606858
603316,1000000.0,822708.7867178576,0.0,822708.7867178576,-177291.21328214242,51324.91478214501,0.0,163,75,37,163,3,0.2707620311713941,False,诚邦股份,14.62,2026-09-08,2017-06-19,2026-09-08,,True,False,False,ok,5,0,822708.7867178576,0.0,True,0.030106683580983847,847764.2007301315,775739.4491015871
603317,1000000.0,1018835.352457764,0.0,1018835.352457764,18835.352457763976,55478.07354224001,12595.000000000002,145,48,24,145,1,0.07757344240929079,False,天味食品,13.43,2026-09-08,2019-04-16,2026-09-08,,True,False,False,ok,8,0,1018835.352457764,0.0,True,0.024584325998188796,1042081.6962712104,1061148.758375242
603318,1000000.0,801213.4369173041,0.0,801213.4369173041,-198786.56308269594,76968.78958269999,942.0,222,123,69,222,8,0.24398307569119854,False,水发燃气,9.5,2026-09-08,2015-09-02,2026-09-08,,False,False,False,ok,8,0,801213.4369173041,0.0,True,0.05169506656319003,837907.1329628624,865175.4610748428
603319,1000000.0,879792.6976948789,0.0,879792.6976948789,-120207.30230512109,52575.722805125006,173.89999999999998,167,59,23,167,2,0.14499598968498206,False,美湖股份,29.85,2026-09-08,2016-11-30,2026-09-08,,True,False,False,ok,11,0,879792.6976948789,0.0,True,0.02496734739843167,904544.1094437726,906595.9602726283
603320,1000000.0,1023939.8291277732,0.0,1023939.8291277732,23939.829127773177,48201.82167223102,2683.5999999999995,128,49,25,128,3,0.09737640164611511,False,迪贝电气,18.57,2026-09-08,2017-05-02,2026-09-08,,True,False,False,ok,9,0,1023939.8291277732,0.0,True,0.022347589946127018,1010458.8620816059,999400.2589508423
603321,1000000.0,907654.3298093493,0.0,907654.3298093493,-92345.67019065074,45954.228190654976,3605.0,100,23,21,100,0,0.11971920776954491,False,梅轮电梯,7.48,2026-09-08,2017-09-15,2026-09-08,,True,False,False,ok,10,0,907654.3298093493,0.0,True,0.018291643177842806,959986.3998494428,904862.5338379637
603322,1000000.0,1049333.1710899186,0.0,1049333.1710899186,49333.171089918585,63502.697910085015,0.0,239,111,52,239,9,0.1466617198270185,False,超讯科技,29.56,2026-09-08,2016-07-28,2026-09-08,,False,False,False,ok,3,0,1049333.1710899186,0.0,True,0.034762357219238454,954481.053212211,967092.1824009711
603323,1000000.0,1039839.3204187033,0.0,1039839.3204187033,39839.32041870325,90517.87473130302,4590.0,144,53,20,144,0,0.07200220629989418,True,苏农银行,4.58,2026-09-08,2016-11-29,2026-09-08,,True,False,False,ok,11,0,1039839.3204187033,0.0,True,0.03932056619803264,1089533.2478817436,1060613.5296096304
603324,1000000.0,841444.0873806631,0.0,841444.0873806631,-158555.91261933686,27278.320019339,1674.0,96,36,17,96,3,0.18256332868922187,False,盛剑科技,25.87,2026-09-08,2021-04-07,2026-09-08,,True,False,False,ok,5,0,841444.0873806631,0.0,True,0.016981461688879373,1000000.0,956705.9607785954
603325,1000000.0,964643.7194868759,0.0,964643.7194868759,-35356.280513124075,6321.769013125,0.0,21,4,1,21,0,0.042776828906781215,False,博隆技术,54.55,2026-09-08,2024-01-10,2026-09-08,,True,False,False,ok,5,0,964643.7194868759,0.0,True,0.004447442566050883,1000000.0,1000000.0
603326,1000000.0,820926.3158493635,0.0,820926.3158493635,-179073.68415063655,59076.48515063999,6840.0,152,68,54,152,5,0.2297430904708301,False,我乐家居,7.78,2026-09-08,2017-06-16,2026-09-08,,True,False,False,ok,10,0,820926.3158493635,0.0,True,0.03209878259862623,1033286.3042597526,888141.8456068933
603327,1000000.0,809426.6983444309,0.0,809426.6983444309,-190573.3016555691,40278.33990557248,11637.0,132,55,27,132,1,0.20242228309434146,False,福蓉科技,9.15,2026-09-08,2019-05-23,2026-09-08,,True,False,False,ok,7,0,809426.6983444309,0.0,True,0.022185348026705062,968658.1681763211,870247.4879477349
603328,1000000.0,915588.1552898881,0.0,915588.1552898881,-84411.84471011185,56154.444710115014,0.0,142,38,29,142,0,0.15369388666195166,False,依顿电子,11.0,2026-09-08,2016-05-25,2026-09-08,,False,False,False,ok,16,0,915588.1552898881,0.0,True,0.025417642321174858,887838.6025859214,884508.4581511223
603329,1000000.0,998505.7141767939,0.0,998505.7141767939,-1494.285823206068,53851.902823210025,14420.0,151,52,25,151,2,0.11501586980341326,False,上海雅仕,10.38,2026-09-08,2017-12-29,2026-09-08,,True,False,False,ok,8,0,998505.7141767939,0.0,True,0.02481912376731907,975972.8839125613,991071.6231755428
603330,1000000.0,885130.1384576389,0.0,885130.1384576389,-114869.86154236109,59006.531742363964,1390.8,184,55,31,184,4,0.1786197870856105,True,天洋新材,10.19,2026-09-08,2017-02-13,2026-09-08,,True,False,False,ok,7,0,885130.1384576389,0.0,True,0.026795304381204543,899009.145662608,888260.4116780333
603331,1000000.0,881564.5424162793,0.0,881564.5424162793,-118435.45758372068,61230.502083725,4500.0,155,56,37,155,1,0.12869036053091812,False,百达精工,13.6,2026-09-08,2017-07-05,2026-09-08,,True,False,False,ok,7,0,881564.5424162793,0.0,True,0.03130072489904689,968285.0623432616,918671.3337499582
603332,1000000.0,755401.9363272124,0.0,755401.9363272124,-244598.06367278763,38688.986672790015,5175.0,129,46,28,129,11,0.2513702505812626,False,苏州龙杰,11.95,2026-09-08,2019-01-17,2026-09-08,,True,False,False,ok,8,0,755401.9363272124,0.0,True,0.02171475257781429,854767.1436793602,768448.8151754711
603333,1000000.0,805872.6821822284,0.0,805872.6821822284,-194127.31781777157,93641.57381778002,1812.8000000000002,230,133,92,230,4,0.22044265354319648,False,福华尚纬,9.95,2026-09-08,2016-04-05,2026-09-08,,False,False,False,ok,5,0,805872.6821822284,0.0,True,0.060414699824595124,971863.2326747356,890382.2991685369
603334,1000000.0,1000000.0,0.0,1000000.0,0.0,0.0,0.0,0,0,0,0,0,0.0,False,丰倍生物,32.26,2026-09-08,2025-11-05,2026-09-08,,True,False,False,ok,1,0,1000000.0,0.0,True,0.0,1000000.0,1000000.0
603335,1000000.0,1071256.1523927227,0.0,1071256.1523927227,71256.15239272267,61797.22430728404,696.0,186,85,40,186,6,0.11654056703845829,False,迪生力,6.53,2026-09-08,2017-06-20,2026-09-08,,True,False,False,ok,5,0,1071256.1523927227,0.0,True,0.02713190353053015,983916.1271827887,949497.4494018115
603336,1000000.0,1056055.5656549367,0.0,1056055.5656549367,56055.56565493671,73212.31684506999,0.0,204,99,73,204,5,0.13586306276141297,False,宏辉果蔬,9.88,2026-09-08,2016-11-24,2026-09-08,,True,False,False,ok,8,0,1056055.5656549367,0.0,True,0.03522179826996416,1097155.7805049543,997875.8181804107
603337,1000000.0,908971.7347821849,0.0,908971.7347821849,-91028.26521781506,78347.29671782009,2300.0,228,81,44,228,1,0.19216752791516764,False,杰克科技,37.1,2026-09-08,2017-01-19,2026-09-08,,True,False,False,ok,11,0,908971.7347821849,0.0,True,0.0444405385649504,889450.3182754229,909624.9846488531
603338,1000000.0,857303.723070054,0.0,857303.723070054,-142696.27692994603,90723.42112995409,8390.0,275,66,35,275,2,0.22476594663578855,False,浙江鼎力,58.49,2026-09-08,2016-05-12,2026-09-08,,False,False,False,ok,12,0,857303.723070054,0.0,True,0.04717040904125557,897975.3161291105,835212.2071011126
603339,1000000.0,989594.7095068434,0.0,989594.7095068434,-10405.290493156645,59811.33049315999,4532.000000000001,149,30,19,149,0,0.08327371072057162,False,四方科技,12.49,2026-09-08,2016-05-25,2026-09-08,,False,False,False,ok,10,0,989594.7095068434,0.0,True,0.025178148976196454,977115.1535261015,958735.9062474723
603341,1000000.0,972840.1002384259,0.0,972840.1002384259,-27159.89976157411,9918.887261575,0.0,39,7,1,39,0,0.05220055699652946,False,龙旗科技,37.0,2026-09-08,2024-03-01,2026-09-08,,True,False,False,ok,3,0,972840.1002384259,0.0,True,0.005228173174616902,1000000.0,1000000.0
603344,1000000.0,1009046.7504744756,0.0,1009046.7504744756,9046.750474475557,5515.796025525001,0.0,18,5,4,18,0,0.030702338017971592,False,星德胜,25.01,2026-09-08,2024-03-20,2026-09-08,,True,False,False,ok,2,0,1009046.7504744756,0.0,True,0.0030226788404021853,1000000.0,1000000.0
603345,1000000.0,722609.6219098462,0.0,722609.6219098462,-277390.3780901538,69953.02009015996,6434.299999999999,227,58,37,227,1,0.2861708931482247,False,安井食品,76.52,2026-09-08,2017-02-22,2026-09-08,,True,False,False,ok,14,0,722609.6219098462,0.0,True,0.04489494422387009,896141.5776577839,769827.8386824995
603348,1000000.0,911101.8209752704,0.0,911101.8209752704,-88898.17902472964,60301.496024735,0.0,189,75,50,189,1,0.14129836676326635,False,文灿股份,14.93,2026-09-08,2018-04-26,2026-09-08,,True,False,False,ok,7,0,911101.8209752704,0.0,True,0.03200827228922796,1052168.5047433223,997053.0628290584
603350,1000000.0,960405.8469859149,0.0,960405.8469859149,-39594.15301408514,5337.960514084999,0.0,18,2,2,18,0,0.052026763459120176,False,安乃达,28.71,2026-09-08,2024-07-03,2026-09-08,,True,False,False,ok,4,0,960405.8469859149,0.0,True,0.002804575436193787,1000000.0,1000000.0
603351,1000000.0,894995.866956153,0.0,894995.866956153,-105004.13304384705,42568.46804384999,0.0,128,33,24,128,1,0.15654131211747788,False,威尔药业,25.89,2026-09-08,2019-01-30,2026-09-08,,True,False,False,ok,8,0,894995.866956153,0.0,True,0.021218580901934434,947554.6473731309,869566.7191414121
603352,1000000.0,1000000.0,0.0,1000000.0,0.0,0.0,0.0,0,0,0,0,0,0.0,False,至信股份,25.82,2026-09-08,2026-01-15,2026-09-08,,True,False,False,ok,1,0,1000000.0,0.0,True,0.0,1000000.0,1000000.0
603353,1000000.0,856032.9358983974,0.0,856032.9358983974,-143967.06410160265,28635.60610160499,1080.0,110,53,33,110,1,0.18301132529674657,False,和顺石油,37.96,2026-09-08,2020-04-07,2026-09-08,,True,False,False,ok,10,0,856032.9358983974,0.0,True,0.018445342892521602,926554.2671606304,854720.0980259861
603355,1000000.0,846162.5454350082,0.0,846162.5454350082,-153837.45456499176,74362.66466499696,5400.0,210,68,34,210,3,0.21801790673230448,True,莱克电气,29.7,2026-09-08,2016-05-26,2026-09-08,,False,False,False,ok,11,0,846162.5454350082,0.0,True,0.041717381506464514,901553.0296575305,830112.188383237
603356,1000000.0,1030871.0510667142,0.0,1030871.0510667142,30871.051066714223,58668.15143329007,2527.0,162,69,41,162,2,0.1368308167129405,False,华菱精工,17.19,2026-09-08,2018-01-24,2026-09-08,,True,False,False,ok,3,0,1030871.0510667142,0.0,True,0.031432864837827555,984313.0190743817,910348.1881868576
603357,1000000.0,876593.3898806036,0.0,876593.3898806036,-123406.61011939636,56750.838119400025,16650.0,120,61,25,120,1,0.16730154700465297,False,设计总院,6.18,2026-09-08,2017-08-01,2026-09-08,,True,False,False,ok,10,0,876593.3898806036,0.0,True,0.02774386217475591,968133.6180770115,951620.4982203878
603358,1000000.0,944679.2955743292,0.0,944679.2955743292,-55320.70442567079,78840.59342567503,1335.0,229,67,38,229,5,0.12406854990933414,False,华达科技,46.13,2026-09-08,2017-01-25,2026-09-08,,True,False,False,ok,13,0,944679.2955743292,0.0,True,0.04082658584212158,980360.2634954618,919707.9398774179
603359,1000000.0,677749.5304853438,0.0,677749.5304853438,-322250.46951465623,59145.348514659985,4000.0,173,66,42,173,0,0.3322272483173235,False,*ST东珠,2.5,2026-09-08,2017-09-01,2026-09-08,,True,False,False,ok,7,0,677749.5304853438,0.0,True,0.031351440968238484,875215.8604303424,763156.9238260285
603360,1000000.0,925002.7156508515,0.0,925002.7156508515,-74997.28434914851,79789.72124915397,3960.0,215,77,49,215,4,0.15937289781486683,False,百傲化学,13.78,2026-09-08,2017-02-06,2026-09-08,,True,False,False,ok,8,0,925002.7156508515,0.0,True,0.03588118002638131,1062096.5791165326,1024920.9607723044
603363,1000000.0,846039.5238411514,0.0,846039.5238411514,-153960.4761588486,79324.5081588551,5105.0,256,115,72,256,7,0.2533983897830889,False,傲农生物,3.27,2026-09-08,2017-09-26,2026-09-08,,True,False,False,ok,4,0,846039.5238411514,0.0,True,0.0409177548068289,1059232.8849524336,956152.79755732
603365,1000000.0,999973.3559997515,0.0,999973.3559997515,-26.64400024851784,80137.50400025501,43860.0,174,76,39,174,0,0.10005574508336314,False,水星家纺,16.66,2026-09-08,2017-11-20,2026-09-08,,True,False,False,ok,11,0,999973.3559997515,0.0,True,0.04623777271289295,957535.2645963917,965097.026396289
603366,1000000.0,804988.6614007745,0.0,804988.6614007745,-195011.3385992255,68773.98859922997,815.4000000000001,237,184,93,237,4,0.19736411800415046,False,日出东方,7.74,2026-09-08,2016-05-25,2026-09-08,,False,False,False,ok,10,0,804988.6614007745,0.0,True,0.04801181910762183,868325.6771929424,946483.6716488043
603367,1000000.0,890236.5206803157,0.0,890236.5206803157,-109763.47931968432,68115.09331969002,7497.1,150,39,12,150,0,0.16330519978390362,False,辰欣药业,14.84,2026-09-08,2017-09-29,2026-09-08,,True,False,False,ok,11,0,890236.5206803157,0.0,True,0.027098871498921616,1012886.0578245824,963056.3131172686
603368,1000000.0,846244.4407027906,0.0,846244.4407027906,-153755.55929720937,80887.458297215,37401.3,169,31,19,169,0,0.1912951119927414,False,柳药集团,15.88,2026-09-08,2016-05-26,2026-09-08,,False,False,False,ok,12,0,846244.4407027906,0.0,True,0.0355349631615929,869568.3997744833,849139.1330481793
603369,1000000.0,811044.3947054915,0.0,811044.3947054915,-188955.6052945085,85773.87429451494,8048.0,240,72,38,240,1,0.23094110191432093,False,今世缘,30.65,2026-09-08,2016-05-26,2026-09-08,,False,False,False,ok,12,0,811044.3947054915,0.0,True,0.045862567288069096,927391.5066846034,923558.4137709446
603370,1000000.0,1000000.0,0.0,1000000.0,0.0,0.0,0.0,0,0,0,0,0,0.0,False,华新精科,28.87,2026-09-08,2025-09-05,2026-09-08,,True,False,False,ok,1,0,1000000.0,0.0,True,0.0,1000000.0,1000000.0
603373,1000000.0,1074204.5658602014,0.0,1074204.5658602014,74204.56586020137,11627.8191398,1225.0,42,9,8,42,1,0.043456952438941036,False,安邦护卫,40.04,2026-09-08,2023-12-20,2026-09-08,,True,False,False,ok,4,0,1074204.5658602014,0.0,True,0.007041943113487629,1000000.0,1000000.0
603375,1000000.0,936240.5967072553,0.0,936240.5967072553,-63759.40329274465,5193.190792744999,0.0,23,8,2,23,1,0.08140313371803543,False,盛景微,46.79,2026-09-08,2024-01-24,2026-09-08,,True,False,False,ok,3,0,936240.5967072553,0.0,True,0.0032215211626166,1000000.0,1000000.0
603376,1000000.0,1000000.0,0.0,1000000.0,0.0,0.0,0.0,0,0,0,0,0,0.0,False,大明电子,27.96,2026-09-08,2025-11-06,2026-09-08,,True,False,False,ok,1,0,1000000.0,0.0,True,0.0,1000000.0,1000000.0
603377,1000000.0,711507.134635929,0.0,711507.134635929,-288492.865364071,84534.18786407504,6450.0,254,146,79,254,14,0.3540149879938767,True,ST东时,3.21,2026-09-08,2016-03-24,2026-09-08,,False,False,False,ok,6,0,711507.134635929,0.0,True,0.06614313715774343,792125.2820345629,735553.9557323285
603378,1000000.0,944784.8914299896,0.0,944784.8914299896,-55215.1085700104,56987.69807001502,5500.718,197,76,48,197,4,0.15356274190164337,False,*ST亚士,6.75,2026-09-08,2017-09-28,2026-09-08,,True,False,False,ok,7,0,944784.8914299896,0.0,True,0.029465429508992506,997517.1792371924,949281.3244769934
603379,1000000.0,982540.2681829666,0.0,982540.2681829666,-17459.731817033375,52791.54341703695,7664.0,167,39,36,167,2,0.13304353128249524,False,三美股份,59.48,2026-09-08,2019-04-02,2026-09-08,,True,False,False,ok,9,0,982540.2681829666,0.0,True,0.026470698615061627,1010678.3820958494,965530.0429639006
603380,1000000.0,1019692.6788759886,0.0,1019692.6788759886,19692.678875988582,55212.83612401498,5054.0,164,36,29,164,0,0.0858273067353284,False,易德龙,34.72,2026-09-08,2017-06-22,2026-09-08,,True,False,False,ok,9,0,1019692.6788759886,0.0,True,0.023831499934096542,1011396.9197552607,1031630.3657886874
603381,1000000.0,980575.0797936906,0.0,980575.0797936906,-19424.920206309413,8996.415206310001,0.0,29,8,3,29,0,0.031077821322117054,False,永臻股份,15.06,2026-09-08,2024-06-26,2026-09-08,,True,False,False,ok,1,0,980575.0797936906,0.0,True,0.00592839662929044,1000000.0,1000000.0
603382,1000000.0,1020517.0538843198,0.0,1020517.0538843198,20517.053884319845,1020.54611568,0.0,4,0,0,4,0,0.0015345308413324118,False,海阳科技,19.91,2026-09-08,2025-06-12,2026-09-08,,True,False,False,ok,2,0,1020517.0538843198,0.0,True,0.0003725283018769434,1000000.0,1000000.0
603383,1000000.0,888115.5917940894,0.0,888115.5917940894,-111884.40820591059,59185.33370591496,10705.0,209,64,36,209,5,0.15414880363459296,True,顶点软件,28.55,2026-09-08,2017-05-22,2026-09-08,,True,False,False,ok,11,0,888115.5917940894,0.0,True,0.028983724484654295,982936.7895216814,950551.3784858428
603385,1000000.0,987223.9388182776,0.0,987223.9388182776,-12776.061181722442,48147.96768172498,0.0,102,32,24,102,0,0.06594877019976664,False,惠达卫浴,5.83,2026-09-08,2017-04-05,2026-09-08,,True,False,False,ok,7,0,987223.9388182776,0.0,True,0.02090670993334402,991996.5279976716,1007608.860564257
603386,1000000.0,974545.6366174934,0.0,974545.6366174934,-25454.36338250665,44701.724382510016,0.0,144,48,28,144,1,0.10227946941915722,False,骏亚科技,14.6,2026-09-08,2017-09-12,2026-09-08,,True,False,False,ok,7,0,974545.6366174934,0.0,True,0.019729207084294008,1015113.0151923718,980751.8383465676
603387,1000000.0,907620.0146956956,0.0,907620.0146956956,-92379.9853043044,62404.52200430694,2651.9999999999995,164,56,30,164,0,0.17789074440836863,False,基蛋生物,9.45,2026-09-08,2017-07-17,2026-09-08,,True,False,False,ok,12,0,907620.0146956956,0.0,True,0.030292650575858483,924593.3571509114,888169.0870692199
603389,1000000.0,743756.9980360479,0.0,743756.9980360479,-256243.0019639521,53982.334463955,0.0,197,101,67,197,13,0.3000498433226674,False,亚振家居,43.29,2026-09-08,2016-12-15,2026-09-08,,True,False,False,ok,4,0,743756.9980360479,0.0,True,0.03392016083801748,789935.4583112417,733973.4678378374
603390,1000000.0,1011394.8641812125,0.0,1011394.8641812125,11394.864181212499,32629.18331878998,0.0,102,46,27,102,1,0.05777864784263145,False,通达电气,11.01,2026-09-08,2019-11-25,2026-09-08,,True,False,False,ok,7,0,1011394.8641812125,0.0,True,0.01607970908368485,981712.2683043205,1016202.796359462
603391,1000000.0,991695.5142331,0.0,991695.5142331,-8304.485766900005,5201.413766899999,0.0,21,0,1,21,2,0.0365498337457891,False,力聚热能,69.03,2026-09-08,2024-07-31,2026-09-08,,True,False,False,ok,3,0,991695.5142331,0.0,True,0.0027383791460674645,1000000.0,1000000.0
603392,1000000.0,846269.1786990834,0.0,846269.1786990834,-153730.8213009166,52133.31630091997,120.0,160,48,22,160,4,0.22597541248350422,False,万泰生物,27.58,2026-09-08,2020-04-29,2026-09-08,,True,False,False,ok,4,0,846269.1786990834,0.0,True,0.03507892354364007,977459.3177291204,964983.7611193019
603393,1000000.0,859761.8374313226,0.0,859761.8374313226,-140238.16256867745,83714.59176868401,10300.0,220,92,51,220,4,0.21598637775581855,True,新天然气,27.4,2026-09-08,2016-09-12,2026-09-08,,True,False,False,ok,8,0,859761.8374313226,0.0,True,0.04631745795865754,965804.5648821784,978034.6186578153
603395,1000000.0,1000000.0,0.0,1000000.0,0.0,0.0,0.0,0,0,0,0,0,0.0,False,红四方,30.97,2026-09-08,2024-11-26,2026-09-08,,True,False,False,ok,2,1,1000000.0,0.0,True,0.0,1000000.0,1000000.0
603396,1000000.0,814140.5947438849,0.0,814140.5947438849,-185859.40525611513,50766.702256119985,645.9999999999999,193,57,25,193,2,0.24830541671670053,False,金辰股份,29.14,2026-09-08,2017-10-18,2026-09-08,,True,False,False,ok,9,0,814140.5947438849,0.0,True,0.025745503016169343,1005360.8720608323,866806.5006617235
603398,1000000.0,812084.5317631852,0.0,812084.5317631852,-187915.46823681484,60783.132236819954,679.9999999999999,253,121,71,253,8,0.2829854985542309,False,*ST沐邦,9.99,2026-09-08,2015-12-09,2026-09-08,,False,False,False,ok,5,0,812084.5317631852,0.0,True,0.0441910691958331,782476.3912364425,757296.6192831735
603399,1000000.0,792645.4495575705,0.0,792645.4495575705,-207354.5504424295,69599.94044243511,1173.1,251,124,64,251,3,0.26863996682855723,False,永杉锂业,13.95,2026-09-08,2015-07-30,2026-09-08,,False,False,False,ok,4,0,792645.4495575705,0.0,True,0.04004361433607289,797801.7399003233,800018.8131187247
603400,1000000.0,1017327.9550300849,0.0,1017327.9550300849,17327.955030084937,889.070469915,0.0,5,1,2,5,0,0.00776025618301495,False,华之杰,52.81,2026-09-08,2025-06-20,2026-09-08,,True,False,False,ok,3,0,1017327.9550300849,0.0,True,0.0005613449630278441,1000000.0,1000000.0
603402,1000000.0,1000000.0,0.0,1000000.0,0.0,0.0,0.0,0,0,0,0,0,0.0,False,陕西旅游,72.69,2026-09-08,2026-01-06,2026-09-08,,True,False,False,ok,1,0,1000000.0,0.0,True,0.0,1000000.0,1000000.0
603406,1000000.0,995943.02904412,0.0,995943.02904412,-4056.9709558800096,295.91895588,0.0,1,0,0,1,0,0.00405697095588001,False,天富龙,30.2,2026-09-08,2025-08-08,2026-09-08,,True,False,False,ok,2,0,995943.02904412,0.0,True,0.00010937524502234801,1000000.0,1000000.0
603407,1000000.0,1000000.0,0.0,1000000.0,0.0,0.0,0.0,0,0,0,0,0,0.0,False,长裕集团,53.35,2026-09-08,2026-05-11,2026-09-08,,True,False,False,ok,0,0,1000000.0,0.0,True,0.0,1000000.0,1000000.0
603408,1000000.0,923984.0762487787,0.0,923984.0762487787,-76015.92375122127,52841.491251225016,0.0,105,19,12,105,0,0.10839518376781106,False,建霖家居,12.17,2026-09-08,2020-07-30,2026-09-08,,True,False,False,ok,9,0,923984.0762487787,0.0,True,0.021959139501771214,999772.604397401,954774.0741437471
603409,1000000.0,990984.7329142904,0.0,990984.7329142904,-9015.26708570961,3225.9131107102503,1950.0,11,1,2,11,0,0.019738301660537333,False,汇通控股,18.38,2026-09-08,2025-03-04,2026-09-08,,True,False,False,ok,2,0,990984.7329142904,0.0,True,0.001696340058630777,1000000.0,1000000.0
603416,1000000.0,1072472.6878479912,0.0,1072472.6878479912,72472.68784799124,64305.168152014994,4169.0,183,58,23,183,0,0.18208308699157977,False,信捷电气,47.88,2026-09-08,2016-12-21,2026-09-08,,True,False,False,ok,11,0,1072472.6878479912,0.0,True,0.029368345671486162,1091970.6114918834,980341.4859869451
603418,1000000.0,1000000.0,0.0,1000000.0,0.0,0.0,0.0,0,0,0,0,0,0.0,False,友升股份,46.63,2026-09-08,2025-09-23,2026-09-08,,True,False,False,ok,1,0,1000000.0,0.0,True,0.0,1000000.0,1000000.0
603421,1000000.0,801761.405719615,0.0,801761.405719615,-198238.59428038495,56158.861280389996,1310.0,184,64,41,184,2,0.31148186904555497,False,鼎信通讯,6.03,2026-09-08,2016-10-11,2026-09-08,,True,False,False,ok,8,0,801761.405719615,0.0,True,0.028907196804332545,906279.2677049029,823944.056022009
603429,1000000.0,1098746.5595428518,0.0,1098746.5595428518,98746.55954285176,80119.7590571561,3250.0,225,85,52,225,1,0.1398861348743177,False,*ST集友,8.93,2026-09-08,2017-01-24,2026-09-08,,True,False,False,ok,7,0,1098746.5595428518,0.0,True,0.033514740540744194,1172585.465414024,1043430.7889427405
603435,1000000.0,1000000.0,0.0,1000000.0,0.0,0.0,0.0,0,0,0,0,0,0.0,False,嘉德利,47.55,2026-09-08,2026-05-22,2026-09-08,,True,False,False,ok,0,0,1000000.0,0.0,True,0.0,1000000.0,1000000.0
603439,1000000.0,902503.8562291922,0.0,902503.8562291922,-97496.14377080777,32261.955770809996,940.0,99,30,21,99,2,0.12428641323007039,False,三力制药,12.17,2026-09-08,2020-04-28,2026-09-08,,True,False,False,ok,5,0,902503.8562291922,0.0,True,0.015948345863840765,983363.78210559,934686.7154944261
603444,1000000.0,892171.7963673146,0.0,892171.7963673146,-107828.20363268536,59208.55713268998,4200.0,204,10,5,204,1,0.18296504565055394,False,吉比特,402.87,2026-09-08,2017-01-04,2026-09-08,,True,False,False,ok,15,0,892171.7963673146,0.0,True,0.031811371463305996,1012395.635837622,945676.1166660129
603456,1000000.0,901994.8493025801,0.0,901994.8493025801,-98005.15069741989,81470.79119742496,3800.0,230,86,45,230,1,0.18621738296902715,False,九洲药业,15.25,2026-09-08,2016-04-22,2026-09-08,,False,False,False,ok,13,0,901994.8493025801,0.0,True,0.03922143315069245,1060363.1817549432,967487.586568014
603458,1000000.0,869358.8690683268,0.0,869358.8690683268,-130641.13093167322,55066.350031677044,9746.500000000002,136,47,21,136,2,0.15730277510167198,False,勘设股份,10.76,2026-09-08,2017-08-09,2026-09-08,,True,False,False,ok,7,0,869358.8690683268,0.0,True,0.024140077269093046,924004.6550112799,953403.8107685058
603459,1000000.0,1000000.0,0.0,1000000.0,0.0,0.0,0.0,0,0,0,0,0,0.0,False,红板科技,87.38,2026-09-08,2026-04-08,2026-09-08,,True,False,False,ok,0,0,1000000.0,0.0,True,0.0,1000000.0,1000000.0
603466,1000000.0,994607.519167558,0.0,994607.519167558,-5392.480832441943,55750.650332444944,5500.0,174,66,30,174,2,0.15412153299458684,False,风语筑,12.62,2026-09-08,2017-10-20,2026-09-08,,True,False,False,ok,8,0,994607.519167558,0.0,True,0.0249160404250208,1101910.4533382715,1014437.5229310923
603477,1000000.0,954144.0538734255,0.0,954144.0538734255,-45855.946126574534,72377.5681265799,680.0,233,113,61,233,2,0.1679313108219272,False,巨星农牧,16.04,2026-09-08,2017-12-18,2026-09-08,,True,False,False,ok,8,0,954144.0538734255,0.0,True,0.0388777781065946,1043964.4776669621,1088706.5139696486
603486,1000000.0,1094306.5639567655,0.0,1094306.5639567655,94306.56395676546,55204.821543240025,3280.0,174,43,21,174,5,0.057148711883462135,True,科沃斯,52.26,2026-09-08,2018-05-28,2026-09-08,,True,False,False,ok,7,0,1094306.5639567655,0.0,True,0.025597640659057577,1030917.6320729519,1057341.402076839
603488,1000000.0,900040.4401668737,0.0,900040.4401668737,-99959.55983312626,45770.14083312999,3180.0,143,85,33,143,8,0.19202871286910952,False,展鹏科技,8.57,2026-09-08,2017-05-16,2026-09-08,,True,False,False,ok,8,0,900040.4401668737,0.0,True,0.026786847782673144,900110.298161432,891876.0495163525
603489,1000000.0,906318.8493959116,0.0,906318.8493959116,-93681.15060408844,33970.11710408998,0.0,114,25,14,114,0,0.13575500226905873,False,八方股份,27.55,2026-09-08,2019-11-11,2026-09-08,,True,False,False,ok,7,0,906318.8493959116,0.0,True,0.018039764468398663,952268.7634039801,885245.2742227458
603496,1000000.0,951916.3786373441,0.0,951916.3786373441,-48083.62136265589,61153.84786265998,164.5,219,79,35,219,4,0.12623612606712664,False,恒为科技,22.7,2026-09-08,2017-06-07,2026-09-08,,True,False,False,ok,10,0,951916.3786373441,0.0,True,0.029330542134948248,975264.9598490412,961376.6793925373
603499,1000000.0,1078233.0624505393,0.0,1078233.0624505393,78233.06245053932,64505.33304946502,2259.0,199,114,54,199,8,0.07900470503539565,True,翔港科技,14.23,2026-09-08,2017-10-16,2026-09-08,,True,False,False,ok,8,0,1078233.0624505393,0.0,True,0.03352292366143063,997108.2018093921,1017872.844484053
603500,1000000.0,941615.4643335156,0.0,941615.4643335156,-58384.535666484386,58546.84166649002,0.0,164,59,42,164,5,0.12218798626842299,False,祥和实业,9.57,2026-09-08,2017-09-04,2026-09-08,,True,False,False,ok,9,0,941615.4643335156,0.0,True,0.02886167003581928,933076.0474264927,995744.8424427499
603501,1000000.0,963354.9200244347,0.0,963354.9200244347,-36645.07997556531,60919.90097556997,2055.2,200,42,19,200,2,0.1565709306212599,False,豪威集团,80.47,2026-09-08,2017-05-04,2026-09-08,,True,False,False,ok,11,0,963354.9200244347,0.0,True,0.033346007392100606,1022207.6676602523,967970.4066496328
603505,1000000.0,1099368.4519736425,0.0,1099368.4519736425,99368.45197364246,68942.36467636298,5780.0,192,66,27,192,0,0.05793668426500287,False,金石资源,15.55,2026-09-08,2017-05-03,2026-09-08,,True,False,False,ok,11,0,1099368.4519736425,0.0,True,0.03078120384085517,1096696.4229087743,1122813.111522026
603506,1000000.0,902497.0873066592,0.0,902497.0873066592,-97502.9126933408,47875.969193344994,22241.352,124,48,24,124,0,0.16295023290870203,False,南都物业,11.87,2026-09-08,2018-02-01,2026-09-08,,True,False,False,ok,8,0,902497.0873066592,0.0,True,0.023566717936984467,962705.483961563,934593.4420603886
603507,1000000.0,848074.0694318129,0.0,848074.0694318129,-151925.93056818715,59943.88206819,0.0,192,59,29,192,3,0.21199659999655396,False,振江股份,22.4,2026-09-08,2017-11-06,2026-09-08,,True,False,False,ok,8,0,848074.0694318129,0.0,True,0.027184606360070022,953472.543459261,921548.9186336271
603508,1000000.0,1010508.9006930359,0.0,1010508.9006930359,10508.900693035917,66929.85230696999,6880.532,177,49,32,177,0,0.1190255257710428,False,思维列控,21.54,2026-09-08,2016-01-07,2026-09-08,,False,False,False,ok,13,0,1010508.9006930359,0.0,True,0.029472276970352068,986002.2199602537,1014532.1230570099
603511,1000000.0,925244.9898788116,0.0,925244.9898788116,-74755.01012118836,21317.971121190007,18000.0,60,10,7,60,1,0.08021901654534923,False,爱慕股份,12.85,2026-09-08,2021-05-31,2026-09-08,,True,False,False,ok,6,0,925244.9898788116,0.0,True,0.009930511190853183,1000000.0,989001.7745165403
603515,1000000.0,772881.8733939587,0.0,772881.8733939587,-227118.12660604133,77349.27520604698,15945.0,180,57,22,180,2,0.28345027183765753,False,欧普照明,15.41,2026-09-08,2016-08-19,2026-09-08,,False,False,False,ok,10,0,772881.8733939587,0.0,True,0.03835646103970358,895795.8191752618,859390.9895551022
603516,1000000.0,1001798.4230213838,0.0,1001798.4230213838,1798.4230213838164,54306.253978620036,90.0,206,82,38,206,5,0.18745029183108344,False,淳中科技,89.5,2026-09-08,2018-02-02,2026-09-08,,True,False,False,ok,9,0,1001798.4230213838,0.0,True,0.02951764882506585,1008674.0141748206,916812.3565142516
603517,1000000.0,783870.1524175997,0.0,783870.1524175997,-216129.8475824003,74266.45358240507,2304.0,216,53,24,216,0,0.24994327047490075,False,ST绝味,12.06,2026-09-08,2017-03-17,2026-09-08,,True,False,False,ok,10,0,783870.1524175997,0.0,True,0.035324970390045334,922400.0210987729,813407.3421329488
603518,1000000.0,841617.9265182156,0.0,841617.9265182156,-158382.07348178443,68615.89698179004,2930.0,210,98,64,210,6,0.17009327376091016,False,XD锦泓集,8.25,2026-09-08,2016-01-26,2026-09-08,,False,False,False,ok,9,0,841617.9265182156,0.0,True,0.03899307058884377,897987.468221932,902897.8858271434
603519,1000000.0,929203.1486401935,0.0,929203.1486401935,-70796.85135980649,74786.47725981305,36905.0,199,69,46,199,7,0.16289109053792702,False,立霸股份,15.25,2026-09-08,2016-01-06,2026-09-08,,False,False,False,ok,13,0,929203.1486401935,0.0,True,0.03764932572425845,891737.944484225,921225.8622902216
603520,1000000.0,818939.9467728493,0.0,818939.9467728493,-181060.0532271507,60765.39772715504,0.0,206,70,36,206,1,0.20869119306447384,False,司太立,8.88,2026-09-08,2016-03-09,2026-09-08,,False,False,False,ok,12,0,818939.9467728493,0.0,True,0.031762668640297365,933850.819110303,912684.9820623735
603527,1000000.0,905996.2930421213,0.0,905996.2930421213,-94003.70695787866,45977.37945788,0.0,131,48,25,131,1,0.1311622263577288,False,众源新材,10.26,2026-09-08,2017-09-07,2026-09-08,,True,False,False,ok,9,0,905996.2930421213,0.0,True,0.02115806815961251,981116.3425440609,1018252.0989233314
603528,1000000.0,712276.7051868781,0.0,712276.7051868781,-287723.2948131219,43897.55431312501,1456.0,162,47,12,162,0,0.30638313774687675,False,多伦科技,6.41,2026-09-08,2016-05-24,2026-09-08,,False,False,False,ok,7,0,712276.7051868781,0.0,True,0.019721889226097807,837694.5277955923,765399.4558653724
603529,1000000.0,959028.5653498191,0.0,959028.5653498191,-40971.43465018086,39033.227150185005,6419.200000000001,118,34,18,118,0,0.08378518294458417,False,爱玛科技,21.8,2026-09-08,2021-06-15,2026-09-08,,True,False,False,ok,8,0,959028.5653498191,0.0,True,0.02238732088821049,1000000.0,942580.9325320213
603530,1000000.0,815728.38019104,0.0,815728.38019104,-184271.61980896,48657.10230896498,1534.0,182,43,23,182,2,0.2396870778545204,False,神马电力,49.3,2026-09-08,2019-08-05,2026-09-08,,True,False,False,ok,7,0,815728.38019104,0.0,True,0.02521574478802863,899238.0820599913,771949.565362073
603533,1000000.0,837650.6267291369,0.0,837650.6267291369,-162349.37327086309,46399.23777086502,0.0,194,76,34,194,8,0.18171212005724804,False,掌阅科技,24.71,2026-09-08,2017-09-21,2026-09-08,,True,False,False,ok,8,0,837650.6267291369,0.0,True,0.024984216395558548,927921.4143756009,883416.4962716068
603535,1000000.0,1068587.4708982953,0.0,1068587.4708982953,68587.47089829529,64960.68610170999,858.0000000000001,171,56,36,171,1,0.11402762533988069,False,嘉诚国际,6.53,2026-09-08,2017-08-08,2026-09-08,,True,False,False,ok,9,0,1068587.4708982953,0.0,True,0.030351710629824218,1040374.5723374516,966157.7760270083
603536,1000000.0,1082567.453261268,0.0,1082567.453261268,82567.45326126809,65427.88773873496,266.0,221,123,82,221,4,0.1041300859142374,False,惠发食品,10.59,2026-09-08,2017-06-13,2026-09-08,,True,False,False,ok,6,0,1082567.453261268,0.0,True,0.03753519516642701,977480.9837624312,918482.8591457468
603538,1000000.0,932979.8031131251,0.0,932979.8031131251,-67020.19688687485,58070.82438688003,0.0,201,81,39,201,3,0.14023589791528943,False,美诺华,28.07,2026-09-08,2017-04-07,2026-09-08,,True,False,False,ok,8,0,932979.8031131251,0.0,True,0.029504346521920164,950553.2935945727,868748.057621314
603551,1000000.0,898674.3989025475,0.0,898674.3989025475,-101325.60109745245,37564.52009745498,22720.0,88,49,23,88,1,0.1374898291146209,False,奥普科技,9.75,2026-09-08,2020-01-15,2026-09-08,,True,False,False,ok,9,0,898674.3989025475,0.0,True,0.020961680416480145,992903.7049744007,960328.031729061
603556,1000000.0,798784.5866062522,0.0,798784.5866062522,-201215.41339374776,77592.79239375505,5810.0,214,71,31,214,2,0.2317375623811696,False,海兴电力,24.41,2026-09-08,2016-11-10,2026-09-08,,True,False,False,ok,10,0,798784.5866062522,0.0,True,0.04168874123924698,881906.2456001728,865186.6708159993
603557,1000000.0,812805.3175128759,0.0,812805.3175128759,-187194.6824871241,62021.096987130004,0.0,202,137,68,202,12,0.24555470834287899,False,*ST起步,3.33,2026-09-08,2017-08-18,2026-09-08,,True,False,False,ok,3,0,812805.3175128759,0.0,True,0.04247901514008572,814488.1208760829,767037.0948397946
603558,1000000.0,1127479.5403411118,0.0,1127479.5403411118,127479.54034111183,94019.65515889495,16080.0,220,87,44,220,2,0.16634239186664201,False,健盛集团,12.15,2026-09-08,2016-01-22,2026-09-08,,False,False,False,ok,16,0,1127479.5403411118,0.0,True,0.04650450065314406,947612.509368632,951448.1775863738
603559,1000000.0,681205.664337958,0.0,681205.664337958,-318794.335662042,43504.814162045004,0.0,164,70,30,164,10,0.32421853519495686,False,中通国脉,10.8,2026-09-08,2016-12-02,2026-09-08,,True,False,False,ok,3,1,681205.664337958,0.0,True,0.024350436908661118,800935.1983409815,754648.682714968
603565,1000000.0,1092130.9863650694,0.0,1092130.9863650694,92130.9863650694,41191.40559493262,11700.0,107,26,23,107,4,0.05305759548552351,False,中谷物流,12.02,2026-09-08,2020-09-25,2026-09-08,,True,False,False,ok,8,0,1092130.9863650694,0.0,True,0.02040720545056042,1001540.75146153,990963.6205918734
603566,1000000.0,714076.4309272789,0.0,714076.4309272789,-285923.56907272106,66127.30207272501,1040.0,195,74,35,195,3,0.29284852813822615,False,普莱柯,10.8,2026-09-08,2016-05-23,2026-09-08,,False,False,False,ok,13,0,714076.4309272789,0.0,True,0.03611586266075937,780787.4706757823,800233.3430215581
603567,1000000.0,1041009.9485563777,0.0,1041009.9485563777,41009.94855637767,130349.42144363007,7557.5,224,98,64,224,1,0.13478542542579455,False,珍宝岛,5.69,2026-09-08,2016-05-26,2026-09-08,,False,False,False,ok,9,0,1041009.9485563777,0.0,True,0.06281444208633696,1059005.6727476846,1068744.2712824757
603568,1000000.0,1050105.998077082,0.0,1050105.998077082,50105.99807708198,105079.73742292495,4975.0,220,70,22,220,1,0.08947849937481758,False,伟明环保,14.29,2026-09-08,2016-05-26,2026-09-08,,False,False,False,ok,11,0,1050105.998077082,0.0,True,0.0433169685680702,1057617.7412093428,1035799.1542869995
603569,1000000.0,961287.7386214235,0.0,961287.7386214235,-38712.26137857651,68843.63587858003,0.0,178,80,42,178,2,0.11051425530607571,False,长久物流,6.02,2026-09-08,2016-08-10,2026-09-08,,False,False,False,ok,9,0,961287.7386214235,0.0,True,0.03265765051238946,984559.9233457211,1034167.5425123976
603577,1000000.0,722850.6520404097,0.0,722850.6520404097,-277149.34795959026,62976.01145959493,0.0,173,54,23,173,2,0.31398679255767964,False,汇金通,10.23,2026-09-08,2016-12-22,2026-09-08,,True,False,False,ok,10,0,722850.6520404097,0.0,True,0.02949781454996197,846550.1287283921,759641.9814700084
603578,1000000.0,810864.5725649241,0.0,810864.5725649241,-189135.42743507586,52263.64693507997,4821.0,153,38,39,153,2,0.20385729238034017,False,三星新材,13.6,2026-09-08,2017-03-06,2026-09-08,,True,False,False,ok,7,0,810864.5725649241,0.0,True,0.027106529448606698,878508.7027902512,861770.9796587726
603579,1000000.0,961576.1800786187,0.0,961576.1800786187,-38423.819921381306,64159.64342138499,14870.0,179,48,19,179,2,0.09746051100165697,False,荣泰健康,18.76,2026-09-08,2017-01-11,2026-09-08,,True,False,False,ok,13,0,961576.1800786187,0.0,True,0.02761589037753661,990715.7915034324,969540.922526188
603580,1000000.0,1066740.7668200412,0.0,1066740.7668200412,66740.76682004123,57618.10987996394,3700.7999999999997,183,94,45,183,11,0.13633227916091187,False,艾艾精工,73.99,2026-09-08,2017-05-25,2026-09-08,,True,False,False,ok,8,0,1066740.7668200412,0.0,True,0.0330824806103257,909072.3110822673,979551.2897593885
603583,1000000.0,906106.0231801005,0.0,906106.0231801005,-93893.97681989952,57466.81031990505,1050.0,185,48,22,185,3,0.15542281640558608,False,捷昌驱动,26.8,2026-09-08,2018-09-21,2026-09-08,,True,False,False,ok,8,0,906106.0231801005,0.0,True,0.02593731595751177,1051951.0045340215,987843.7540428336
603585,1000000.0,763526.9837769342,0.0,763526.9837769342,-236473.0162230658,70407.46872307,7980.0,153,35,33,153,3,0.2559621419919386,False,苏利股份,11.13,2026-09-08,2016-12-14,2026-09-08,,True,False,False,ok,9,0,763526.9837769342,0.0,True,0.03568906449461757,824602.5239378829,772712.1971054582
603586,1000000.0,913470.3466720192,0.0,913470.3466720192,-86529.65332798078,58033.950327984974,2700.0,152,49,40,152,4,0.10364716579413412,False,金麒麟,14.17,2026-09-08,2017-04-06,2026-09-08,,True,False,False,ok,9,0,913470.3466720192,0.0,True,0.027562445218894914,994408.4708796014,982302.228155828
603587,1000000.0,834125.9799538493,0.0,834125.9799538493,-165874.02004615066,60928.988046155035,27220.0,125,46,20,125,1,0.22198296930685416,False,地素时尚,13.5,2026-09-08,2018-06-22,2026-09-08,,True,False,False,ok,9,0,834125.9799538493,0.0,True,0.029004165007813314,1010054.2615713923,892126.1046179332
603588,1000000.0,918230.86972237,0.0,918230.86972237,-81769.13027763006,86505.669277635,5747.0,188,74,36,188,0,0.16131807227237152,False,高能环境,15.86,2026-09-08,2016-01-04,2026-09-08,,False,False,False,ok,13,0,918230.86972237,0.0,True,0.04028396637460173,1005568.3939742128,995257.922971224
603589,1000000.0,991029.8864828777,0.0,991029.8864828777,-8970.113517122343,88369.84101712989,4650.0,204,64,37,204,3,0.10821318381731153,False,口子窖,19.41,2026-09-08,2016-05-26,2026-09-08,,False,False,False,ok,11,0,991029.8864828777,0.0,True,0.04137305519666662,1029676.4726846735,1060594.3722573603
603590,1000000.0,763782.6373582743,0.0,763782.6373582743,-236217.3626417257,63631.87714172999,0.0,182,51,28,182,1,0.2610304739412872,False,康辰药业,30.33,2026-09-08,2018-08-27,2026-09-08,,True,False,False,ok,8,0,763782.6373582743,0.0,True,0.03720299015302056,832056.1410310722,805298.708644288
603595,1000000.0,745432.6045190835,0.0,745432.6045190835,-254567.3954809165,60637.21598092002,579.47,231,74,41,231,11,0.27972897497667903,False,ST东尼,30.3,2026-09-08,2017-07-12,2026-09-08,,True,False,False,ok,7,0,745432.6045190835,0.0,True,0.03272199406347378,902254.0896854809,872945.2367133822
603596,1000000.0,954711.3728167,0.0,954711.3728167,-45288.62718329998,53852.326483303004,2728.0,185,39,18,185,0,0.11844700239371529,False,伯特利,30.13,2026-09-08,2018-04-27,2026-09-08,,True,False,False,ok,8,0,954711.3728167,0.0,True,0.024613017290259914,1013605.8616739309,947534.7727551314
603598,1000000.0,702835.7975800892,0.0,702835.7975800892,-297164.2024199108,66559.52541991512,0.0,298,150,70,298,6,0.3838522014325016,False,引力传媒,18.89,2026-09-08,2015-08-31,2026-09-08,,False,False,False,ok,3,0,702835.7975800892,0.0,True,0.04511825863722547,787680.6358520124,743149.4680550081
603599,1000000.0,882495.0138909405,0.0,882495.0138909405,-117504.98610905954,82162.54960906503,9070.0,203,46,33,203,3,0.19540330750274248,False,广信股份,11.43,2026-09-08,2016-05-18,2026-09-08,,False,False,False,ok,11,0,882495.0138909405,0.0,True,0.03799847751315627,1030858.330641193,857366.1258919893
603600,1000000.0,841795.567034793,0.0,841795.567034793,-158204.43296520703,62017.69446520999,14320.0,180,61,31,180,1,0.18053073518726995,False,永艺股份,10.92,2026-09-08,2016-05-10,2026-09-08,,False,False,False,ok,16,0,841795.567034793,0.0,True,0.03031892159042271,890032.6353282218,837265.9803558274
603601,1000000.0,834205.8037242427,0.0,834205.8037242427,-165794.19627575728,65311.38967576303,3456.0,175,67,31,175,3,0.1853965830417786,True,再升科技,9.0,2026-09-08,2016-03-15,2026-09-08,,False,False,False,ok,15,0,834205.8037242427,0.0,True,0.029891466341738955,952764.1615612555,898470.8944486412
603602,1000000.0,895271.8560380688,0.0,895271.8560380688,-104728.14396193123,58403.49596193499,0.0,180,42,20,180,5,0.1797554371791474,False,纵横通信,11.85,2026-09-08,2017-08-10,2026-09-08,,True,False,False,ok,9,0,895271.8560380688,0.0,True,0.027969259086949597,847969.9821995916,870502.8157380625
603605,1000000.0,904131.9191247383,0.0,904131.9191247383,-95868.08087526169,83458.17787527,2663.0,214,39,14,214,0,0.2004711886951554,False,珀莱雅,61.96,2026-09-08,2017-11-15,2026-09-08,,True,False,False,ok,11,0,904131.9191247383,0.0,True,0.04373388186615915,1028624.1963453534,1055572.90426619
603606,1000000.0,1118181.3981180533,0.0,1118181.3981180533,118181.39811805333,92084.62438195004,5725.0,243,83,55,243,1,0.08305182609095307,False,东方电缆,33.99,2026-09-08,2016-05-13,2026-09-08,,False,False,False,ok,12,0,1118181.3981180533,0.0,True,0.04781868443179345,1002997.6097095507,1058004.8158197275
603607,1000000.0,1023043.8003441943,0.0,1023043.8003441943,23043.800344194286,57560.58515581003,2750.0,168,62,26,168,2,0.13210801619580995,False,京华激光,22.95,2026-09-08,2017-10-25,2026-09-08,,True,False,False,ok,11,0,1023043.8003441943,0.0,True,0.02822182155575565,1030780.8539703113,1107182.7444641525
603608,1000000.0,827019.3193344492,0.0,827019.3193344492,-172980.68066555075,67061.28566555503,0.0,196,130,59,196,4,0.2129602690211986,False,天创时尚,22.46,2026-09-08,2016-02-18,2026-09-08,,False,False,False,ok,6,0,827019.3193344492,0.0,True,0.042747128379318156,875426.595077563,861973.9310101041
603609,1000000.0,855187.4581427567,0.0,855187.4581427567,-144812.54185724328,88174.33335725001,12202.0,187,52,27,187,0,0.2354985402680614,False,禾丰股份,7.0,2026-09-08,2016-05-16,2026-09-08,,False,False,False,ok,10,0,855187.4581427567,0.0,True,0.037162255701367865,1055553.6186963338,916162.2058691604
603610,1000000.0,879186.4010389419,0.0,879186.4010389419,-120813.59896105807,37814.81096106001,0.0,120,40,19,120,1,0.14236864739906102,False,麒盛科技,14.27,2026-09-08,2019-10-29,2026-09-08,,True,False,False,ok,6,0,879186.4010389419,0.0,True,0.019460797797883997,932496.60893326,894849.7714624461
603611,1000000.0,863287.9289551574,0.0,863287.9289551574,-136712.0710448426,60959.89664484705,15945.8,180,43,22,180,3,0.18647002727850692,True,诺力股份,16.37,2026-09-08,2016-01-26,2026-09-08,,False,False,False,ok,11,0,863287.9289551574,0.0,True,0.027699744157072714,860740.1319942402,843081.5202761411
603612,1000000.0,803972.5893958842,0.0,803972.5893958842,-196027.4106041158,42513.26460411995,3497.0,154,57,20,154,3,0.2131129695433633,False,索通发展,17.18,2026-09-08,2017-07-18,2026-09-08,,True,False,False,ok,9,0,803972.5893958842,0.0,True,0.02172653173847475,939159.1903605418,871091.8593144331
603613,1000000.0,913611.6521204531,0.0,913611.6521204531,-86388.34787954693,43371.61337955004,0.0,136,40,14,136,3,0.2191014206893427,False,国联股份,20.01,2026-09-08,2019-07-30,2026-09-08,,True,False,False,ok,6,0,913611.6521204531,0.0,True,0.0205458297937641,1102080.8837442806,1017879.0276287114
603615,1000000.0,1195941.9160204534,0.0,1195941.9160204534,195941.91602045344,64618.98597955002,23910.0,174,75,50,174,0,0.05375390480569725,False,茶花股份,18.45,2026-09-08,2017-02-13,2026-09-08,,True,False,False,ok,8,0,1195941.9160204534,0.0,True,0.029057111861525653,1036183.4277849819,1093638.3199620368
603616,1000000.0,675286.7321394684,0.0,675286.7321394684,-324713.2678605316,52422.12636053494,0.0,203,98,46,203,6,0.3328902429381741,False,韩建河山,5.94,2026-09-08,2016-04-28,2026-09-08,,False,False,False,ok,4,0,675286.7321394684,0.0,True,0.03250870333443474,757505.2440807624,749486.702264593
603617,1000000.0,932804.4825778458,0.0,932804.4825778458,-67195.5174221542,67882.54992215995,1072.0,192,73,49,192,2,0.11410427687245144,False,君禾股份,7.12,2026-09-08,2017-07-03,2026-09-08,,True,False,False,ok,9,0,932804.4825778458,0.0,True,0.03332745164073919,936711.3831661423,973543.5993813039
603618,1000000.0,1037013.9351390684,0.0,1037013.9351390684,37013.9351390684,48669.01586093502,1560.0,146,49,19,146,4,0.07954232485629863,False,杭电股份,40.11,2026-09-08,2016-05-26,2026-09-08,,False,False,False,ok,11,0,1037013.9351390684,0.0,True,0.020382249258725137,958522.8649111022,999517.7384124127
603619,1000000.0,876154.9951927839,0.0,876154.9951927839,-123845.00480721612,57437.51980722001,1376.0,203,81,56,203,6,0.15342697030647157,False,中曼石油,24.9,2026-09-08,2017-11-17,2026-09-08,,True,False,False,ok,10,0,876154.9951927839,0.0,True,0.03161418845797364,966424.9579670713,919810.3316435174
603626,1000000.0,956153.2882310892,0.0,956153.2882310892,-43846.711768910754,57630.54076891499,0.0,201,57,31,201,4,0.12579816504616656,False,科森科技,21.69,2026-09-08,2017-02-09,2026-09-08,,True,False,False,ok,5,0,956153.2882310892,0.0,True,0.023641363085424787,974175.2203667713,1038922.5881743728
603628,1000000.0,717805.7826274651,0.0,717805.7826274651,-282194.2173725349,54360.841872540055,819.0,188,91,40,188,3,0.28529161973835515,False,清源股份,10.76,2026-09-08,2017-01-12,2026-09-08,,True,False,False,ok,9,0,717805.7826274651,0.0,True,0.032179547621938656,930251.1858250825,808477.087549849
603629,1000000.0,904766.4422558784,0.0,904766.4422558784,-95233.55774412164,41104.854244125,805.0,150,60,49,150,10,0.20155909534560795,False,利通电子,108.99,2026-09-08,2018-12-24,2026-09-08,,True,False,False,ok,8,0,904766.4422558784,0.0,True,0.026743855167402027,887014.417934252,940953.4777004323
603630,1000000.0,896881.8544996952,0.0,896881.8544996952,-103118.14550030476,63711.909500309936,3380.0,199,60,32,199,1,0.13941769068268114,False,拉芳家化,14.92,2026-09-08,2017-03-13,2026-09-08,,True,False,False,ok,9,0,896881.8544996952,0.0,True,0.02882847241300109,962165.7881006626,938404.569342529
603633,1000000.0,1000000.0,0.0,1000000.0,0.0,0.0,0.0,0,0,0,0,0,0.0,False,徕木股份,6.65,2026-09-08,2016-11-17,2026-09-08,,True,False,True,ok,7,1,1000000.0,0.0,True,0.0,1000000.0,1000000.0
603636,1000000.0,1000000.0,0.0,1000000.0,0.0,0.0,0.0,0,0,0,0,0,0.0,False,南威软件,7.09,2026-09-08,2016-01-29,2026-09-08,,False,False,True,ok,10,0,1000000.0,0.0,True,0.0,1000000.0,1000000.0
603637,1000000.0,886917.0191212335,0.0,886917.0191212335,-113082.98087876651,59882.52587876996,5851.0,162,70,28,162,1,0.1986061326138063,False,镇海股份,14.88,2026-09-08,2017-02-08,2026-09-08,,True,False,False,ok,10,0,886917.0191212335,0.0,True,0.02857685663023115,935005.0201454217,917970.8366364877
603638,1000000.0,947143.905745026,0.0,947143.905745026,-52856.09425497404,72764.62275498001,1040.0,197,78,35,197,2,0.20575033880722038,False,艾迪精密,18.52,2026-09-08,2017-01-20,2026-09-08,,True,False,False,ok,12,0,947143.905745026,0.0,True,0.03990778496418167,833722.551786893,859035.6104575788
603639,1000000.0,774836.1797993525,0.0,774836.1797993525,-225163.82020064746,72579.99880065199,3270.0,171,39,34,171,2,0.2264401287388864,True,海利尔,11.13,2026-09-08,2017-01-12,2026-09-08,,True,False,False,ok,10,0,774836.1797993525,0.0,True,0.034335444380699104,971734.7917488307,919094.9978998371
603648,1000000.0,843473.0016740857,0.0,843473.0016740857,-156526.99832591426,57714.042825920005,1980.0,141,49,30,141,3,0.2023882612991864,False,畅联股份,9.68,2026-09-08,2017-09-13,2026-09-08,,True,False,False,ok,9,0,843473.0016740857,0.0,True,0.0256186627224106,948402.6655857526,921417.0769736742
603650,1000000.0,1003001.0370706881,0.0,1003001.0370706881,3001.037070688093,40890.310429314995,1850.0,144,45,20,144,2,0.10014381510327565,False,彤程新材,59.29,2026-09-08,2018-06-27,2026-09-08,,True,False,False,ok,9,0,1003001.0370706881,0.0,True,0.02055331808735669,998734.9680244409,995470.301851107
603655,1000000.0,915631.9303291045,0.0,915631.9303291045,-84368.06967089546,49739.61717090001,3759.0,178,66,48,178,11,0.14885333963130884,False,朗博科技,30.6,2026-09-08,2017-12-29,2026-09-08,,True,False,False,ok,11,0,915631.9303291045,0.0,True,0.026697121173697075,914686.1923612119,945108.1245006036
603656,1000000.0,894688.0419900094,0.0,894688.0419900094,-105311.95800999063,48295.476009994985,705.0,141,40,28,141,0,0.11582250287802864,False,泰禾智能,17.48,2026-09-08,2017-03-21,2026-09-08,,True,False,False,ok,10,0,894688.0419900094,0.0,True,0.02308052466554312,943908.9542824912,948991.5093277276
603657,1000000.0,968576.3991202033,0.0,968576.3991202033,-31423.600879796664,49744.783379800014,1205.0,159,67,27,159,9,0.1417255112482389,False,春光科技,26.8,2026-09-08,2018-07-30,2026-09-08,,True,False,False,ok,7,0,968576.3991202033,0.0,True,0.025388311610448303,1072424.9996225312,997058.6001230027
603658,1000000.0,938793.7101200123,0.0,938793.7101200123,-61206.289879987715,102949.88737999504,16812.0,248,56,34,248,2,0.17170701753726286,False,安图生物,32.23,2026-09-08,2016-09-01,2026-09-08,,False,False,False,ok,11,0,938793.7101200123,0.0,True,0.04834427610741501,1033774.1691621625,1010375.2205361492
603659,1000000.0,837472.7105174641,0.0,837472.7105174641,-162527.2894825359,56370.92960753875,3767.999999999999,177,51,17,177,1,0.20096420303259996,False,璞泰来,22.22,2026-09-08,2017-11-03,2026-09-08,,True,False,False,ok,9,0,837472.7105174641,0.0,True,0.028275255905624155,982051.7699665314,837536.4663226036
603660,1000000.0,806442.3770111594,0.0,806442.3770111594,-193557.62298884057,58297.87698884498,0.0,171,71,36,171,2,0.24210929066159304,False,苏州科达,9.93,2026-09-08,2016-12-01,2026-09-08,,True,False,False,ok,6,0,806442.3770111594,0.0,True,0.027548721836298973,934299.8053080426,895925.9453992984
603661,1000000.0,984269.1684557564,0.0,984269.1684557564,-15730.831544243614,79082.74104424997,14540.0,192,54,32,192,2,0.11951248868853226,False,恒林股份,32.5,2026-09-08,2017-11-21,2026-09-08,,True,False,False,ok,8,0,984269.1684557564,0.0,True,0.03567945950796393,1052617.5897974723,1058404.3695584033
603662,1000000.0,795944.4853381934,0.0,795944.4853381934,-204055.51466180664,37955.75016181001,837.1999999999999,128,35,21,128,0,0.20794415837309108,False,柯力传感,49.95,2026-09-08,2019-08-06,2026-09-08,,True,False,False,ok,7,0,795944.4853381934,0.0,True,0.020494898466433174,927918.5888800209,873363.9321636473
603663,1000000.0,1079359.0595238963,0.0,1079359.0595238963,79359.05952389631,61080.20547610998,5285.0,190,91,53,190,4,0.15017942477418122,False,DR三祥新,39.11,2026-09-08,2016-08-01,2026-09-08,,False,False,False,ok,10,0,1079359.0595238963,0.0,True,0.030681879251774943,1012238.9152371228,978969.2331934292
603665,1000000.0,780650.4327397116,0.0,780650.4327397116,-219349.5672602884,82298.10226029508,1860.0,229,110,69,229,9,0.35085109821061444,False,康隆达,22.33,2026-09-08,2017-03-13,2026-09-08,,True,False,False,ok,4,0,780650.4327397116,0.0,True,0.0487250760791103,1140637.2035851136,1053481.528861185
603666,1000000.0,951378.9626479493,0.0,951378.9626479493,-48621.037352050655,45903.76885205502,1848.0,151,42,23,151,2,0.0841916886739248,False,亿嘉和,25.71,2026-09-08,2018-06-12,2026-09-08,,True,False,False,ok,5,0,951378.9626479493,0.0,True,0.023683674327740194,1027672.6636360015,1002851.9889723378
603667,1000000.0,741063.9287863732,0.0,741063.9287863732,-258936.07121362677,46658.858213629996,0.0,185,75,19,185,3,0.27080915174691456,False,五洲新春,50.97,2026-09-08,2016-10-25,2026-09-08,,True,False,False,ok,10,0,741063.9287863732,0.0,True,0.024479631375160613,880932.8070040615,845637.3599505424
603668,1000000.0,904682.5554695423,0.0,904682.5554695423,-95317.44453045772,79365.58103046495,1409.0,226,89,43,226,2,0.13491153252496396,False,天马科技,13.06,2026-09-08,2017-01-17,2026-09-08,,True,False,False,ok,8,0,904682.5554695423,0.0,True,0.04050454439121887,928385.5595384436,888458.6879640655
603669,1000000.0,746108.8709820074,0.0,746108.8709820074,-253891.12901799264,65823.73821799895,22000.0,198,98,55,198,3,0.2832650563423722,True,灵康药业,5.35,2026-09-08,2016-05-26,2026-09-08,,False,False,False,ok,8,0,746108.8709820074,0.0,True,0.03762924299997244,904892.518858779,854090.8468798901
603676,1000000.0,962575.9841553629,0.0,962575.9841553629,-37424.01584463706,59471.438844640026,0.0,158,59,26,158,1,0.10116625963760124,False,卫信康,9.24,2026-09-08,2017-07-21,2026-09-08,,True,False,False,ok,11,0,962575.9841553629,0.0,True,0.025879581885740337,1013558.4891370515,1002561.1192989172
603677,1000000.0,1026275.3699131561,0.0,1026275.3699131561,26275.369913156144,75528.75458685002,3710.0,178,55,37,178,2,0.10625798362653004,False,奇精机械,14.06,2026-09-08,2017-02-06,2026-09-08,,True,False,False,ok,12,0,1026275.3699131561,0.0,True,0.031899078076465956,1070997.0124456245,1030414.5139364155
603678,1000000.0,920630.5063364258,0.0,920630.5063364258,-79369.49366357422,71213.02766357995,0.0,211,45,18,211,3,0.11564237782672027,False,火炬电子,45.77,2026-09-08,2016-05-24,2026-09-08,,False,False,False,ok,14,0,920630.5063364258,0.0,True,0.028712189039907507,1029230.2564949328,997402.6597896251
603679,1000000.0,937635.3208421307,0.0,937635.3208421307,-62364.67915786931,69976.84065787494,1673.786,222,78,59,222,0,0.18523181802652403,False,华体科技,26.15,2026-09-08,2017-06-21,2026-09-08,,True,False,False,ok,5,0,937635.3208421307,0.0,True,0.03524762412915158,964460.3427287326,948281.4797739643
603680,1000000.0,887480.2364864829,0.0,887480.2364864829,-112519.7635135171,48293.635013519975,1784.0,129,43,16,129,4,0.1324771989917283,False,今创集团,10.07,2026-09-08,2018-02-27,2026-09-08,,True,False,False,ok,10,0,887480.2364864829,0.0,True,0.02141930166661952,964420.7752417703,962049.0846134971
603681,1000000.0,904767.9339487996,0.0,904767.9339487996,-95232.06605120038,46395.63455120499,1365.0,129,52,28,129,0,0.11940574824570123,False,永冠新材,18.26,2026-09-08,2019-03-26,2026-09-08,,True,False,False,ok,8,0,904767.9339487996,0.0,True,0.024705728398084527,971280.4842443112,917346.2993842928
603682,1000000.0,774071.1133342074,0.0,774071.1133342074,-225928.88666579255,32711.942665794995,11440.000000000002,93,39,30,93,2,0.2309606491383745,False,锦和商管,10.53,2026-09-08,2020-04-21,2026-09-08,,True,False,False,ok,8,0,774071.1133342074,0.0,True,0.01728500656674591,963682.615631011,908656.1116538462
603683,1000000.0,1384249.6484458705,0.0,1384249.6484458705,384249.6484458705,63804.892054134965,4327.68,160,80,36,160,4,0.044359630835399115,False,晶华新材,16.22,2026-09-08,2017-10-20,2026-09-08,,True,False,False,ok,9,0,1384249.6484458705,0.0,True,0.02743389916905736,1215668.4863629418,1277751.765385243
603685,1000000.0,1017429.0794423698,0.0,1017429.0794423698,17429.07944236975,52366.316057634984,5220.0,146,45,35,146,3,0.10960222341175443,False,晨丰科技,28.42,2026-09-08,2017-11-27,2026-09-08,,True,False,False,ok,9,0,1017429.0794423698,0.0,True,0.025529781070059418,993962.6570526919,1028877.3069568833
603686,1000000.0,745642.4215456592,0.0,745642.4215456592,-254357.5784543408,71839.69495434493,1216.6,203,70,42,203,3,0.2619680176498172,False,福龙马,13.76,2026-09-08,2016-05-26,2026-09-08,,False,False,False,ok,14,0,745642.4215456592,0.0,True,0.03610277139193925,881158.408927852,849798.4013195732
603687,1000000.0,967006.8039000235,0.0,967006.8039000235,-32993.19609997654,36870.97309998001,2904.0,107,53,21,107,4,0.12392949598372059,False,大胜达,15.92,2026-09-08,2019-07-26,2026-09-08,,True,False,False,ok,7,0,967006.8039000235,0.0,True,0.019136462457156885,996289.3905683906,945134.1238156225
603688,1000000.0,854196.7252646206,0.0,854196.7252646206,-145803.27473537938,58768.916235384946,1312.5,229,48,26,229,0,0.2383551586243154,False,石英股份,46.86,2026-09-08,2016-05-26,2026-09-08,,False,False,False,ok,13,0,854196.7252646206,0.0,True,0.028503927875212984,869705.5258189534,886788.1946940197
603689,1000000.0,900966.631923865,0.0,900966.631923865,-99033.36807613506,63574.40107613998,0.0,116,22,16,116,0,0.10127185544637385,False,皖天然气,7.89,2026-09-08,2017-01-10,2026-09-08,,True,False,False,ok,11,0,900966.631923865,0.0,True,0.025690649420224008,956327.6833687221,984057.058604638
603690,1000000.0,1155113.404931229,0.0,1155113.404931229,155113.40493122907,66785.08356877505,883.3,218,74,54,218,1,0.12369294888957506,False,至纯科技,23.8,2026-09-08,2017-01-13,2026-09-08,,True,False,False,ok,8,0,1155113.404931229,0.0,True,0.02961979154349674,1057559.5444058524,1127148.4585445635
603693,1000000.0,843430.4145913781,0.0,843430.4145913781,-156569.58540862193,45140.62890862499,3280.0,147,46,24,147,2,0.24615216939421283,False,江苏新能,11.37,2026-09-08,2018-07-03,2026-09-08,,True,False,False,ok,9,0,843430.4145913781,0.0,True,0.023330221167937506,946859.6891735903,849358.0642917164
603696,1000000.0,733896.0421916068,0.0,733896.0421916068,-266103.95780839317,77549.98380840002,5700.0,220,114,58,220,5,0.2967254362704009,False,安记食品,17.7,2026-09-08,2016-04-07,2026-09-08,,False,False,False,ok,12,0,733896.0421916068,0.0,True,0.05158249322259745,870194.4887431148,815427.276271676
603697,1000000.0,864463.1613794034,0.0,864463.1613794034,-135536.83862059657,44010.056620599964,0.0,140,53,25,140,2,0.1823989001415225,False,有友食品,10.19,2026-09-08,2019-05-08,2026-09-08,,True,False,False,ok,11,0,864463.1613794034,0.0,True,0.023058556153404113,944566.7001152714,891459.1615273571
603698,1000000.0,893871.8922346842,0.0,893871.8922346842,-106128.1077653158,63948.93226531994,0.0,170,34,26,170,1,0.1559589950241209,False,航天工程,21.72,2026-09-08,2016-05-26,2026-09-08,,False,False,False,ok,13,0,893871.8922346842,0.0,True,0.024414342240926482,1035838.6551727925,999158.7027239578
603699,1000000.0,1038399.1409316604,0.0,1038399.1409316604,38399.140931660426,99095.10006834498,2736.0,236,72,57,236,4,0.15459230460634638,False,纽威股份,44.02,2026-09-08,2016-05-12,2026-09-08,,False,False,False,ok,14,0,1038399.1409316604,0.0,True,0.04934951338086434,930644.5790092936,908005.4517602543
603700,1000000.0,928271.7488295343,0.0,928271.7488295343,-71728.25117046572,56048.076170470034,4640.0,131,45,21,131,1,0.12228029594503438,False,宁水集团,12.29,2026-09-08,2019-01-22,2026-09-08,,True,False,False,ok,8,0,928271.7488295343,0.0,True,0.02500496337532986,1005052.3629310115,1020924.2560467426
603701,1000000.0,901504.2479930993,0.0,901504.2479930993,-98495.75200690073,52412.02750690497,0.0,174,71,37,174,3,0.15710267959446236,False,德宏股份,19.92,2026-09-08,2016-04-21,2026-09-08,,False,False,False,ok,11,0,901504.2479930993,0.0,True,0.02560907139531781,905054.7162944623,950845.3234079184
603703,1000000.0,1092053.6219021925,0.0,1092053.6219021925,92053.62190219248,80985.472097815,718.6,219,82,55,219,4,0.10231710265973562,False,盛洋科技,10.24,2026-09-08,2016-01-12,2026-09-08,,False,False,False,ok,6,0,1092053.6219021925,0.0,True,0.03678881053333234,1056240.7995988743,1085192.1101435162
603706,1000000.0,875014.485610495,0.0,875014.485610495,-124985.51438950503,52928.051889509974,18675.0,140,39,14,140,1,0.172978732955776,False,东方环宇,17.81,2026-09-08,2018-07-09,2026-09-08,,True,False,False,ok,8,0,875014.485610495,0.0,True,0.024123732220061787,999745.4707832518,923728.7309399736
603707,1000000.0,764440.1386791975,0.0,764440.1386791975,-235559.86132080248,71623.78022080797,1140.0,204,84,41,204,6,0.2552898685285489,False,健友股份,7.84,2026-09-08,2017-07-19,2026-09-08,,True,False,False,ok,9,0,764440.1386791975,0.0,True,0.0412198189241949,941608.8159594848,870139.0603345861
603708,1000000.0,807959.0107546104,0.0,807959.0107546104,-192040.9892453896,74884.48574539505,17081.0,188,72,34,188,0,0.23427889245599026,False,家家悦,9.8,2026-09-08,2016-12-13,2026-09-08,,True,False,False,ok,11,0,807959.0107546104,0.0,True,0.03855382859336176,878509.4489428429,856870.8979758287
603709,1000000.0,703388.5210419797,0.0,703388.5210419797,-296611.47895802034,52956.486458025,0.0,169,70,47,169,5,0.3178525641590947,False,中源家居,12.69,2026-09-08,2018-02-08,2026-09-08,,True,False,False,ok,7,0,703388.5210419797,0.0,True,0.030975131736989025,836274.5187409034,734292.5914940198
603711,1000000.0,972914.0153135713,0.0,972914.0153135713,-27085.98468642868,66173.40218643502,6512.0,193,62,36,193,2,0.0942090221173249,False,香飘飘,12.08,2026-09-08,2017-11-30,2026-09-08,,True,False,False,ok,9,0,972914.0153135713,0.0,True,0.03248542761768086,981799.4242453321,1000336.9446546837
603712,1000000.0,1006789.693290784,0.0,1006789.693290784,6789.693290784024,54627.72020922,365.0,169,58,38,169,0,0.09702656948291274,False,七一二,11.9,2026-09-08,2018-02-26,2026-09-08,,True,False,False,ok,7,0,1006789.693290784,0.0,True,0.026764961246656584,974690.3852136618,1040081.6532685128
603713,1000000.0,849338.7342635805,0.0,849338.7342635805,-150661.26573641947,58316.215236424985,0.0,160,32,13,160,1,0.23192452370171426,False,密尔克卫,66.61,2026-09-08,2018-07-13,2026-09-08,,True,False,False,ok,8,0,849338.7342635805,0.0,True,0.02974195624804529,1096747.0296605213,908700.4092718182
603716,1000000.0,981390.6851975245,0.0,981390.6851975245,-18609.314802475506,62718.097302479946,0.0,194,85,40,194,6,0.13656582875282067,False,塞力医疗,17.65,2026-09-08,2016-10-31,2026-09-08,,True,False,False,ok,4,0,981390.6851975245,0.0,True,0.02872732951455692,1084915.0259364117,1030114.520132193
603717,1000000.0,774916.2975992796,0.0,774916.2975992796,-225083.70240072045,64013.175900725015,0.0,199,85,40,199,4,0.23655502751581572,False,天域生物,6.69,2026-09-08,2017-03-27,2026-09-08,,True,False,False,ok,1,0,774916.2975992796,0.0,True,0.035504902056908434,922394.1669885915,866463.3341574327
603718,1000000.0,705790.2268334711,0.0,705790.2268334711,-294209.7731665289,76052.59166653498,1032.0,224,90,48,224,3,0.3020882593817539,False,*ST海利,3.27,2026-09-08,2016-04-05,2026-09-08,,False,False,False,ok,9,0,705790.2268334711,0.0,True,0.04114753776233657,828763.2529919442,813707.26001114
603719,1000000.0,804638.0203592273,0.0,804638.0203592273,-195361.97964077268,43511.674640774974,6374.400000000001,133,56,18,133,2,0.2164482443392443,False,良品铺子,9.99,2026-09-08,2020-02-24,2026-09-08,,True,False,False,ok,8,0,804638.0203592273,0.0,True,0.025333010450371046,1007730.7392631709,881019.4648229966
603721,1000000.0,1040009.0302955962,0.0,1040009.0302955962,40009.030295596225,60970.176904409076,1014.0,230,125,66,230,8,0.1412066932566367,False,中广天择,20.35,2026-09-08,2017-08-11,2026-09-08,,True,False,False,ok,5,0,1040009.0302955962,0.0,True,0.036164834682901804,935392.9644765476,965997.9129112938
603722,1000000.0,960705.744195882,0.0,960705.744195882,-39294.255804118,66115.99530412498,1890.0,215,77,32,215,2,0.16851284905249655,False,阿科力,29.88,2026-09-08,2017-10-25,2026-09-08,,True,False,False,ok,8,0,960705.744195882,0.0,True,0.03628005428369558,975788.4270579515,923662.8508172792
603725,1000000.0,899881.0663708826,0.0,899881.0663708826,-100118.93362911744,51850.87582912198,4748.0,148,54,34,148,2,0.1598587054247568,True,天安新材,10.73,2026-09-08,2017-09-06,2026-09-08,,True,False,False,ok,7,0,899881.0663708826,0.0,True,0.024042017386447984,995570.0812268617,1002989.033369398
603726,1000000.0,768660.4234877153,0.0,768660.4234877153,-231339.5765122847,58665.166012289985,7610.0,202,80,50,202,8,0.3280205415372151,False,朗迪集团,24.15,2026-09-08,2016-05-18,2026-09-08,,False,False,False,ok,10,0,768660.4234877153,0.0,True,0.03617153718620087,699056.1470219735,738156.8998953344
603727,1000000.0,858468.2910296237,0.0,858468.2910296237,-141531.7089703763,46469.64247038001,3975.0,149,47,29,149,4,0.22652134635698193,False,博迈科,18.27,2026-09-08,2016-11-22,2026-09-08,,True,False,False,ok,10,0,858468.2910296237,0.0,True,0.024795768764179067,911430.2532731816,792408.6356283877
603728,1000000.0,806754.9288684442,0.0,806754.9288684442,-193245.07113155583,62223.51613155997,494.90000000000003,224,69,30,224,0,0.22847815211989503,False,鸣志电器,49.99,2026-09-08,2017-05-09,2026-09-08,,True,False,False,ok,9,0,806754.9288684442,0.0,True,0.03127850724995138,846125.4856481727,897230.5935409827
603729,1000000.0,732964.040327573,0.0,732964.040327573,-267035.95967242704,52633.17867243,0.0,188,57,30,188,6,0.29796020556514924,False,ST龙韵,12.89,2026-09-08,2016-01-13,2026-09-08,,False,False,False,ok,5,0,732964.040327573,0.0,True,0.029611860129971225,776089.208110321,780091.9095371614
603730,1000000.0,1032635.5946283035,0.0,1032635.5946283035,32635.594628303545,68372.53352170151,19925.0,197,66,35,197,1,0.11592930142829656,False,岱美股份,11.35,2026-09-08,2017-07-28,2026-09-08,,True,False,False,ok,9,0,1032635.5946283035,0.0,True,0.0335941502573151,1017254.2034496022,979259.427529239
603733,1000000.0,851330.72226743,0.0,851330.72226743,-148669.27773256996,56459.336732575015,8905.0,156,33,25,156,0,0.15802620628836997,False,仙鹤股份,19.0,2026-09-08,2018-04-20,2026-09-08,,True,False,False,ok,9,0,851330.72226743,0.0,True,0.02620233340530335,972129.2392950712,913141.8245246074
603737,1000000.0,1010273.7771856005,0.0,1010273.7771856005,10273.777185600484,87372.162314405,720.0,231,71,29,231,0,0.12660475571894106,False,三棵树,23.6,2026-09-08,2016-06-03,2026-09-08,,False,False,False,ok,11,0,1010273.7771856005,0.0,True,0.040879719963330646,1115210.5043992815,1114361.2939091083
603738,1000000.0,1095186.6285437336,0.0,1095186.6285437336,95186.62854373362,69367.58045627005,2721.41,208,84,48,208,2,0.13117824584503943,False,泰晶科技,35.46,2026-09-08,2016-09-28,2026-09-08,,True,False,False,ok,11,0,1095186.6285437336,0.0,True,0.03079380062403054,1130531.3783615723,1034292.9052180328
603739,1000000.0,821152.5976395945,0.0,821152.5976395945,-178847.40236040554,49453.70536040998,0.0,124,45,17,124,0,0.19931297132940132,False,蔚蓝生物,13.59,2026-09-08,2019-01-16,2026-09-08,,True,False,False,ok,8,0,821152.5976395945,0.0,True,0.024851041477486593,946601.1537450613,900553.6705415279
603755,1000000.0,944347.7896428427,0.0,944347.7896428427,-55652.21035715728,49244.589857160034,0.0,150,36,20,150,2,0.1137381784895845,False,日辰股份,25.74,2026-09-08,2019-08-28,2026-09-08,,True,False,False,ok,8,0,944347.7896428427,0.0,True,0.021997271748190144,971353.1261558714,1011973.466322292
603757,1000000.0,889654.1699494302,0.0,889654.1699494302,-110345.83005056984,68814.68475057396,21590.0,192,100,56,192,5,0.15459090333072198,False,大元泵业,71.27,2026-09-08,2017-07-11,2026-09-08,,True,False,False,ok,12,0,889654.1699494302,0.0,True,0.04145018229586597,919095.6978652872,952299.6016181884
603758,1000000.0,719146.1030617522,0.0,719146.1030617522,-280853.89693824784,47901.936938249935,0.0,179,80,25,179,7,0.28345314805633787,False,秦安股份,11.3,2026-09-08,2017-05-17,2026-09-08,,True,False,False,ok,6,0,719146.1030617522,0.0,True,0.02873183003937399,765696.1925914509,781855.5042291668
603759,1000000.0,829832.0134128982,0.0,829832.0134128982,-170167.98658710183,34092.93308710499,9504.0,82,35,22,82,1,0.1928922602843367,False,海天股份,7.61,2026-09-08,2021-03-26,2026-09-08,,True,False,False,ok,4,0,829832.0134128982,0.0,True,0.019975981304947828,1000000.0,953268.315547652
603766,1000000.0,812487.1333763998,0.0,812487.1333763998,-187512.86662360025,62050.593623605004,2760.0,171,61,23,171,0,0.22593892082849032,False,隆鑫通用,14.35,2026-09-08,2016-05-23,2026-09-08,,False,False,False,ok,13,0,812487.1333763998,0.0,True,0.030021580121214815,920041.5740664924,857423.0204811629
603767,1000000.0,982925.3312408095,0.0,982925.3312408095,-17074.668759190477,60338.03275919501,6100.0,187,77,49,187,4,0.09429208829614812,False,中马传动,14.16,2026-09-08,2017-06-13,2026-09-08,,True,False,False,ok,8,0,982925.3312408095,0.0,True,0.03021851431185779,924693.7935754526,1000593.8350561438
603768,1000000.0,854045.6918364849,0.0,854045.6918364849,-145954.30816351506,64353.69066352004,0.0,174,84,42,174,4,0.17262002935913856,False,常青股份,11.78,2026-09-08,2017-03-24,2026-09-08,,True,False,False,ok,8,0,854045.6918364849,0.0,True,0.03477453165234284,879017.102341912,969061.1257623539
603773,1000000.0,872053.4349733725,0.0,872053.4349733725,-127946.5650266275,38176.025026630006,0.0,147,38,12,147,5,0.19567166886397278,False,沃格光电,86.7,2026-09-08,2018-04-17,2026-09-08,,True,False,False,ok,6,0,872053.4349733725,0.0,True,0.01796738926428708,883456.4017874707,896250.8506645767
603776,1000000.0,949799.2275204335,0.0,949799.2275204335,-50200.77247956651,50394.78197957003,4053.7599999999998,148,60,32,148,1,0.10877408692853821,False,永安行,19.98,2026-09-08,2017-08-17,2026-09-08,,True,False,False,ok,8,0,949799.2275204335,0.0,True,0.023841200828167278,1004731.0533751118,974970.1763878076
603777,1000000.0,692960.339248394,0.0,692960.339248394,-307039.660751606,59419.196251609974,991.9,225,103,44,225,5,0.307039660751606,False,来伊份,14.38,2026-09-08,2016-10-12,2026-09-08,,True,False,False,ok,6,0,692960.339248394,0.0,True,0.036131063214712725,824814.6286382417,751392.5368807778
603778,1000000.0,761711.3806493153,0.0,761711.3806493153,-238288.6193506847,65256.04185069006,0.0,237,155,87,237,11,0.2626817957092285,False,国晟科技,10.68,2026-09-08,2016-04-01,2026-09-08,,False,False,False,ok,4,0,761711.3806493153,0.0,True,0.039213210328661506,839486.1808464532,869852.5253420243
603779,1000000.0,924272.3853474015,0.0,924272.3853474015,-75727.61465259851,94060.19195260583,1863.0,253,160,98,253,7,0.1390551380180356,False,威龙股份,8.85,2026-09-08,2016-05-16,2026-09-08,,False,False,False,ok,5,0,924272.3853474015,0.0,True,0.05443375541578811,1001235.2073617575,1036253.8804004239
603786,1000000.0,787188.1761786283,0.0,787188.1761786283,-212811.82382137165,35241.667321375025,1740.0,129,38,15,129,1,0.23114157839188426,False,科博达,39.46,2026-09-08,2019-10-15,2026-09-08,,True,False,False,ok,7,0,787188.1761786283,0.0,True,0.02295129987518596,951432.729520881,903301.7680292168
603787,1000000.0,770176.6347572687,0.0,770176.6347572687,-229823.3652427313,57275.78124273503,8400.0,191,96,44,191,4,0.2915429601038067,False,新日股份,10.47,2026-09-08,2017-04-27,2026-09-08,,True,False,False,ok,11,0,770176.6347572687,0.0,True,0.031168652049501273,949583.340116912,872620.6952099884
603788,1000000.0,930995.6756706847,0.0,930995.6756706847,-69004.32432931534,63752.07032931997,14900.0,150,46,17,150,0,0.10744919473500976,False,宁波高发,13.78,2026-09-08,2016-05-12,2026-09-08,,False,False,False,ok,12,0,930995.6756706847,0.0,True,0.026094080583629487,939936.273673503,963190.9659717735
603789,1000000.0,630343.2339926249,0.0,630343.2339926249,-369656.7660073751,123341.95450738506,0.0,246,146,69,246,3,0.38911124301490435,False,ST星农,6.22,2026-09-08,2016-05-16,2026-09-08,,False,False,False,ok,3,0,630343.2339926249,0.0,True,0.125147288131989,878051.4562931577,751518.5823446343
603790,1000000.0,749815.3069935688,0.0,749815.3069935688,-250184.69300643122,41103.687506435024,3500.0,132,58,22,132,1,0.26027530842664137,False,雅运股份,23.18,2026-09-08,2018-09-12,2026-09-08,,True,False,False,ok,8,0,749815.3069935688,0.0,True,0.02539963726529886,843443.1392838818,803698.9041649427
603797,1000000.0,713834.1446602396,0.0,713834.1446602396,-286165.8553397604,57906.06333976496,0.0,128,58,24,128,1,0.3205650601322854,False,联泰环保,4.91,2026-09-08,2017-04-13,2026-09-08,,True,False,False,ok,7,0,713834.1446602396,0.0,True,0.030064907092460905,844918.836698773,730017.1859921344
603798,1000000.0,781195.984168455,0.0,781195.984168455,-218804.015831545,53624.68733154999,5674.0,169,39,25,169,1,0.23661750292739828,False,康普顿,14.58,2026-09-08,2016-05-24,2026-09-08,,False,False,False,ok,11,0,781195.984168455,0.0,True,0.024553950939894348,830634.5729558126,799750.7625960239
603799,1000000.0,836092.04885901,0.0,836092.04885901,-163907.95114099002,50168.76364099501,0.0,193,66,27,193,2,0.18841623339228752,False,华友钴业,37.98,2026-09-08,2016-05-10,2026-09-08,,False,False,False,ok,9,0,836092.04885901,0.0,True,0.028427792679636875,916505.4072920722,828513.0089060438
603800,1000000.0,871816.6620637709,0.0,871816.6620637709,-128183.33793622907,64825.93343623495,750.0,223,81,45,223,2,0.1500988722875077,False,洪田股份,57.4,2026-09-08,2016-05-18,2026-09-08,,False,False,False,ok,7,0,871816.6620637709,0.0,True,0.034369234236287904,892247.0024245335,913342.3068624302
603801,1000000.0,823601.0713118617,0.0,823601.0713118617,-176398.92868813826,64989.212888143986,10390.0,208,55,24,208,4,0.19344681968899913,False,志邦家居,6.44,2026-09-08,2017-06-30,2026-09-08,,True,False,False,ok,9,0,823601.0713118617,0.0,True,0.03090760441811233,1009934.4080352287,911333.4260987851
603803,1000000.0,987324.6199631692,0.0,987324.6199631692,-12675.380036830786,47131.499036834975,0.0,181,59,43,181,7,0.23643213405644337,False,瑞斯康达,11.39,2026-09-08,2017-04-20,2026-09-08,,True,False,False,ok,5,0,987324.6199631692,0.0,True,0.025541203793814027,841957.6816732916,841667.9369130577
603806,1000000.0,781959.7615615113,0.0,781959.7615615113,-218040.23843848868,78321.55063849394,3645.0,238,60,31,238,2,0.2624771423264626,False,福斯特,14.45,2026-09-08,2016-05-26,2026-09-08,,False,False,False,ok,12,0,781959.7615615113,0.0,True,0.03589979296690141,975213.7445468591,910611.0717472197
603808,1000000.0,923897.5954477757,0.0,923897.5954477757,-76102.40455222433,73280.55455222994,5425.955,168,51,32,168,1,0.13041517667347835,False,歌力思,8.92,2026-09-08,2016-02-26,2026-09-08,,False,False,False,ok,12,0,923897.5954477757,0.0,True,0.03299918986013407,897556.669365163,956529.4529191754
603809,1000000.0,867706.7400700182,0.0,867706.7400700182,-132293.25992998178,64527.67867998748,7700.0,187,63,25,187,2,0.1916649225448634,False,豪能股份,8.78,2026-09-08,2017-11-28,2026-09-08,,True,False,False,ok,9,0,867706.7400700182,0.0,True,0.028202688265563176,1059344.4515360815,979282.2455542167
603810,1000000.0,829883.6852228089,0.0,829883.6852228089,-170116.31477719115,45303.14177719503,0.0,138,51,25,138,4,0.1848394190650113,False,丰山集团,12.68,2026-09-08,2018-09-17,2026-09-08,,True,False,False,ok,6,0,829883.6852228089,0.0,True,0.024375806383862064,917782.5432491112,857671.4078731877
603811,1000000.0,826356.2966026285,0.0,826356.2966026285,-173643.70339737146,69926.28579737702,9478.0,208,75,37,208,7,0.21522132385381398,True,诚意药业,7.32,2026-09-08,2017-03-15,2026-09-08,,True,False,False,ok,11,0,826356.2966026285,0.0,True,0.0353922379591205,902244.2284932272,842278.467082937
603813,1000000.0,1059346.1954218997,0.0,1059346.1954218997,59346.19542189967,53105.27757810496,10780.0,131,57,27,131,12,0.13378930979963752,False,原尚股份,27.22,2026-09-08,2017-09-18,2026-09-08,,True,False,False,ok,6,0,1059346.1954218997,0.0,True,0.026360224612692402,869533.1944210026,928617.7394175337
603815,1000000.0,899371.4553525546,0.0,899371.4553525546,-100628.54464744544,51591.34064745,5012.5,148,64,33,148,2,0.12738894343569226,False,交建股份,5.53,2026-09-08,2019-10-21,2026-09-08,,True,False,False,ok,6,0,899371.4553525546,0.0,True,0.029522572757209188,967974.1004076205,954272.2734172123
603816,1000000.0,894182.8600021908,0.0,894182.8600021908,-105817.1399978092,84368.85099781501,0.0,218,50,23,218,1,0.17189954079125389,False,顾家家居,23.05,2026-09-08,2016-10-14,2026-09-08,,True,False,False,ok,10,0,894182.8600021908,0.0,True,0.03910877917860377,1013862.4184401635,937736.2682010593
603817,1000000.0,815309.3588916187,0.0,815309.3588916187,-184690.64110838133,47857.334608385034,2154.1000000000004,103,34,15,103,1,0.1867529825225601,False,海峡环保,5.98,2026-09-08,2017-02-20,2026-09-08,,True,False,False,ok,12,0,815309.3588916187,0.0,True,0.021064328226097013,914607.9160725322,877553.1428054285
603818,1000000.0,674817.5358140311,0.0,674817.5358140311,-325182.46418596886,62893.282685975006,0.0,181,80,26,181,1,0.3461823668818414,False,曲美家居,3.67,2026-09-08,2016-04-07,2026-09-08,,False,False,False,ok,5,0,674817.5358140311,0.0,True,0.0346060426794354,744778.6678583538,728967.6904960051
603819,1000000.0,811340.2998131402,0.0,811340.2998131402,-188659.70018685982,95510.54798686595,14546.7,231,93,54,231,3,0.23872073434846056,False,神力股份,16.63,2026-09-08,2016-11-25,2026-09-08,,True,False,False,ok,10,0,811340.2998131402,0.0,True,0.04783287475441511,1010415.3570092076,884949.5187354741
603822,1000000.0,968813.6036820108,0.0,968813.6036820108,-31186.396317989216,61225.89081799498,2211.6,208,53,38,208,6,0.1424401763987159,False,ST嘉澳,65.54,2026-09-08,2016-04-28,2026-09-08,,False,False,False,ok,7,0,968813.6036820108,0.0,True,0.02964358927147149,912421.1719398823,897593.4271835687
603823,1000000.0,840739.5451064814,0.0,840739.5451064814,-159260.4548935186,67390.26809352402,3816.0,199,66,48,199,5,0.26845182307486076,True,百合花,63.84,2026-09-08,2016-12-20,2026-09-08,,True,False,False,ok,10,0,840739.5451064814,0.0,True,0.03427105198735648,905314.1334796902,792499.9260370759
603825,1000000.0,812063.327239134,0.0,812063.327239134,-187936.672760866,55700.754260869944,0.0,201,100,46,201,5,0.2618562792429516,False,ST华扬,8.43,2026-09-08,2017-08-02,2026-09-08,,True,False,False,ok,5,0,812063.327239134,0.0,True,0.030785166949403624,1001061.1205016621,940667.3706173023
603826,1000000.0,881928.1084012226,0.0,881928.1084012226,-118071.89159877738,105578.15919878693,792.0,249,84,50,249,2,0.24382186740277623,False,坤彩科技,17.03,2026-09-08,2017-04-14,2026-09-08,,True,False,False,ok,5,0,881928.1084012226,0.0,True,0.04810505947851462,1082363.7136104517,1035822.7508201652
603828,1000000.0,816016.331094851,0.0,816016.331094851,-183983.66890514898,91334.81840515502,0.0,233,130,45,233,8,0.24272166376529924,False,*ST利达,5.69,2026-09-08,2016-04-26,2026-09-08,,False,False,False,ok,6,0,816016.331094851,0.0,True,0.04762721444435454,987203.7009686832,913666.3410609546
603829,1000000.0,797330.6610014184,0.0,797330.6610014184,-202669.33899858163,47045.84099858499,1455.0,156,55,31,156,3,0.20492466456121522,False,洛凯股份,15.88,2026-09-08,2017-10-17,2026-09-08,,True,False,False,ok,9,0,797330.6610014184,0.0,True,0.0233261266807276,934569.4564952918,937201.7031510826
603833,1000000.0,736613.6878430513,0.0,736613.6878430513,-263386.3121569487,68579.996656955,20034.3,209,23,18,209,1,0.2762395222985241,False,欧派家居,31.41,2026-09-08,2017-03-28,2026-09-08,,True,False,False,ok,10,0,736613.6878430513,0.0,True,0.036731986333903004,923588.0191658122,847540.2822494537
603836,1000000.0,904416.6660953719,0.0,904416.6660953719,-95583.33390462806,34546.81590462999,2100.0,93,34,12,93,0,0.13642018278675003,False,海程邦达,9.54,2026-09-08,2021-05-26,2026-09-08,,True,False,False,ok,5,0,904416.6660953719,0.0,True,0.019724749274386777,1000000.0,918482.7136676814
603838,1000000.0,724166.0031561261,0.0,724166.0031561261,-275833.9968438739,73758.1318438799,0.0,222,86,49,222,4,0.32132776095276805,False,*ST四通,11.93,2026-09-08,2015-07-01,2026-09-08,,False,False,False,ok,8,0,724166.0031561261,0.0,True,0.042878320641179635,761288.8596165439,707437.5517972854
603839,1000000.0,952186.8522865076,0.0,952186.8522865076,-47813.14771349239,58525.91421349502,3541.9999999999995,164,79,65,164,3,0.15617135778097846,False,安正时尚,7.14,2026-09-08,2017-02-14,2026-09-08,,True,False,False,ok,10,0,952186.8522865076,0.0,True,0.03365146967110016,965884.9274504815,919727.7581031728
603843,1000000.0,737409.6557273364,0.0,737409.6557273364,-262590.3442726636,48596.00667266799,723.0,188,114,65,188,29,0.3360417590451957,False,*ST正平,7.01,2026-09-08,2016-09-05,2026-09-08,,False,False,False,ok,7,0,737409.6557273364,0.0,True,0.034705692532624,819175.6103672447,709168.5725007057
603848,1000000.0,1081661.717122532,0.0,1081661.717122532,81661.71712253196,76083.864377475,3025.0,190,85,52,190,2,0.09711637759549992,False,好太太,13.98,2026-09-08,2017-12-01,2026-09-08,,True,False,False,ok,9,0,1081661.717122532,0.0,True,0.03760924462828099,971428.1811120027,1100281.1187306347
603855,1000000.0,1023622.718002,0.0,1023622.718002,23622.71800200001,67248.70449800495,0.0,153,55,23,153,3,0.08094564211998577,False,华荣股份,17.03,2026-09-08,2017-05-24,2026-09-08,,True,False,False,ok,12,0,1023622.718002,0.0,True,0.030394598366938922,1044468.0095625329,1078241.4607160739
603856,1000000.0,879602.1804271635,0.0,879602.1804271635,-120397.81957283651,62581.68607284001,7982.868,173,75,46,173,1,0.14732553024849215,False,东宏股份,11.91,2026-09-08,2017-11-06,2026-09-08,,True,False,False,ok,10,0,879602.1804271635,0.0,True,0.03577596980907124,898998.0218510907,879797.3665692464
603858,1000000.0,906811.454637746,0.0,906811.454637746,-93188.54536225402,74789.65186225994,0.0,157,19,20,157,1,0.12099819488564616,False,步长制药,14.84,2026-09-08,2016-11-18,2026-09-08,,True,False,False,ok,10,0,906811.454637746,0.0,True,0.030208711307973445,949448.9785554332,907804.80938415
603859,1000000.0,1056101.585298004,0.0,1056101.585298004,56101.585298004095,62670.02570199999,0.0,199,51,36,199,2,0.06219764012285118,False,能科科技,39.43,2026-09-08,2016-10-21,2026-09-08,,True,False,False,ok,8,0,1056101.585298004,0.0,True,0.026737803263761496,1070474.870643893,1065081.128549404
603860,1000000.0,833541.2557017691,0.0,833541.2557017691,-166458.74429823086,51653.668298234996,850.85,143,46,25,143,2,0.1810162362037927,False,中公高科,26.97,2026-09-08,2017-08-02,2026-09-08,,True,False,False,ok,9,0,833541.2557017691,0.0,True,0.02558370448877117,979621.024797302,945116.0289197984
603861,1000000.0,940565.9126389397,0.0,940565.9126389397,-59434.087361060316,58100.79386106497,4877.2,157,42,25,157,1,0.12559696719459723,False,白云电器,11.74,2026-09-08,2016-03-22,2026-09-08,,False,False,False,ok,11,0,940565.9126389397,0.0,True,0.02318614641788257,1038112.3927522124,1038941.5007284987
603863,1000000.0,980443.119770764,0.0,980443.119770764,-19556.880229235976,50149.636229239986,0.0,169,94,48,169,3,0.14336893985074212,False,松炀资源,12.79,2026-09-08,2019-06-21,2026-09-08,,True,False,False,ok,1,0,980443.119770764,0.0,True,0.0276131958116541,957034.8627951611,939879.2782205226
603866,1000000.0,949130.0489007209,0.0,949130.0489007209,-50869.951099279104,98759.09959928498,4300.0,218,63,38,218,0,0.134491935812797,False,桃李面包,4.56,2026-09-08,2016-05-26,2026-09-08,,False,False,False,ok,12,0,949130.0489007209,0.0,True,0.04446339058558881,1030701.9770930036,928855.7392550092
603867,1000000.0,912826.4199709895,0.0,912826.4199709895,-87173.58002901054,42744.12102901503,0.0,133,23,15,133,1,0.11364545616642209,False,新化股份,30.56,2026-09-08,2019-06-27,2026-09-08,,True,False,False,ok,8,0,912826.4199709895,0.0,True,0.0181194394061212,991380.8118342217,953579.1205642736
603868,1000000.0,860383.8161760317,0.0,860383.8161760317,-139616.18382396828,100497.484323975,9150.0,247,74,35,247,0,0.2240792494357117,False,飞科电器,31.58,2026-09-08,2016-05-26,2026-09-08,,False,False,False,ok,11,0,860383.8161760317,0.0,True,0.054748416999331015,871524.8607588331,912337.8292728347
603869,1000000.0,767117.0245289103,0.0,767117.0245289103,-232882.9754710897,72813.43884609498,4106.5,193,52,28,193,3,0.2527475184034617,False,ST智知,8.94,2026-09-08,2016-05-25,2026-09-08,,False,False,False,ok,9,0,767117.0245289103,0.0,True,0.0332134692016115,865585.4434404873,885441.1673734387
603871,1000000.0,1012050.80821714,0.0,1012050.80821714,12050.808217140031,67151.82188286596,8650.0,180,74,42,180,2,0.10238584789196062,True,嘉友国际,14.15,2026-09-08,2018-02-06,2026-09-08,,True,False,False,ok,11,0,1012050.80821714,0.0,True,0.034504343485993516,1055999.9592451928,1013163.1689523878
603876,1000000.0,958733.244689798,0.0,958733.244689798,-41266.75531020202,46094.124810204965,0.0,149,27,15,149,3,0.1401415036694309,False,鼎胜新材,19.8,2026-09-08,2018-04-18,2026-09-08,,True,False,False,ok,10,0,958733.244689798,0.0,True,0.01878457936874873,1028412.9425646615,1020227.0293536076
603877,1000000.0,984437.5182445996,0.0,984437.5182445996,-15562.481755400426,75213.26975540507,6990.0,200,86,42,200,1,0.11293443137798191,False,太平鸟,12.8,2026-09-08,2017-01-09,2026-09-08,,True,False,False,ok,10,0,984437.5182445996,0.0,True,0.03786613373806441,968863.1213113219,935627.9628246983
603878,1000000.0,887434.0962591605,0.0,887434.0962591605,-112565.90374083945,66377.73404084599,8940.0,168,58,23,168,2,0.1420717760786167,False,武进不锈,5.2,2026-09-08,2016-12-19,2026-09-08,,True,False,False,ok,10,0,887434.0962591605,0.0,True,0.03106618180224863,957919.2297456963,905510.4910821833
603879,1000000.0,756171.8098123375,0.0,756171.8098123375,-243828.1901876625,51045.75898766601,420.0,191,90,52,191,23,0.3091566416331277,False,永悦科技,5.47,2026-09-08,2017-06-14,2026-09-08,,True,False,False,ok,5,0,756171.8098123375,0.0,True,0.02903696996395051,856275.2731375552,805936.8536801165
603880,1000000.0,865193.8183343193,0.0,865193.8183343193,-134806.18166568072,53052.07746568602,5640.0,147,59,45,147,7,0.15248484364937262,False,南卫股份,10.02,2026-09-08,2017-08-07,2026-09-08,,True,False,False,ok,4,0,865193.8183343193,0.0,True,0.03006880834291234,990518.515525646,871022.8392812381
603881,1000000.0,1020572.7602251144,0.0,1020572.7602251144,20572.760225114413,53807.25127488999,611.1999999999999,169,32,20,169,1,0.08323220929780967,True,数据港,24.75,2026-09-08,2017-02-08,2026-09-08,,True,False,False,ok,12,0,1020572.7602251144,0.0,True,0.020540807716590108,1103299.5142975233,1041228.792672389
603882,1000000.0,871378.9037195839,0.0,871378.9037195839,-128621.09628041612,64476.861280419966,16972.4,213,67,31,213,1,0.16535667852644265,False,金域医学,26.51,2026-09-08,2017-09-08,2026-09-08,,True,False,False,ok,9,0,871378.9037195839,0.0,True,0.03555534978635034,959201.970959603,893048.0507099486
603883,1000000.0,829214.489053899,0.0,829214.489053899,-170785.51094610104,104885.48794610999,5800.0,260,83,47,260,3,0.2639913515436576,False,老百姓,13.58,2026-09-08,2016-04-05,2026-09-08,,False,False,False,ok,14,0,829214.489053899,0.0,True,0.05292062498617869,1043291.4626171258,935674.3862537019
603885,1000000.0,882179.9516824821,0.0,882179.9516824821,-117820.04831751785,79578.28151752398,5075.0,212,72,48,212,2,0.18309816464231266,False,吉祥航空,10.18,2026-09-08,2016-05-26,2026-09-08,,False,False,False,ok,10,0,882179.9516824821,0.0,True,0.041813381284090005,881087.3069065093,832216.8263053203
603886,1000000.0,1231405.1047490698,0.0,1231405.1047490698,231405.10474906978,84349.90025093501,0.0,181,56,36,181,1,0.07535526551352399,False,元祖股份,13.05,2026-09-08,2016-12-28,2026-09-08,,True,False,False,ok,10,0,1231405.1047490698,0.0,True,0.03731433309195685,1099807.6547781923,1072432.4582053036
603887,1000000.0,752559.0046595583,0.0,752559.0046595583,-247440.9953404417,53797.456340444995,0.0,192,79,45,192,4,0.2539575280685767,False,城地香江,9.6,2026-09-08,2016-10-10,2026-09-08,,True,False,False,ok,5,0,752559.0046595583,0.0,True,0.02949047999518923,830448.3800459818,834857.560393518
603888,1000000.0,984499.2170818557,0.0,984499.2170818557,-15500.78291814425,63620.73431814897,5049.0,189,72,37,189,2,0.11598883026113804,False,新华网,17.72,2026-09-08,2016-10-28,2026-09-08,,True,False,False,ok,11,0,984499.2170818557,0.0,True,0.02943703104462418,1011626.2733846627,1038761.1272343593
603889,1000000.0,884983.8843123467,0.0,884983.8843123467,-115016.1156876533,102438.9508876589,46890.0,216,111,56,216,1,0.17495827148718573,False,新澳股份,6.25,2026-09-08,2016-05-18,2026-09-08,,False,False,False,ok,12,0,884983.8843123467,0.0,True,0.06001595703267914,904308.4730340191,936858.75190198
603890,1000000.0,1242508.9207573768,0.0,1242508.9207573768,242508.92075737682,56678.69414262803,6125.0,158,51,33,158,1,0.04603583569796516,False,春秋电子,18.26,2026-09-08,2017-12-12,2026-09-08,,True,False,False,ok,8,0,1242508.9207573768,0.0,True,0.023652331366142528,1070376.741679485,1153575.319606491
603893,1000000.0,1092118.8421732022,0.0,1092118.8421732022,92118.8421732022,40612.24932679997,2975.0,155,22,14,155,0,0.05888919357382031,False,瑞芯微,188.59,2026-09-08,2020-02-07,2026-09-08,,True,False,False,ok,9,0,1092118.8421732022,0.0,True,0.020346733383828062,977013.3143913304,988317.6130643265
603895,1000000.0,930029.9320268126,0.0,930029.9320268126,-69970.06797318743,56270.18247318997,582.0,181,71,24,181,2,0.15169132332944002,False,天永智能,27.55,2026-09-08,2018-01-22,2026-09-08,,True,False,False,ok,4,0,930029.9320268126,0.0,True,0.028710619328918788,925988.2997987123,933454.8672312468
603896,1000000.0,848406.339348606,0.0,848406.339348606,-151593.66065139405,74496.38615139994,7499.4,194,54,27,194,1,0.16071053313273664,False,寿仙谷,15.15,2026-09-08,2017-05-10,2026-09-08,,True,False,False,ok,8,0,848406.339348606,0.0,True,0.03836768166753081,947474.3823290122,894734.6618769234
603897,1000000.0,859574.7446181373,0.0,859574.7446181373,-140425.25538186275,34758.32788186499,12560.0,111,36,16,111,0,0.19582887024384493,False,长城科技,30.75,2026-09-08,2018-04-10,2026-09-08,,True,False,False,ok,14,0,859574.7446181373,0.0,True,0.01496208541003089,1015568.4470751705,987378.3047663614
603898,1000000.0,976671.471486849,0.0,976671.471486849,-23328.528513150988,75385.21201315515,4009.7999999999993,171,60,30,171,1,0.09344664101374417,False,好莱客,11.79,2026-09-08,2016-05-26,2026-09-08,,False,False,False,ok,13,0,976671.471486849,0.0,True,0.03411851921603939,1008858.4304949124,1027735.7069390425
603899,1000000.0,948657.6608504665,0.0,948657.6608504665,-51342.33914953354,109378.44014954005,2430.0,228,53,37,228,0,0.21270767158213608,False,晨光股份,23.57,2026-09-08,2016-05-26,2026-09-08,,False,False,False,ok,12,0,948657.6608504665,0.0,True,0.05019362780231351,1117943.9105587224,943124.0008696592
603900,1000000.0,788716.4893717353,0.0,788716.4893717353,-211283.51062826475,55949.53012827,17190.0,183,88,59,183,4,0.24601832708055535,False,莱绅通灵,6.77,2026-09-08,2016-11-23,2026-09-08,,True,False,False,ok,9,0,788716.4893717353,0.0,True,0.030336605187296074,904437.6601346023,833116.5782694238
603901,1000000.0,899511.5263046287,0.0,899511.5263046287,-100488.4736953713,55291.43719537501,0.0,159,55,40,159,7,0.1677560985884467,False,永创智能,9.84,2026-09-08,2016-05-26,2026-09-08,,False,False,False,ok,12,0,899511.5263046287,0.0,True,0.02464907095017684,1042931.6952746323,981299.573121523
603903,1000000.0,915588.1149731807,0.0,915588.1149731807,-84411.8850268193,55976.400526825026,7668.199999999999,143,41,23,143,2,0.17415436077694305,False,中持股份,14.45,2026-09-08,2017-03-14,2026-09-08,,True,False,False,ok,8,0,915588.1149731807,0.0,True,0.02410733276446119,1001014.0152073634,913794.3540970348
603906,1000000.0,892342.1015738752,0.0,892342.1015738752,-107657.89842612483,51681.545426129975,1049.6,176,78,42,176,6,0.19164464769165776,False,龙蟠科技,18.41,2026-09-08,2017-04-10,2026-09-08,,True,False,False,ok,5,0,892342.1015738752,0.0,True,0.02653053696821942,1018245.3133702226,898159.0122025044
603908,1000000.0,880721.4728718086,0.0,880721.4728718086,-119278.52712819143,52477.818128194966,14100.0,155,42,18,155,1,0.14123921533527753,False,牧高笛,19.75,2026-09-08,2017-03-07,2026-09-08,,True,False,False,ok,9,0,880721.4728718086,0.0,True,0.02493570831497877,961529.7760538522,954842.0459916574
603909,1000000.0,910888.5760339566,0.0,910888.5760339566,-89111.4239660434,93020.97146605,2744.0,195,101,70,195,1,0.20156865411059013,False,建发合诚,10.02,2026-09-08,2016-06-28,2026-09-08,,False,False,False,ok,11,0,910888.5760339566,0.0,True,0.054077636806946064,987264.3689986644,952068.5819744908
603912,1000000.0,980559.8912593289,0.0,980559.8912593289,-19440.108740671072,48624.025740675024,2525.0,164,80,49,164,3,0.11831095580712346,False,佳力图,9.02,2026-09-08,2017-11-01,2026-09-08,,True,False,False,ok,8,0,980559.8912593289,0.0,True,0.026430068206409113,960803.6966348113,1051095.1519729572
603915,1000000.0,974118.2185242589,0.0,974118.2185242589,-25881.781475741067,42038.01597574499,3560.0,128,39,14,128,1,0.15544372508077073,False,国茂股份,13.42,2026-09-08,2019-06-14,2026-09-08,,True,False,False,ok,9,0,974118.2185242589,0.0,True,0.017506966035182106,1069217.2312817608,1062612.5969500674
603916,1000000.0,884976.3465015228,0.0,884976.3465015228,-115023.65349847719,45924.168498479994,0.0,141,53,24,141,0,0.17968806299601808,False,苏博特,11.15,2026-09-08,2017-11-10,2026-09-08,,True,False,False,ok,9,0,884976.3465015228,0.0,True,0.022154893520253616,962684.5453453911,900890.0018141267
603917,1000000.0,955136.9300193429,0.0,955136.9300193429,-44863.06998065708,45284.97398066005,2325.0,138,58,24,138,1,0.11843111925506464,False,合力科技,13.74,2026-09-08,2017-12-04,2026-09-08,,True,False,False,ok,9,0,955136.9300193429,0.0,True,0.020995524022929035,1055250.7684192008,961499.4561338823
603918,1000000.0,871891.0930914397,0.0,871891.0930914397,-128108.90690856031,52862.646908565046,0.0,204,86,36,204,0,0.1874960935321003,False,金桥信息,11.3,2026-09-08,2016-01-04,2026-09-08,,False,False,False,ok,9,0,871891.0930914397,0.0,True,0.02734762818901529,887674.2932314125,863179.2678742189
603919,1000000.0,787586.3664499254,0.0,787586.3664499254,-212413.63355007465,73530.99080008008,5574.2,210,72,33,210,1,0.23301782923134182,False,金徽酒,17.94,2026-09-08,2016-04-20,2026-09-08,,False,False,False,ok,11,0,787586.3664499254,0.0,True,0.036826542387616366,957702.2345791328,886182.9273922693
603920,1000000.0,1068826.5235991236,0.0,1068826.5235991236,68826.52359912358,61628.838400880035,1410.0,195,61,39,195,1,0.12986316838926348,False,世运电路,39.43,2026-09-08,2017-04-26,2026-09-08,,True,False,False,ok,10,0,1068826.5235991236,0.0,True,0.02470497299858843,1167741.5991101111,1122276.369690237
603922,1000000.0,1008301.8197023121,0.0,1008301.8197023121,8301.819702312117,90962.99129769497,405.0,218,105,67,218,15,0.20284911750996049,False,ST金鸿顺,14.4,2026-09-08,2017-10-23,2026-09-08,,True,False,False,ok,5,0,1008301.8197023121,0.0,True,0.047308046980782226,1086026.9271672822,1196628.7157493448
603926,1000000.0,891467.8243515637,0.0,891467.8243515637,-108532.1756484363,52388.36714844001,0.0,135,57,38,135,1,0.1621503021904933,False,铁流股份,18.18,2026-09-08,2017-05-10,2026-09-08,,True,False,False,ok,9,0,891467.8243515637,0.0,True,0.02725364983483921,1000328.5316931622,962606.1822399729
603927,1000000.0,941928.2048715099,0.0,941928.2048715099,-58071.79512849008,41755.85412849497,2695.0,109,20,9,109,0,0.06745444567330576,False,中科软,14.0,2026-09-08,2019-09-09,2026-09-08,,True,False,False,ok,8,0,941928.2048715099,0.0,True,0.0170842970435911,989537.3150106412,992559.8286820534
603928,1000000.0,861227.9951133983,0.0,861227.9951133983,-138772.0048866017,58953.37088660495,2100.0,168,57,31,168,3,0.21434385689604282,False,兴业股份,11.49,2026-09-08,2016-12-12,2026-09-08,,True,False,False,ok,11,0,861227.9951133983,0.0,True,0.02790583932424556,936404.4103120524,869976.4090960079
603929,1000000.0,984726.3376397988,0.0,984726.3376397988,-15273.66236020124,56575.92786020501,6550.0,213,88,46,213,3,0.13314472238334477,False,亚翔集成,158.39,2026-09-08,2016-12-30,2026-09-08,,True,False,False,ok,11,0,984726.3376397988,0.0,True,0.0294946334521832,947853.9252774711,959729.1138757427
603931,1000000.0,823079.8533498811,0.0,823079.8533498811,-176920.14665011887,26145.081650119995,2638.0,103,30,9,103,3,0.18950541136931418,False,格林达,33.79,2026-09-08,2020-08-19,2026-09-08,,True,False,False,ok,6,0,823079.8533498811,0.0,True,0.013466703409295613,981125.9246414604,881073.6058401004
603933,1000000.0,1052263.6207606974,0.0,1052263.6207606974,52263.620760697406,47001.419739305005,0.0,162,57,36,162,3,0.10032393066803594,False,睿能科技,19.14,2026-09-08,2017-07-06,2026-09-08,,True,False,False,ok,10,0,1052263.6207606974,0.0,True,0.02129559585287578,992610.8657506411,985050.2012681221
603936,1000000.0,1004204.6354277439,0.0,1004204.6354277439,4204.635427743895,51384.733072260045,940.0,155,42,30,155,3,0.12312722082251806,False,博敏电子,17.55,2026-09-08,2015-12-30,2026-09-08,,False,False,False,ok,9,0,1004204.6354277439,0.0,True,0.021862506415400707,1015085.4863039822,1034821.8433595636
603937,1000000.0,926193.1236258531,0.0,926193.1236258531,-73806.8763741469,51647.33737414997,2340.0,141,51,38,141,2,0.1351373719132022,False,丽岛新材,11.86,2026-09-08,2017-11-02,2026-09-08,,True,False,False,ok,7,0,926193.1236258531,0.0,True,0.025705768202409125,911390.3724038212,917013.5739146476
603938,1000000.0,873782.1349220293,0.0,873782.1349220293,-126217.86507797067,57622.113577975004,870.0,195,52,31,195,2,0.1776864466562495,False,三孚股份,44.43,2026-09-08,2017-06-28,2026-09-08,,True,False,False,ok,9,0,873782.1349220293,0.0,True,0.025509798300843933,978534.1016972216,897028.7130724479
603939,1000000.0,837879.0292723076,0.0,837879.0292723076,-162120.97072769236,108167.17522769986,7690.0,275,79,52,275,3,0.2352842322835934,False,益丰药房,22.64,2026-09-08,2016-02-19,2026-09-08,,False,False,False,ok,13,0,837879.0292723076,0.0,True,0.05736882541023502,955911.8811793451,924815.0467416614
603948,1000000.0,986019.5983293274,0.0,986019.5983293274,-13980.401670672582,37082.80567067498,0.0,104,44,19,104,0,0.042876037384223874,False,建业股份,20.09,2026-09-08,2020-03-02,2026-09-08,,True,False,False,ok,7,0,986019.5983293274,0.0,True,0.019159897274437298,985480.1279899705,980484.5042697419
603949,1000000.0,975634.1467597532,0.0,975634.1467597532,-24365.853240246768,41173.180240249996,5730.0,129,48,46,129,2,0.1237554681859982,False,雪龙集团,14.6,2026-09-08,2020-03-10,2026-09-08,,True,False,False,ok,8,0,975634.1467597532,0.0,True,0.022631509760229603,999777.42184025,1065902.7902770163
603950,1000000.0,859947.4590975086,0.0,859947.4590975086,-140052.54090249143,36528.792902495,9806.400000000001,116,36,13,116,4,0.19356853357244178,False,长源东谷,61.95,2026-09-08,2020-05-26,2026-09-08,,True,False,False,ok,6,0,859947.4590975086,0.0,True,0.018785201266647223,981344.2157202705,884547.6925451572
603955,1000000.0,992827.343834158,0.0,992827.343834158,-7172.656165841967,52968.99916584499,0.0,152,39,29,152,0,0.14293182266915375,False,大千生态,22.2,2026-09-08,2017-03-10,2026-09-08,,True,False,False,ok,4,0,992827.343834158,0.0,True,0.024644497396378005,934079.5472275319,940410.8221414121
603956,1000000.0,911503.3195419342,0.0,911503.3195419342,-88496.68045806582,50716.98195806998,3037.38,145,56,32,145,1,0.16466192501621268,False,威派格,6.43,2026-09-08,2019-02-22,2026-09-08,,True,False,False,ok,6,0,911503.3195419342,0.0,True,0.024809403068859967,1041270.8913812711,1048519.6950412127
603958,1000000.0,815585.9612326534,0.0,815585.9612326534,-184414.03876734665,60802.45826734997,3952.0,202,99,68,202,8,0.242788149616483,False,哈森股份,18.96,2026-09-08,2016-06-29,2026-09-08,,False,False,False,ok,3,0,815585.9612326534,0.0,True,0.035222346653764204,881176.9839003219,837540.842286837
603959,1000000.0,1028722.1540710863,0.0,1028722.1540710863,28722.15407108632,77906.11792892002,0.0,241,139,71,241,24,0.13787195957113826,False,ST百利,4.35,2026-09-08,2016-05-17,2026-09-08,,False,False,False,ok,3,0,1028722.1540710863,0.0,True,0.04303968904113512,1107083.586956843,1053073.0385205746
603960,1000000.0,771561.0730918696,0.0,771561.0730918696,-228438.9269081304,64747.09740813493,835.5999999999999,229,105,45,229,3,0.25710615001409,False,克来机电,16.05,2026-09-08,2017-03-14,2026-09-08,,True,False,False,ok,12,0,771561.0730918696,0.0,True,0.035549753790851284,916985.051191262,854495.3965310475
603966,1000000.0,852018.2122055099,0.0,852018.2122055099,-147981.7877944901,61870.17629449497,5589.0,179,68,17,179,1,0.19990528376640224,False,法兰泰克,7.46,2026-09-08,2017-01-25,2026-09-08,,True,False,False,ok,10,0,852018.2122055099,0.0,True,0.026675586436949766,1018806.6024098323,966750.1016560732
603967,1000000.0,950405.7936418948,0.0,950405.7936418948,-49594.20635810518,47220.88485810996,0.0,115,22,16,115,0,0.07866853848808805,False,中创物流,11.78,2026-09-08,2019-04-29,2026-09-08,,True,False,False,ok,8,0,950405.7936418948,0.0,True,0.019905095866204744,955459.2251653015,973606.3994987386
603968,1000000.0,752938.35689301,0.0,752938.35689301,-247061.64310699003,72525.69060699506,0.0,173,40,26,173,0,0.27437277238072266,False,醋化股份,11.12,2026-09-08,2016-05-26,2026-09-08,,False,False,False,ok,10,0,752938.35689301,0.0,True,0.0321122544231705,868303.4208140228,822725.383023579
603969,1000000.0,950671.0658095157,0.0,950671.0658095157,-49328.934190484346,69047.84169049005,2124.0,194,67,41,194,1,0.10109595244170239,False,银龙股份,8.14,2026-09-08,2016-05-26,2026-09-08,,False,False,False,ok,12,0,950671.0658095157,0.0,True,0.03110017660105051,969328.8518137932,1042907.8378277647
603970,1000000.0,859358.7512968015,0.0,859358.7512968015,-140641.2487031985,84691.57070320513,11240.0,200,67,41,200,0,0.2384184625465469,False,中农立华,11.9,2026-09-08,2017-11-16,2026-09-08,,True,False,False,ok,9,0,859358.7512968015,0.0,True,0.04007856467474725,1093162.8987494626,1006933.0461669995
603976,1000000.0,903704.433017493,0.0,903704.433017493,-96295.566982507,46640.94748251001,0.0,161,85,40,161,5,0.21000504112476567,False,正川股份,35.7,2026-09-08,2017-08-22,2026-09-08,,True,False,False,ok,10,0,903704.433017493,0.0,True,0.02679494724410334,893854.3170267311,840885.1781831268
603977,1000000.0,850532.9318610074,0.0,850532.9318610074,-149467.06813899265,64869.27223899703,1530.0,194,73,30,194,1,0.18950351454643397,False,国泰集团,11.99,2026-09-08,2016-11-11,2026-09-08,,True,False,False,ok,10,0,850532.9318610074,0.0,True,0.02894946226482797,995962.4746845206,965443.6192632364
603978,1000000.0,877196.8001892744,0.0,877196.8001892744,-122803.19981072564,56764.35981073003,0.0,188,58,26,188,3,0.16548746656730576,False,深圳新星,21.6,2026-09-08,2017-08-07,2026-09-08,,True,False,False,ok,2,0,877196.8001892744,0.0,True,0.02521832902184799,996026.9551251122,934396.8799784032
603979,1000000.0,1004875.8319186515,0.0,1004875.8319186515,4875.831918651471,92396.55908135501,4214.5,232,79,50,232,1,0.11187882166547997,False,金诚信,80.4,2026-09-08,2016-05-26,2026-09-08,,False,False,False,ok,11,0,1004875.8319186515,0.0,True,0.04644989122270751,998550.8674132623,1019845.5131819692
603980,1000000.0,871520.437117014,0.0,871520.437117014,-128479.56288298604,48720.13888299,0.0,109,26,12,109,0,0.1691525296486261,False,吉华集团,7.71,2026-09-08,2017-06-15,2026-09-08,,True,False,False,ok,9,0,871520.437117014,0.0,True,0.019381063118764013,944234.7641193026,925589.1318412884
603982,1000000.0,1033091.8750929201,0.0,1033091.8750929201,33091.87509292015,40546.595407084984,1727.4,126,45,16,126,0,0.10495667623273293,False,泉峰汽车,6.39,2026-09-08,2019-05-22,2026-09-08,,True,False,False,ok,3,0,1033091.8750929201,0.0,True,0.01625449429444377,1076532.9819081617,1133254.0996618783
603983,1000000.0,731556.3451818131,0.0,731556.3451818131,-268443.6548181869,45514.399318190066,4415.0,153,54,27,153,1,0.28041373902922206,False,丸美生物,34.3,2026-09-08,2019-07-25,2026-09-08,,True,False,False,ok,9,0,731556.3451818131,0.0,True,0.03002034590599049,878804.606898511,824092.362507511
603985,1000000.0,854368.388321155,0.0,854368.388321155,-145631.61167884502,58977.048178850055,4080.0,211,85,40,211,4,0.22429800809754905,False,恒润股份,17.31,2026-09-08,2017-05-05,2026-09-08,,True,False,False,ok,8,0,854368.388321155,0.0,True,0.03031443887048818,971187.6631467231,892599.9905678347
603986,1000000.0,825440.6793268234,0.0,825440.6793268234,-174559.32067317655,49585.590673180035,484.50000000000006,203,46,29,203,6,0.21248104014300012,False,兆易创新,385.96,2026-09-08,2016-08-18,2026-09-08,,False,False,False,ok,9,0,825440.6793268234,0.0,True,0.029703761359319007,897654.3894135111,876782.663846752
603987,1000000.0,970037.1669502243,0.0,970037.1669502243,-29962.833049775683,62535.42154978005,0.0,155,56,28,155,0,0.13599669092749894,False,康德莱,7.7,2026-09-08,2016-11-21,2026-09-08,,True,False,False,ok,9,0,970037.1669502243,0.0,True,0.025352041827588264,1091686.0677993423,964068.9218041089
603988,1000000.0,736790.995655613,0.0,736790.995655613,-263209.004344387,62203.553844389986,7228.000000000001,204,103,56,204,11,0.3068784810278117,False,中电电机,19.25,2026-09-08,2016-04-19,2026-09-08,,False,False,False,ok,15,0,736790.995655613,0.0,True,0.037638725279839365,845418.6674955422,728606.6795590479
603989,1000000.0,966195.3868856997,0.0,966195.3868856997,-33804.6131143003,75715.01161430501,14010.0,179,40,28,179,0,0.13905217213964677,False,艾华集团,34.29,2026-09-08,2016-05-26,2026-09-08,,False,False,False,ok,12,0,966195.3868856997,0.0,True,0.03110015425169068,1012593.0162439628,947274.9323806893
603990,1000000.0,870833.0322511517,0.0,870833.0322511517,-129166.96774884826,79405.86624885495,0.0,233,82,52,233,0,0.22570458270122404,False,麦迪科技,20.41,2026-09-08,2016-12-08,2026-09-08,,True,False,False,ok,7,0,870833.0322511517,0.0,True,0.04111366090535501,944680.5179188832,823588.2545400357
603991,1000000.0,804297.5407608497,0.0,804297.5407608497,-195702.45923915028,68265.68623915504,0.0,205,78,40,205,7,0.23047485770126738,False,领先股份,177.42,2026-09-08,2017-03-08,2026-09-08,,True,False,False,ok,3,0,804297.5407608497,0.0,True,0.04052269723722077,926620.249582172,829274.0177345641
603992,1000000.0,963057.4162151747,0.0,963057.4162151747,-36942.583784825285,57616.289284830054,5582.0,176,66,32,176,1,0.12766917851981263,False,松霖科技,20.3,2026-09-08,2019-08-26,2026-09-08,,True,False,False,ok,11,0,963057.4162151747,0.0,True,0.030500218816865713,994470.7975904508,927623.8732579375
603993,1000000.0,1063593.8221352135,0.0,1063593.8221352135,63593.82213521353,72073.37036479005,1943.7,195,64,41,195,2,0.11322894745098747,False,洛阳钼业,18.94,2026-09-08,2016-05-26,2026-09-08,,False,False,False,ok,14,0,1063593.8221352135,0.0,True,0.031386655069417596,1127649.7839667117,1057284.4487490973
603995,1000000.0,1103155.2238843476,0.0,1103155.2238843476,103155.2238843476,38032.52861565501,0.0,105,31,20,105,1,0.04928411454529043,False,甬金股份,24.3,2026-09-08,2019-12-24,2026-09-08,,True,False,False,ok,8,0,1103155.2238843476,0.0,True,0.01669002104703619,1029730.4300492706,1072436.6767624218
603997,1000000.0,848107.9639789746,0.0,848107.9639789746,-151892.0360210254,78901.94827103005,3816.0,233,95,53,233,2,0.2021016152799438,False,继峰股份,12.29,2026-09-08,2016-01-04,2026-09-08,,False,False,False,ok,8,0,848107.9639789746,0.0,True,0.0439488824568101,922733.0226175734,855964.1763908785
603998,1000000.0,902976.5804815701,0.0,902976.5804815701,-97023.4195184299,69776.98451843501,417.0,214,98,50,214,1,0.25107272425526767,False,方盛制药,11.05,2026-09-08,2016-03-10,2026-09-08,,False,False,False,ok,17,0,902976.5804815701,0.0,True,0.039195799310732825,803233.5232635029,901764.2024903537
603999,1000000.0,927157.2008059791,0.0,927157.2008059791,-72842.79919402092,55608.73619402499,3103.5,153,40,21,153,0,0.09151993943664338,False,读者传媒,7.29,2026-09-08,2016-05-23,2026-09-08,,False,False,False,ok,11,0,927157.2008059791,0.0,True,0.022547350561525053,958196.9853785123,970260.7379823234
605001,1000000.0,860491.6203956776,0.0,860491.6203956776,-139508.37960432237,35496.53740432599,13700.0,85,40,24,85,0,0.14539706191124255,False,威奥股份,6.33,2026-09-08,2020-05-22,2026-09-08,,True,False,False,ok,5,0,860491.6203956776,0.0,True,0.01817112342672286,890055.9097875447,904552.7491757311
605003,1000000.0,802942.0708748173,0.0,802942.0708748173,-197057.92912518268,27431.530125184996,3690.0,77,31,23,77,1,0.2082298351810625,False,众望布艺,25.47,2026-09-08,2020-09-08,2026-09-08,,True,False,False,ok,6,0,802942.0708748173,0.0,True,0.016865054759520236,1007860.0490304001,911926.6516192666
605005,1000000.0,944584.5723906531,0.0,944584.5723906531,-55415.42760934692,41427.60160934998,1950.0,106,36,23,106,1,0.10996590219104896,False,合兴股份,16.15,2026-09-08,2021-01-19,2026-09-08,,True,False,False,ok,6,0,944584.5723906531,0.0,True,0.024961337933989573,1000000.0,906074.1498263008
605006,1000000.0,858715.5021746338,0.0,858715.5021746338,-141284.4978253662,32223.902825369998,2222.0000000000005,94,26,15,94,2,0.14397158100419524,False,山东玻纤,15.43,2026-09-08,2020-09-03,2026-09-08,,True,False,False,ok,4,0,858715.5021746338,0.0,True,0.014630435354599146,994936.6148725002,943679.8992272168
605007,1000000.0,963263.7430451084,0.0,963263.7430451084,-36736.25695489161,36954.92895489498,0.0,101,30,21,101,0,0.11246074961531512,False,五洲特纸,14.78,2026-09-08,2020-11-10,2026-09-08,,True,False,False,ok,6,0,963263.7430451084,0.0,True,0.01914638392889523,1004114.9826407401,954104.0325401865
605008,1000000.0,786382.3192042256,0.0,786382.3192042256,-213617.68079577445,50266.79979578,0.0,127,70,23,127,1,0.24931599393719447,False,长鸿高科,14.13,2026-09-08,2020-08-21,2026-09-08,,True,False,False,ok,2,0,786382.3192042256,0.0,True,0.03173977510330857,1002622.7125413411,896674.2143215933
605009,1000000.0,860776.0611629275,0.0,860776.0611629275,-139223.93883707246,38511.17933707502,8080.0,109,23,10,109,0,0.17258635962924815,False,豪悦护理,25.12,2026-09-08,2020-09-11,2026-09-08,,True,False,False,ok,9,0,860776.0611629275,0.0,True,0.02072987349897528,1000299.8016660202,884838.0601699569
605011,1000000.0,947487.3927972679,0.0,947487.3927972679,-52512.60720273212,34245.26070273501,0.0,111,44,23,111,2,0.09038690187488797,False,杭州热电,17.04,2026-09-08,2021-06-30,2026-09-08,,True,False,False,ok,7,0,947487.3927972679,0.0,True,0.01970062014835179,1000000.0,957240.2061861216
605016,1000000.0,995591.772586777,0.0,995591.772586777,-4408.227413223009,32540.183913225,220.0,107,46,21,107,0,0.1084282822991639,False,百龙创园,22.64,2026-09-08,2021-04-21,2026-09-08,,True,False,False,ok,9,0,995591.772586777,0.0,True,0.018280813315003603,1000000.0,1011928.4172953756
605018,1000000.0,965240.7115149084,0.0,965240.7115149084,-34759.288485091645,32783.75198509499,4140.0,91,35,16,91,3,0.13267555320158594,False,长华集团,11.74,2026-09-08,2020-09-29,2026-09-08,,True,False,False,ok,7,0,965240.7115149084,0.0,True,0.015179615668161364,1032218.5206206702,912672.9770592221
605020,1000000.0,1054795.487294577,0.0,1054795.487294577,54795.48729457706,26200.006205424997,0.0,86,32,26,86,0,0.04953622686100201,False,永和股份,32.61,2026-09-08,2021-07-09,2026-09-08,,True,False,False,ok,5,0,1054795.487294577,0.0,True,0.015148839361733562,1000000.0,1021488.8141861307
605028,1000000.0,999789.2971846028,0.0,999789.2971846028,-210.7028153971769,25080.69081539999,0.0,88,40,27,88,2,0.05959681591286441,False,世茂能源,25.61,2026-09-08,2021-07-12,2026-09-08,,True,False,False,ok,9,0,999789.2971846028,0.0,True,0.015366361807854344,1000000.0,978806.3701085909
605033,1000000.0,906987.3229951573,0.0,906987.3229951573,-93012.67700484267,24756.721504845,0.0,77,20,16,77,5,0.10430635233739756,False,美邦股份,20.72,2026-09-08,2021-09-16,2026-09-08,,True,False,False,ok,7,0,906987.3229951573,0.0,True,0.012972790663842602,1000000.0,977907.5338812766
605050,1000000.0,822196.0821927481,0.0,822196.0821927481,-177803.9178072519,31307.534807255,0.0,97,57,30,97,0,0.17976897892829183,False,福然德,10.47,2026-09-08,2020-09-24,2026-09-08,,True,False,False,ok,8,0,822196.0821927481,0.0,True,0.02274996664672337,962634.610153,899673.5371353464
605055,1000000.0,1022738.5193988017,0.0,1022738.5193988017,22738.519398801727,23584.650601200003,1098.0,78,36,26,78,0,0.03363579800123169,False,迎丰股份,9.68,2026-09-08,2021-01-29,2026-09-08,,True,False,False,ok,3,0,1022738.5193988017,0.0,True,0.013031566656244276,1000000.0,1022972.3973624959
605056,1000000.0,868943.6130903778,0.0,868943.6130903778,-131056.38690962223,24520.960409625008,18361.0,75,29,14,75,0,0.13630206158926061,False,咸亨国际,13.84,2026-09-08,2021-07-20,2026-09-08,,True,False,False,ok,7,0,868943.6130903778,0.0,True,0.012895568557510234,1000000.0,944319.161255631
605058,1000000.0,964998.6840151768,0.0,964998.6840151768,-35001.31598482316,26580.69748482501,2600.0,78,34,26,78,0,0.1265899817833652,False,澳弘电子,28.73,2026-09-08,2020-10-21,2026-09-08,,True,False,False,ok,6,0,964998.6840151768,0.0,True,0.01834871449543473,1001392.8139392401,963427.5564098211
605060,1000000.0,1078002.175016866,0.0,1078002.175016866,78002.17501686607,25047.565983134995,944.9999999999999,87,18,9,87,1,0.04104592051077447,False,联德股份,40.01,2026-09-08,2021-03-01,2026-09-08,,True,False,False,ok,6,0,1078002.175016866,0.0,True,0.010783271138064241,1000000.0,997849.6728186155
605066,1000000.0,882926.509474492,0.0,882926.509474492,-117073.49052550795,24502.344525509998,0.0,71,11,8,71,0,0.11960922603278133,False,天正电气,6.96,2026-09-08,2020-08-07,2026-09-08,,True,False,False,ok,6,0,882926.509474492,0.0,True,0.009748106219659741,993856.0654243502,952703.2364911411
605068,1000000.0,899036.34604938,0.0,899036.34604938,-100963.65395061998,28944.879950620012,452.0,118,35,23,118,1,0.11026682029775514,False,明新旭腾,21.82,2026-09-08,2020-11-23,2026-09-08,,True,False,False,ok,4,0,899036.34604938,0.0,True,0.015867407400181045,998350.02500508,926820.0768548398
605069,1000000.0,964204.0836260527,0.0,964204.0836260527,-35795.916373947286,21850.74437395001,0.0,81,22,14,81,3,0.15055621716598855,False,正和生态,10.62,2026-09-08,2021-08-16,2026-09-08,,True,False,False,ok,1,0,964204.0836260527,0.0,True,0.01154792648778789,1000000.0,1062307.8125292514
605077,1000000.0,879496.7730769222,0.0,879496.7730769222,-120503.22692307783,29132.742923079986,0.0,72,18,7,72,1,0.1271959889367155,False,华康股份,12.53,2026-09-08,2021-02-09,2026-09-08,,True,False,False,ok,7,0,879496.7730769222,0.0,True,0.01427010199862912,1000000.0,962150.309280822
605080,1000000.0,812601.8445915083,0.0,812601.8445915083,-187398.15540849173,30347.057908495,1980.0000000000002,96,17,9,96,0,0.1965687544453647,False,浙江自然,24.0,2026-09-08,2021-05-06,2026-09-08,,True,False,False,ok,5,0,812601.8445915083,0.0,True,0.014731397658299755,1000000.0,887997.5217011169
605086,1000000.0,797581.3888673172,0.0,797581.3888673172,-202418.61113268277,24893.008632684996,6771.499999999999,97,62,27,97,1,0.20349737777124274,False,龙高股份,24.7,2026-09-08,2021-04-16,2026-09-08,,True,False,False,ok,8,0,797581.3888673172,0.0,True,0.018091166966178986,1000000.0,926533.6661413257
605088,1000000.0,889438.2169049417,0.0,889438.2169049417,-110561.78309505829,31578.820095060008,0.0,103,35,22,103,0,0.11056178309505829,False,冠盛股份,21.87,2026-09-08,2020-08-17,2026-09-08,,True,False,False,ok,7,0,889438.2169049417,0.0,True,0.017329273262445856,963867.2239422703,933140.8363114411
605089,1000000.0,950230.5355791526,0.0,950230.5355791526,-49769.46442084736,21973.703420850004,0.0,69,18,6,69,0,0.0661563112535775,False,味知香,22.31,2026-09-08,2021-04-27,2026-09-08,,True,False,False,ok,5,0,950230.5355791526,0.0,True,0.012026474261337376,1000000.0,969588.9038672259
605090,1000000.0,919683.2681944728,0.0,919683.2681944728,-80316.73180552723,41300.709805529994,1350.0,113,48,23,113,1,0.13260094025076358,False,九丰能源,33.43,2026-09-08,2021-05-25,2026-09-08,,True,False,False,ok,9,0,919683.2681944728,0.0,True,0.02531371581586957,1000000.0,1031870.2175479312
605098,1000000.0,963407.6265615345,0.0,963407.6265615345,-36592.373438465525,37100.96043846996,13250.0,116,33,26,116,1,0.1214614680165178,False,行动教育,55.3,2026-09-08,2021-04-21,2026-09-08,,True,False,False,ok,12,0,963407.6265615345,0.0,True,0.020728877158872453,1000000.0,1066639.949996747
605099,1000000.0,957182.5554268376,0.0,957182.5554268376,-42817.44457316236,36762.741073165,0.0,107,28,14,107,1,0.10463859498220128,False,共创草坪,30.17,2026-09-08,2020-09-30,2026-09-08,,True,False,False,ok,6,0,957182.5554268376,0.0,True,0.018259140213722862,1009939.1409050003,936282.7289572314
605100,1000000.0,1012013.1166186925,0.0,1012013.1166186925,12013.116618692526,34152.55488130998,0.0,97,21,15,97,0,0.0767770200597675,False,华丰股份,33.12,2026-09-08,2020-08-11,2026-09-08,,True,False,False,ok,9,0,1012013.1166186925,0.0,True,0.014397027122357155,1003167.5138835108,1000934.9916381966
605108,1000000.0,930034.5307480874,0.0,930034.5307480874,-69965.46925191255,46986.99425191502,0.0,144,48,26,144,0,0.2074431961120044,False,同庆楼,13.61,2026-09-08,2020-07-16,2026-09-08,,True,False,False,ok,6,0,930034.5307480874,0.0,True,0.024184307715264385,995782.09905507,1162965.6824035204
605111,1000000.0,1060989.752520262,0.0,1060989.752520262,60989.75252026203,31784.678479740003,1431.5,110,12,13,110,1,0.07161013402243865,False,新洁能,54.17,2026-09-08,2020-09-28,2026-09-08,,True,False,False,ok,7,0,1060989.752520262,0.0,True,0.013203830185591374,979347.5676724,1041960.127062036
605116,1000000.0,996051.264342504,0.0,996051.264342504,-3948.7356574960286,47988.60015750003,9898.0,134,71,30,134,3,0.11960980083965733,False,奥锐特,19.94,2026-09-08,2020-09-21,2026-09-08,,True,False,False,ok,6,0,996051.264342504,0.0,True,0.028504589319444468,1016846.7105885202,1007000.3188376969
605117,1000000.0,1004257.085209039,0.0,1004257.085209039,4257.08520903904,31310.366290965,3150.0,137,28,15,137,1,0.16321863226515868,False,德业股份,81.33,2026-09-08,2021-04-20,2026-09-08,,True,False,False,ok,8,0,1004257.085209039,0.0,True,0.018589420573304354,1000000.0,883378.0674678764
605118,1000000.0,869537.2325292873,0.0,869537.2325292873,-130462.76747071266,25873.335970714987,0.0,103,58,19,103,3,0.1601724789651028,False,力鼎光电,34.33,2026-09-08,2020-07-30,2026-09-08,,True,False,False,ok,8,0,869537.2325292873,0.0,True,0.0167039441254533,981072.3035517705,941989.6933033313
605122,1000000.0,923199.8631528567,0.0,923199.8631528567,-76800.1368471433,27764.029847145004,776.0,75,20,12,75,0,0.14207194372908363,False,四方新材,12.11,2026-09-08,2021-03-10,2026-09-08,,True,False,False,ok,3,0,923199.8631528567,0.0,True,0.013215692738725698,1000000.0,945872.697054371
605123,1000000.0,930215.0831607478,0.0,930215.0831607478,-69784.91683925223,32526.506839255,2222.0,108,18,11,108,0,0.12505382639469012,False,派克新材,80.3,2026-09-08,2020-08-25,2026-09-08,,True,False,False,ok,8,0,930215.0831607478,0.0,True,0.01781277582316604,983289.8046954204,969616.7782333875
605128,1000000.0,957845.949486077,0.0,957845.949486077,-42154.05051392305,32015.397193925797,1425.0,111,54,16,111,1,0.11446465325640764,False,上海沿浦,24.85,2026-09-08,2020-09-15,2026-09-08,,True,False,False,ok,6,0,957845.949486077,0.0,True,0.0194351319736389,971985.3090042002,973812.799729936
605133,1000000.0,965761.2360371872,0.0,965761.2360371872,-34238.76396281284,24380.531962815,815.9999999999999,111,33,16,111,4,0.09464248261515246,False,嵘泰股份,25.46,2026-09-08,2021-02-24,2026-09-08,,True,False,False,ok,6,0,965761.2360371872,0.0,True,0.012881361587729099,1000000.0,999880.7179638456
605136,1000000.0,967377.4831777017,0.0,967377.4831777017,-32622.51682229829,23230.231322299995,0.0,87,35,19,87,2,0.08454705411006586,False,丽人丽妆,8.87,2026-09-08,2020-09-29,2026-09-08,,True,False,False,ok,5,0,967377.4831777017,0.0,True,0.012754732571769328,997186.7927331801,936431.8082240708
605138,1000000.0,874081.0221130468,0.0,874081.0221130468,-125918.97788695316,22765.128386955,0.0,57,17,8,57,1,0.12991838133441816,False,盛泰集团,6.31,2026-09-08,2021-10-27,2026-09-08,,True,False,False,ok,6,0,874081.0221130468,0.0,True,0.01039539946300907,1000000.0,932196.301179806
605151,1000000.0,1018185.1154407295,0.0,1018185.1154407295,18185.11544072954,32406.492059275017,0.0,99,23,22,99,2,0.0753097256209468,False,西上海,19.07,2026-09-08,2020-12-15,2026-09-08,,True,False,False,ok,5,0,1018185.1154407295,0.0,True,0.01570249394593507,1000249.1376079901,947576.0128299517
605155,1000000.0,961110.7757649273,0.0,961110.7757649273,-38889.22423507273,25844.71023507501,0.0,73,20,10,73,1,0.08533897152839841,False,西大门,14.72,2026-09-08,2020-12-31,2026-09-08,,True,False,False,ok,6,0,961110.7757649273,0.0,True,0.011907839813796884,1000000.0,955007.8161589368
605158,1000000.0,999329.475020777,0.0,999329.475020777,-670.5249792230316,33914.55397922501,4800.0,91,37,30,91,1,0.08568788616096436,False,华达新材,8.24,2026-09-08,2020-08-05,2026-09-08,,True,False,False,ok,6,0,999329.475020777,0.0,True,0.01983850966745061,987773.7646272001,1042929.3648113906
605162,1000000.0,1031973.4496269828,0.0,1031973.4496269828,31973.449626982794,28152.84137301999,0.0,86,42,20,86,1,0.06830220183735415,False,新中港,10.21,2026-09-08,2021-07-07,2026-09-08,,True,False,False,ok,5,0,1031973.4496269828,0.0,True,0.014852491243396685,1000000.0,977376.0969335119
605166,1000000.0,858576.7757155187,0.0,858576.7757155187,-141423.22428448126,38036.77828448501,8418.9,95,26,16,95,0,0.15149788937036987,False,聚合顺,8.75,2026-09-08,2020-06-18,2026-09-08,,True,False,False,ok,6,0,858576.7757155187,0.0,True,0.017457253098992695,1007058.8007789003,953054.5785739275
605167,1000000.0,927677.9444779864,0.0,927677.9444779864,-72322.05552201357,25082.167022014997,0.0,82,26,21,82,0,0.08956066951081132,False,利柏特,16.48,2026-09-08,2021-07-26,2026-09-08,,True,False,False,ok,5,0,927677.9444779864,0.0,True,0.012998145151417848,1000000.0,962617.7776476657
605168,1000000.0,990711.6843188669,0.0,990711.6843188669,-9288.31568113307,34233.886056136245,16420.0,128,24,12,128,3,0.12999863191394032,False,三人行,55.15,2026-09-08,2020-05-28,2026-09-08,,True,False,False,ok,7,0,990711.6843188669,0.0,True,0.01786574899921582,986298.8789907004,989372.4663001761
605169,1000000.0,854797.9348115282,0.0,854797.9348115282,-145202.0651884718,44062.585188474986,0.0,111,40,26,111,0,0.19400919406206818,False,洪通燃气,13.03,2026-09-08,2020-10-30,2026-09-08,,True,False,False,ok,6,0,854797.9348115282,0.0,True,0.02392985375933363,1011695.0516563101,896293.5736135368
605177,1000000.0,794090.1665433727,0.0,794090.1665433727,-205909.83345662733,28258.555456629987,3037.5660000000003,85,26,14,85,1,0.20982070260660723,False,东亚药业,22.06,2026-09-08,2020-11-25,2026-09-08,,True,False,False,ok,4,0,794090.1665433727,0.0,True,0.01675611963166618,1000000.0,948158.9174231064
605178,1000000.0,966921.461288857,0.0,966921.461288857,-33078.53871114296,31420.188211145003,0.0,110,49,27,110,6,0.09263610563686284,False,时空科技,67.72,2026-09-08,2020-08-21,2026-09-08,,True,False,False,ok,1,0,966921.461288857,0.0,True,0.018857638079718617,983845.1065266104,1003062.6537581563
605179,1000000.0,983769.6066720223,0.0,983769.6066720223,-16230.393327977741,33926.11882797996,999.4,106,39,28,106,1,0.0929160470856368,False,一鸣食品,28.3,2026-09-08,2020-12-28,2026-09-08,,True,False,False,ok,7,0,983769.6066720223,0.0,True,0.01872744942178656,1000000.0,1010316.6920914507
605180,1000000.0,933906.499660047,0.0,933906.499660047,-66093.500339953,30601.907839954994,1078.0,94,33,20,94,2,0.11592838051265875,False,华生科技,13.35,2026-09-08,2021-04-30,2026-09-08,,True,False,False,ok,5,0,933906.499660047,0.0,True,0.016834379788152182,1000000.0,983081.1395684814
605183,1000000.0,815211.8739686712,0.0,815211.8739686712,-184788.1260313288,23901.93353133001,0.0,64,12,6,64,2,0.1877205530377688,False,确成股份,16.6,2026-09-08,2020-12-07,2026-09-08,,True,False,False,ok,6,0,815211.8739686712,0.0,True,0.011604112590011793,995579.8652744,905156.9065523956
605186,1000000.0,802772.0918434425,0.0,802772.0918434425,-197227.90815655747,26605.083656560015,0.0,103,45,18,103,1,0.22951356818852475,False,健麾信息,25.71,2026-09-08,2020-12-22,2026-09-08,,True,False,False,ok,4,0,802772.0918434425,0.0,True,0.01563103554332258,1000000.0,956918.1401387119
605188,1000000.0,1034138.3563185196,0.0,1034138.3563185196,34138.35631851957,39229.56118148499,813.0,138,51,40,138,3,0.06647334048794758,False,国光连锁,14.87,2026-09-08,2020-07-28,2026-09-08,,True,False,False,ok,6,0,1034138.3563185196,0.0,True,0.020001220138968556,1007661.8074383405,1022088.4039428865
605189,1000000.0,806588.7506842767,0.0,806588.7506842767,-193411.2493157233,26201.197815725005,0.0,67,25,16,67,0,0.1988342798796506,False,富春染织,13.9,2026-09-08,2021-05-28,2026-09-08,,True,False,False,ok,6,0,806588.7506842767,0.0,True,0.013972731280107297,1000000.0,882319.6168813013
605196,1000000.0,1165172.982217547,0.0,1165172.982217547,165172.98221754702,27925.27228245503,0.0,98,35,17,98,0,0.043017076989134775,False,华通线缆,35.95,2026-09-08,2021-05-11,2026-09-08,,True,False,False,ok,4,0,1165172.982217547,0.0,True,0.0138437704151204,1000000.0,1005038.4048772507
605198,1000000.0,1040511.8061691719,0.0,1040511.8061691719,40511.806169171934,42698.234830830035,1034.0000000000002,129,92,52,129,1,0.13788255364024868,False,安德利,70.0,2026-09-08,2020-09-18,2026-09-08,,True,False,False,ok,6,0,1040511.8061691719,0.0,True,0.02995821631939595,1030763.9330528302,1090373.0538533265
605199,1000000.0,827384.8249035296,0.0,827384.8249035296,-172615.1750964704,39990.145596474984,0.0,136,42,21,136,1,0.17674586817751015,False,ST葫芦娃,6.06,2026-09-08,2020-07-10,2026-09-08,,True,False,False,ok,2,0,827384.8249035296,0.0,True,0.021432582746911205,956991.3952887309,897130.6327961574
605208,1000000.0,917510.4351264818,0.0,917510.4351264818,-82489.56487351819,20654.708373520003,0.0,83,29,10,83,1,0.16972278945572544,False,永茂泰,14.91,2026-09-08,2021-03-08,2026-09-08,,True,False,False,ok,6,0,917510.4351264818,0.0,True,0.010830630198151468,1000000.0,920067.8541926912
605218,1000000.0,942865.8658973332,0.0,942865.8658973332,-57134.13410266675,31899.659102670004,596.4,112,37,23,112,3,0.1646098724307651,False,伟时电子,14.76,2026-09-08,2020-09-28,2026-09-08,,True,False,False,ok,7,0,942865.8658973332,0.0,True,0.0159510372127368,999965.1602174002,1081631.5664044865
605222,1000000.0,1080314.2960200661,0.0,1080314.2960200661,80314.29602006613,36558.86947993498,2560.0,101,30,12,101,0,0.09183337826934408,False,起帆电缆,22.08,2026-09-08,2020-07-31,2026-09-08,,True,False,False,ok,6,0,1080314.2960200661,0.0,True,0.016806969862697693,1017044.88923074,1029501.2669596707
605228,1000000.0,994162.2506418416,0.0,994162.2506418416,-5837.749358158442,21785.99585816,0.0,86,29,22,86,1,0.11504098864552229,False,神通科技,10.74,2026-09-08,2021-01-20,2026-09-08,,True,False,False,ok,6,0,994162.2506418416,0.0,True,0.01213639834713793,1000000.0,922865.7370768358
605255,1000000.0,956468.0475764228,0.0,956468.0475764228,-43531.9524235772,33202.30142358001,4268.0,111,35,29,111,3,0.08096544532767079,False,天普股份,64.67,2026-09-08,2020-08-25,2026-09-08,,True,False,False,ok,8,0,956468.0475764228,0.0,True,0.017437667983598464,985590.98171485,983729.4402663617
605258,1000000.0,1083307.5639432725,0.0,1083307.5639432725,83307.56394327246,23572.44705672998,7140.0,77,28,10,77,0,0.0701118018395129,False,协和电子,30.46,2026-09-08,2020-12-03,2026-09-08,,True,False,False,ok,6,0,1083307.5639432725,0.0,True,0.01207404640013915,1008149.95897576,1149514.652822211
605259,1000000.0,1075856.581242321,0.0,1075856.581242321,75856.58124232106,31112.663757680006,4020.0,67,23,11,67,1,0.05305456140378637,False,绿田机械,18.04,2026-09-08,2021-06-15,2026-09-08,,True,False,False,ok,5,0,1075856.581242321,0.0,True,0.016150547536652238,1000000.0,1050497.9166877605
605266,1000000.0,1046417.5391952093,0.0,1046417.5391952093,46417.539195209276,45291.527804794976,14740.000000000002,118,38,17,118,2,0.05885985076596934,False,健之佳,16.25,2026-09-08,2020-12-01,2026-09-08,,True,False,False,ok,6,0,1046417.5391952093,0.0,True,0.023447481192292025,1000000.0,1081635.414775412
605268,1000000.0,891483.9085700178,0.0,891483.9085700178,-108516.09142998222,27761.334429984985,7200.0,85,26,14,85,1,0.11568619150295398,False,王力安防,9.8,2026-09-08,2021-02-24,2026-09-08,,True,False,False,ok,6,0,891483.9085700178,0.0,True,0.013824339878087783,1000000.0,976847.8703534908
605277,1000000.0,1098183.8598102673,0.0,1098183.8598102673,98183.85981026734,24129.948089733996,2058.0,91,19,11,91,2,0.05682380122560546,False,新亚电子,16.39,2026-09-08,2021-01-06,2026-09-08,,True,False,False,ok,6,0,1098183.8598102673,0.0,True,0.009720132907816644,1000000.0,1096085.9801349607
605286,1000000.0,891348.3391221663,0.0,891348.3391221663,-108651.66087783372,25535.981377835007,558.0,101,36,18,101,0,0.12263946654287165,False,同力天启,26.28,2026-09-08,2021-03-22,2026-09-08,,True,False,False,ok,8,0,891348.3391221663,0.0,True,0.014800754687940452,1000000.0,963661.2880540355
605287,1000000.0,961544.3692708922,0.0,961544.3692708922,-38455.63072910777,28515.078729110006,158.10000000000002,80,23,10,80,2,0.0864132662761905,False,德才股份,37.42,2026-09-08,2021-07-06,2026-09-08,,True,False,False,ok,4,0,961544.3692708922,0.0,True,0.014348543448720988,1000000.0,971303.1893345767
605288,1000000.0,988716.9986171683,0.0,988716.9986171683,-11283.001382831717,36207.00188283499,1110.0,111,25,16,111,1,0.11273747365147392,False,凯迪股份,67.66,2026-09-08,2020-06-01,2026-09-08,,True,False,False,ok,6,0,988716.9986171683,0.0,True,0.01740882156918239,993959.6998494006,981721.8141817818
605289,1000000.0,944844.877227432,0.0,944844.877227432,-55155.12277256802,24106.641772569998,3840.0,111,36,23,111,0,0.10516945290209695,False,罗曼股份,98.64,2026-09-08,2021-04-26,2026-09-08,,True,False,False,ok,3,0,944844.877227432,0.0,True,0.014327875452897262,1000000.0,944792.4733012108
605296,1000000.0,1136385.2819405752,0.0,1136385.2819405752,136385.28194057522,48493.17205943001,0.0,128,40,26,128,0,0.07869263890047407,False,神农集团,35.9,2026-09-08,2021-05-28,2026-09-08,,True,False,False,ok,4,0,1136385.2819405752,0.0,True,0.026427545488674025,1000000.0,967824.7105142513
605298,1000000.0,971393.8045713394,0.0,971393.8045713394,-28606.195428660605,24791.380728662985,7120.0,80,23,11,80,1,0.07002732529549106,False,必得科技,46.79,2026-09-08,2021-03-01,2026-09-08,,True,False,False,ok,6,0,971393.8045713394,0.0,True,0.011978098388983277,1000000.0,962393.4921950976
605299,1000000.0,921424.8780154571,0.0,921424.8780154571,-78575.12198454293,31096.543484545004,1040.0,116,37,23,116,1,0.134436424007288,False,舒华体育,13.57,2026-09-08,2020-12-15,2026-09-08,,True,False,False,ok,6,0,921424.8780154571,0.0,True,0.016509895411688884,1000784.8397947601,1013644.0452555867
605300,1000000.0,876563.9935643782,0.0,876563.9935643782,-123436.00643562176,35349.201935624995,0.0,108,45,26,108,2,0.14131058354443046,False,佳禾食品,11.28,2026-09-08,2021-04-30,2026-09-08,,True,False,False,ok,5,0,876563.9935643782,0.0,True,0.023017212008497507,1000000.0,984105.7920930167
605303,1000000.0,878997.9177771581,0.0,878997.9177771581,-121002.08222284191,22333.32222284499,0.0,80,25,21,80,4,0.18221395735496249,False,园林股份,25.2,2026-09-08,2021-03-01,2026-09-08,,True,False,False,ok,2,0,878997.9177771581,0.0,True,0.013183515919918466,1000000.0,883482.7406027368
605305,1000000.0,1089342.9275221112,0.0,1089342.9275221112,89342.92752211122,30793.67347789,3674.0,99,23,23,99,1,0.05575868058365072,False,中际联合,31.88,2026-09-08,2021-05-06,2026-09-08,,True,False,False,ok,8,0,1089342.9275221112,0.0,True,0.016318062097000065,1000000.0,1062148.0329417358
605318,1000000.0,1026818.1675311282,0.0,1026818.1675311282,26818.167531128158,40044.96646887498,0.0,128,42,29,128,1,0.09679783215359995,False,法狮龙,77.76,2026-09-08,2020-08-03,2026-09-08,,True,False,False,ok,5,0,1026818.1675311282,0.0,True,0.021607368084848314,1008004.6225309002,960318.0269469364
605319,1000000.0,852878.202492187,0.0,852878.202492187,-147121.79750781297,25517.54600781501,5406.0,86,34,11,86,2,0.15306540467175295,False,无锡振华,25.48,2026-09-08,2021-06-07,2026-09-08,,True,False,False,ok,7,0,852878.202492187,0.0,True,0.013928360912784106,1000000.0,995878.1400984356
605333,1000000.0,998829.1715398736,0.0,998829.1715398736,-1170.8284601264168,40041.08596013,440.0,140,64,18,140,2,0.10927185827807362,False,沪光股份,17.73,2026-09-08,2020-08-18,2026-09-08,,True,False,False,ok,4,0,998829.1715398736,0.0,True,0.021570299993396713,991053.9454496306,960408.3760256815
605336,1000000.0,863464.1809991273,0.0,863464.1809991273,-136535.81900087267,32698.062500874996,0.0,104,43,16,104,0,0.16073955538787574,False,*ST帅电,12.08,2026-09-08,2020-10-19,2026-09-08,,True,False,False,ok,5,0,863464.1809991273,0.0,True,0.019128421396962744,1006735.4172,1006115.3990981262
605337,1000000.0,955419.8307306722,0.0,955419.8307306722,-44580.16926932777,26237.268269330016,0.0,82,29,11,82,0,0.0799750559674844,False,李子园,9.76,2026-09-08,2021-02-08,2026-09-08,,True,False,False,ok,7,0,955419.8307306722,0.0,True,0.012687330051882356,1000000.0,972731.2618614563
605338,1000000.0,949275.6239641013,0.0,949275.6239641013,-50724.37603589869,30725.013535899994,23760.0,88,31,11,88,0,0.09537164891103375,False,巴比食品,19.53,2026-09-08,2020-10-12,2026-09-08,,True,False,False,ok,6,0,949275.6239641013,0.0,True,0.015405137258839855,1028057.1729067902,969182.9218255659
605339,1000000.0,981763.0343043122,0.0,981763.0343043122,-18236.965695687803,29496.901695689994,2940.9999999999995,76,16,9,76,0,0.056477313841693064,False,南侨食品,13.95,2026-09-08,2021-05-18,2026-09-08,,True,False,False,ok,6,0,981763.0343043122,0.0,True,0.014143242779740953,1000000.0,988333.5369998461
605358,1000000.0,902934.1531399078,0.0,902934.1531399078,-97065.84686009225,28297.413360094994,1806.0000000000002,104,29,8,104,3,0.10565688522527215,False,立昂微,41.91,2026-09-08,2020-09-11,2026-09-08,,True,False,False,ok,5,0,902934.1531399078,0.0,True,0.015208890176295693,993648.5466292603,929875.9714413919
605365,1000000.0,997484.0947056916,0.0,997484.0947056916,-2515.905294308439,23937.390294310007,0.0,79,26,10,79,3,0.08236344207710822,False,立达信,15.07,2026-09-08,2021-07-20,2026-09-08,,True,False,False,ok,5,0,997484.0947056916,0.0,True,0.012295954026113373,1000000.0,970976.1025406555
605366,1000000.0,785563.4204473951,0.0,785563.4204473951,-214436.57955260493,31638.519302607518,2200.0,110,41,25,110,1,0.23165167928536598,False,宏柏新材,8.04,2026-09-08,2020-08-12,2026-09-08,,True,False,False,ok,4,0,785563.4204473951,0.0,True,0.016676331239428473,1002183.8964644205,900869.8266811699
605368,1000000.0,1007263.0567855944,0.0,1007263.0567855944,7263.056785594439,66482.80671441002,112310.0,118,44,26,118,0,0.12243771069620772,False,蓝天燃气,7.02,2026-09-08,2021-01-29,2026-09-08,,True,False,False,ok,7,0,1007263.0567855944,0.0,True,0.037825536423283956,1000000.0,966436.7809432214
605369,1000000.0,950368.3029124615,0.0,950368.3029124615,-49631.697087538545,36681.10678754198,3160.0,113,32,13,113,2,0.1640661174969615,False,拱东医疗,16.79,2026-09-08,2020-09-16,2026-09-08,,True,False,False,ok,8,0,950368.3029124615,0.0,True,0.019855289881745442,994495.1702928902,977760.1137898718
605376,1000000.0,959827.4772949879,0.0,959827.4772949879,-40172.52270501212,28226.130205014997,0.0,105,26,17,105,0,0.0902864597429033,False,博迁新材,134.88,2026-09-08,2020-12-08,2026-09-08,,True,False,False,ok,7,0,959827.4772949879,0.0,True,0.013896263989292201,999245.04235876,982014.9652664869
605377,1000000.0,879035.6642087077,0.0,879035.6642087077,-120964.33579129225,43808.06829129496,0.0,116,41,22,116,1,0.15943971981995786,False,华旺科技,8.22,2026-09-08,2020-12-28,2026-09-08,,True,False,False,ok,9,0,879035.6642087077,0.0,True,0.024926359873504358,1000000.0,899101.2690019063
605378,1000000.0,959386.3244294678,0.0,959386.3244294678,-40613.675570532214,20381.52307053501,0.0,71,18,14,71,0,0.06674576978833768,False,野马电池,14.35,2026-09-08,2021-04-12,2026-09-08,,True,False,False,ok,6,0,959386.3244294678,0.0,True,0.010410238861304072,1000000.0,977495.359184556
605388,1000000.0,992253.8207748731,0.0,992253.8207748731,-7746.1792251268635,41278.98522513002,0.0,114,43,24,114,1,0.08985763085438865,False,均瑶健康,6.52,2026-09-08,2020-08-18,2026-09-08,,True,False,False,ok,5,0,992253.8207748731,0.0,True,0.019387249652789713,972268.4760831301,1000788.0895337313
605389,1000000.0,1062741.3802502176,0.0,1062741.3802502176,62741.380250217626,23116.922749784997,0.0,78,20,16,78,0,0.07629944386796998,False,长龄液压,66.18,2026-09-08,2021-03-22,2026-09-08,,True,False,False,ok,9,0,1062741.3802502176,0.0,True,0.012600167566621872,1000000.0,959705.8595233064
605398,1000000.0,946068.3865157218,0.0,946068.3865157218,-53931.613484278205,26647.554984279996,0.0,119,45,18,119,2,0.13279675523042453,False,新炬网络,25.38,2026-09-08,2021-01-21,2026-09-08,,True,False,False,ok,6,0,946068.3865157218,0.0,True,0.015909892628507533,1000000.0,902468.7062737562
605399,1000000.0,774249.3886673518,0.0,774249.3886673518,-225750.6113326482,30059.626332649987,0.0,117,34,16,117,0,0.2547497287977103,False,晨光新材,11.61,2026-09-08,2020-08-04,2026-09-08,,True,False,False,ok,5,0,774249.3886673518,0.0,True,0.01590078091731749,1022217.8376515001,852911.1746271709
605488,1000000.0,843293.4366531118,0.0,843293.4366531118,-156706.56334688817,25138.319346889995,675.0,87,28,12,87,3,0.1745917257894763,False,福莱新材,29.97,2026-09-08,2021-05-13,2026-09-08,,True,False,False,ok,7,0,843293.4366531118,0.0,True,0.011875984861443192,1000000.0,994439.4857757358
605499,1000000.0,1096852.8127857347,0.0,1096852.8127857347,96852.81278573466,45171.77331427103,6900.0,115,4,2,115,2,0.05018057718966969,False,东鹏饮料,120.2,2026-09-08,2021-05-27,2026-09-08,,True,False,False,ok,8,0,1096852.8127857347,0.0,True,0.021166761759729855,1000000.0,1026173.3837507671
605500,1000000.0,778895.2675502641,0.0,778895.2675502641,-221104.73244973586,35493.768449740004,0.0,85,46,37,85,1,0.2256097542439209,False,森林包装,7.57,2026-09-08,2020-12-22,2026-09-08,,True,False,False,ok,6,0,778895.2675502641,0.0,True,0.028026104655417272,1000000.0,918793.0867453818
605507,1000000.0,1026347.280216888,0.0,1026347.280216888,26347.280216887943,33716.815283115015,0.0,77,16,10,77,0,0.08702988972717562,False,国邦医药,15.51,2026-09-08,2021-08-02,2026-09-08,,True,False,False,ok,6,0,1026347.280216888,0.0,True,0.0165178913499824,1000000.0,961465.0881387108
605555,1000000.0,843639.193824732,0.0,843639.193824732,-156360.80617526802,22728.89217527,3919.9999999999995,80,26,7,80,1,0.16914466921939295,False,德昌股份,12.72,2026-09-08,2021-10-21,2026-09-08,,True,False,False,ok,5,0,843639.193824732,0.0,True,0.011697443666731196,1000000.0,998358.5565358455
605566,1000000.0,908610.1475612515,0.0,908610.1475612515,-91389.85243874846,25068.04543874999,0.0,78,17,10,78,1,0.10832677757543861,False,福莱蒽特,27.96,2026-09-08,2021-10-25,2026-09-08,,True,False,False,ok,5,0,908610.1475612515,0.0,True,0.012895438990742554,1000000.0,932639.3627496604
605567,1000000.0,865524.5364344959,0.0,865524.5364344959,-134475.46356550406,23306.842065505007,0.0,48,7,3,48,0,0.14065608532844753,False,春雪食品,9.83,2026-09-08,2021-10-13,2026-09-08,,True,False,False,ok,4,0,865524.5364344959,0.0,True,0.009595542919778356,1000000.0,935858.3980055158
605577,1000000.0,1107646.2896133333,0.0,1107646.2896133333,107646.2896133333,31629.27938667001,0.0,103,49,27,103,1,0.12341643746703186,False,龙版传媒,18.67,2026-09-08,2021-08-24,2026-09-08,,True,False,False,ok,5,0,1107646.2896133333,0.0,True,0.018842933466821424,1000000.0,1154353.709013826
605580,1000000.0,1001326.5295670728,0.0,1001326.5295670728,1326.52956707275,26052.08443293001,19310.0,84,45,34,84,1,0.06639846417377912,True,恒盛能源,25.05,2026-09-08,2021-08-19,2026-09-08,,True,False,False,ok,6,0,1001326.5295670728,0.0,True,0.016268150558820325,1000000.0,1029696.5544651661
605588,1000000.0,937089.9314251314,0.0,937089.9314251314,-62910.06857486861,22192.529574869994,230.39999999999998,103,31,13,103,2,0.09969493190866816,False,冠石科技,45.35,2026-09-08,2021-08-12,2026-09-08,,True,False,False,ok,3,0,937089.9314251314,0.0,True,0.01307610544226803,1000000.0,994853.3942955949
605589,1000000.0,957093.3391984717,0.0,957093.3391984717,-42906.660801528255,22072.485801529998,4510.0,75,19,10,75,0,0.0701215675814373,False,圣泉集团,38.47,2026-09-08,2021-08-10,2026-09-08,,True,False,False,ok,6,0,957093.3391984717,0.0,True,0.010620230492994768,1000000.0,973372.6480416956
605598,1000000.0,1107732.5393620972,0.0,1107732.5393620972,107732.53936209716,24923.442137905007,708.3340000000001,106,39,24,106,1,0.05964255740180767,False,上海港湾,25.69,2026-09-08,2021-09-17,2026-09-08,,True,False,False,ok,5,0,1107732.5393620972,0.0,True,0.014108796104489221,1000000.0,1037455.0464392605
605599,1000000.0,962069.8525343784,0.0,962069.8525343784,-37930.14746562159,38084.318965625025,24660.0,101,44,16,101,0,0.10880721001359547,False,菜百股份,15.0,2026-09-08,2021-09-09,2026-09-08,,True,False,False,ok,5,0,962069.8525343784,0.0,True,0.02263212741150912,1000000.0,973756.9798018913
